PatientID,Age,Gender,Ethnicity,EducationLevel,BMI,Smoking,AlcoholConsumption,PhysicalActivity,DietQuality,SleepQuality,FamilyHistoryAlzheimers,CardiovascularDisease,Diabetes,Depression,HeadInjury,Hypertension,SystolicBP,DiastolicBP,CholesterolTotal,CholesterolLDL,CholesterolHDL,CholesterolTriglycerides,MMSE,FunctionalAssessment,MemoryComplaints,BehavioralProblems,ADL,Confusion,Disorientation,PersonalityChanges,DifficultyCompletingTasks,Forgetfulness,Diagnosis
4751,0.43333333333333335,0,0.0,0.6666666666666666,0.31695983767539343,0,0.665183446892615,0.6333748644464042,0.1339308053483758,0.837564237073098,0,0,1,1,0,0,0.5842696629213483,0.2033898305084746,0.6155670540362063,0.03953779704328781,0.17103852716236256,0.3198021818705091,0.71560632496236,0.6521020910941265,0,0,0.1724861299888597,0,0,0,1,0,0
4752,0.9666666666666667,0,0.0,0.0,0.4730575413548849,0,0.227170399765976,0.762861666258067,0.05099453493117681,0.525021337145185,0,0,0,0,0,0,0.2808988764044944,0.06779661016949153,0.5408222779882175,0.9562048191713395,0.7380262380068207,0.6987109948507151,0.6872509886210914,0.712107901637427,0,0,0.25915355102918014,0,0,0,0,1,0
4753,0.43333333333333335,0,1.0,0.3333333333333333,0.11155301793699182,0,0.9782757528478502,0.7854084869837257,0.18189578996016242,0.9455970245193189,1,0,0,0,0,0,0.10112359550561797,0.9491525423728814,0.8945197410303332,0.6884969056573019,0.6222904867965198,0.09507248797892559,0.2451450579221378,0.5896972130289103,0,0,0.7119356769728167,0,1,0,1,0,0
4754,0.4666666666666667,1,0.0,0.3333333333333333,0.752162537293962,1,0.6107512468332409,0.843804366028875,0.7434426313800426,0.7319943461569437,0,0,0,0,0,0,0.3146067415730337,0.9322033898305084,0.06330167896575162,0.10108481294432782,0.6058507233122011,0.6499216950264796,0.4664104311480686,0.8968227293679162,0,1,0.6480936518186591,0,0,0,0,0,0
4755,0.9666666666666667,0,0.0,0.0,0.22847189288888722,0,0.9232043339301529,0.6317069862989022,0.07869815409750082,0.2658917358584924,0,0,0,0,0,0,0.0449438202247191,0.9661016949152542,0.5837814976915218,0.28476311568898766,0.4610190596687222,0.6888918571549405,0.45061915295292115,0.6046993455552141,0,0,0.0013405359088803847,0,0,1,1,0,0
4756,0.8666666666666667,1,0.3333333333333333,0.3333333333333333,0.6251235470095865,0,0.20703860459948842,0.020778194222933467,0.1577278454758576,0.5434732057737368,0,0,1,0,0,0,0.8764044943820225,0.03389830508474576,0.871375523413041,0.989107175696167,0.7386767505718578,0.6109164006181607,0.9174999687068477,0.5511885113137109,0,0,0.9015787512279309,1,0,0,0,0,0
4757,0.26666666666666666,0,1.0,0.6666666666666666,0.9357528424402448,1,0.032222685668599683,0.9269082389023225,0.5894510181509653,0.24595712445549228,0,0,0,0,1,0,0.5955056179775281,0.4745762711864407,0.7581107767920842,0.014959519775300927,0.5817922580442638,0.47515167028071753,0.06533369154465161,0.6064085979288237,0,0,0.9236463507254751,0,0,0,0,1,0
4758,0.5,0,0.0,0.3333333333333333,0.1507833353647068,0,0.6865274095652905,0.46533668717955917,0.8341726938206744,0.03511319548573677,0,0,0,0,0,0,0.30337078651685395,0.05084745762711865,0.008604542266206014,0.12951420319389909,0.7169994034142996,0.45821970508646664,0.3379654893089374,0.3402272277488385,0,0,0.45166562744631017,1,0,0,0,1,1
4759,0.4,1,0.3333333333333333,0.0,0.5133037212320148,0,0.6086790341390512,0.15302206786798334,0.6734932042877405,0.2910678009925429,0,0,0,0,0,1,0.30337078651685395,1.0,0.557120874178387,0.626540615007303,0.2884890765212637,0.28826036961477913,0.8609137874092879,0.739855527483843,0,1,0.07550602200215538,0,0,1,0,0,0
4760,0.9,0,0.0,0.0,0.8184245541682947,1,0.8018438181982562,0.6447593133831299,0.8085560084233518,0.5917991538464258,0,1,0,0,0,0,0.449438202247191,0.3050847457627119,0.8774963460720939,0.5360596794654989,0.6787937519924364,0.2682674696296089,0.9465428039731884,0.11489026386881453,0,1,0.45538075907999565,0,0,0,0,0,0
4761,0.9666666666666667,0,1.0,0.3333333333333333,0.9787970293778319,0,0.4907763334701798,0.8830628122166139,0.04251048326933845,0.6071936173975446,0,0,0,0,0,0,0.4606741573033708,0.4406779661016949,0.4965517244451132,0.7381427131782102,0.6042355315173469,0.3501169917822801,0.6566647647198002,0.8249802273985157,0,0,0.20179630664123108,0,1,0,0,1,0
4762,0.6,0,0.0,0.6666666666666666,0.29837321673356293,1,0.9655225709875117,0.3837234544192487,0.8278943944296321,0.7186167711978672,0,0,1,0,0,1,0.8426966292134831,0.6271186440677966,0.6970861840760851,0.5525049446455237,0.23764174717945474,0.8412367307100462,0.7070050859214477,0.5570305800954662,0,0,0.546682116384132,0,1,0,1,1,0
4763,0.8,1,0.0,0.3333333333333333,0.4707866726949428,0,0.5491499049087061,0.39809065912580216,0.7022785142342765,0.708725343450542,1,0,0,1,0,0,0.6179775280898876,0.05084745762711865,0.6960776842140542,0.654895271624084,0.9825602496161996,0.08902677264613235,0.07320158213289071,0.05148823969484641,0,0,0.9003858755310913,1,0,0,0,0,0
4764,0.6,1,0.0,0.3333333333333333,0.5548289966924675,1,0.5099592325920733,0.06286823334144598,0.1645713406623993,0.5553592492103132,1,0,0,0,0,0,0.5280898876404494,0.3728813559322034,0.47506341124106394,0.9641681124361218,0.07915394087974569,0.8788129075155386,0.2616805267232547,0.45120547152220414,1,0,0.1938606311427613,0,1,0,0,0,1
4765,0.13333333333333333,1,0.0,0.6666666666666666,0.51769351958934,0,0.10875794181586625,0.9726694026122592,0.5313712852962592,0.847812754598911,0,1,1,1,0,0,0.0449438202247191,0.6440677966101694,0.6503754153895946,0.9595472979935722,0.9353740293917356,0.6770163618093974,0.35953984426303487,0.6793938521859596,0,0,0.5505147579673305,1,1,1,0,0,0
4766,0.3,0,0.0,0.3333333333333333,0.12156085771247918,0,0.40599943320226434,0.2957666169229906,0.7569604190940293,0.4559065342937781,0,0,0,0,0,1,0.38202247191011235,0.2033898305084746,0.3640922631113183,0.31739376349022824,0.9913226846769286,0.5621862191137555,0.7573466702109636,0.3744063245454943,0,0,0.19101376198000933,0,0,0,0,1,1
4767,0.1,1,0.3333333333333333,0.6666666666666666,0.31276301817987695,1,0.22173880748928784,0.7190918192653,0.7928853746367184,0.10875043566420146,0,1,0,0,0,0,0.651685393258427,0.9491525423728814,0.3362694813158459,0.8734957761704388,0.3984113909139307,0.1981182382462331,0.23885392416107815,0.9369227411973979,1,0,0.13810112295148952,0,0,0,0,0,1
4768,0.16666666666666666,1,0.0,0.3333333333333333,0.053011367658494644,1,0.20812184932596925,0.13048164493345812,0.288273306869586,0.23907677323452245,0,0,0,0,0,1,0.7191011235955056,0.01694915254237288,0.22027358071612044,0.34078541385470806,0.24039734458747633,0.9282283010520055,0.6017455003118448,0.4020691913143705,0,0,0.2892097624679111,0,0,0,0,0,1
4769,0.4,0,0.0,0.6666666666666666,0.9175350087205505,0,0.46947833068508105,0.7135874433581993,0.33092510395935265,0.46481057998825576,0,0,0,1,0,0,0.47191011235955055,0.7966101694915254,0.4323887524578395,0.5469441696953748,0.01106022274359317,0.40726599889252113,0.51822044263273,0.5191148514434385,0,0,0.7497981255448889,0,0,0,0,1,0
4770,0.26666666666666666,0,0.0,1.0,0.20143155774856403,0,0.9218038627056013,0.40636756103622607,0.3355855955958524,0.5653456547731641,0,0,0,0,0,0,0.6067415730337079,0.6440677966101694,0.3009426827085776,0.8798694949824606,0.38254091411878455,0.006808343238872839,0.368160039912319,0.05353933746951816,0,1,0.6538299642856312,0,0,0,0,1,1
4771,0.7333333333333333,1,0.0,0.0,0.8491161823849733,0,0.2096778680861688,0.638822675963463,0.797054106195337,0.9201606771361204,0,1,0,0,0,0,0.33707865168539325,0.559322033898305,0.8121954893771888,0.2287253597624214,0.7047905451708499,0.8892818047161188,0.2994539570959052,0.6948742972683788,0,1,0.1686996595400698,0,0,0,0,1,1
4772,0.16666666666666666,0,0.3333333333333333,0.6666666666666666,0.901983969580746,1,0.6034813152351141,0.9137212243775215,0.3525714177208225,0.9289944150627494,0,0,0,0,0,0,0.9887640449438202,0.4915254237288136,0.4006483519196806,0.29316954106176296,0.6025765605078333,0.8976005025858022,0.013539742313805498,0.2748121149580342,0,0,0.3000287894335846,0,0,0,1,0,0
4773,0.7333333333333333,1,0.0,1.0,0.9035823536367518,0,0.29190638627871995,0.7685404446079493,0.9768978320664221,0.8750334497529821,0,0,0,0,0,0,0.33707865168539325,0.1864406779661017,0.5041020768543433,0.2477559941215023,0.29034301292614717,0.9007858829114462,0.6282625771651409,0.5884687364703444,0,1,0.9178979108997138,0,0,1,0,0,0
4774,0.7333333333333333,1,0.6666666666666666,0.3333333333333333,0.2786007938748011,0,0.16448688424386199,0.6942347656712439,0.32365312324881645,0.06835957521978613,0,0,0,0,0,0,0.1797752808988764,0.5932203389830508,0.3437510759602509,0.4001814924794248,0.08291887652445568,0.14135553946522653,0.5644069858858615,0.844954314481007,1,0,0.45719368583365666,0,0,0,0,0,1
4775,0.13333333333333333,1,0.0,0.3333333333333333,0.01796503327073902,1,0.48900766017592207,0.720698082015713,0.6215023905701217,0.4552059363663802,0,0,0,0,0,0,0.7078651685393258,0.3559322033898305,0.5948637503196325,0.9898767712265828,0.22143614526254082,0.7069209081201747,0.4330900501687138,0.24763457468460645,1,1,0.03723961851248249,0,0,0,0,0,1
4776,0.5666666666666667,0,0.3333333333333333,0.0,0.9652139968558691,0,0.04762355300284855,0.8950119845809071,0.003379910978680849,0.9303570274318747,1,0,1,0,0,0,0.2808988764044944,0.8813559322033898,0.9991669780651431,0.25298172742599934,0.7749689326151102,0.6561633311629398,0.8201557682191636,0.7712808802724066,0,0,0.6286286380309682,1,0,1,0,0,0
4777,0.4,1,0.0,1.0,0.7968859813667062,0,0.5216645609851369,0.6516713826445725,0.03974020257209696,0.2992116045121433,0,0,1,0,0,0,0.9775280898876404,0.01694915254237288,0.812539244857638,0.4436763822007393,0.20125434205912038,0.04961316339314994,0.6817771066402945,0.6603438230509098,0,0,0.3176168731887184,0,1,0,0,0,0
4778,0.36666666666666664,0,0.0,0.6666666666666666,0.13712573037049255,0,0.796369632237515,0.9999123094349073,0.2025356609330511,0.34812261613800494,1,0,0,0,0,0,0.4943820224719101,0.288135593220339,0.2660997471881128,0.15824416295210406,0.05066923216258652,0.1287910947436358,0.9574652888285531,0.6052297293262915,1,0,0.6173100514103491,0,0,0,0,0,0
4779,0.7666666666666667,0,0.0,0.3333333333333333,0.6382024211316234,0,0.2346599114566972,0.04397867126934321,0.12812815407079303,0.6447060894975063,0,0,0,0,0,0,0.19101123595505617,0.7457627118644068,0.24327224018105406,0.08810591153686283,0.8614668849998199,0.18457692919474786,0.9556421212926249,0.8156135739672081,1,0,0.21106758679672996,1,0,0,0,0,0
4780,0.6333333333333333,0,0.0,0.0,0.15205882417275018,0,0.4022644695728632,0.529748178324601,0.5364311407180105,0.7317757468055134,0,1,1,0,0,0,0.6179775280898876,0.1864406779661017,0.00901895900028145,0.9038164971698708,0.9056816039980873,0.6353422853362466,0.679076292318571,0.25718259837530416,0,0,0.9928982502067915,0,0,0,0,0,0
4781,0.43333333333333335,1,0.0,0.3333333333333333,0.6205023286709899,0,0.46330896345275896,0.818207214490894,0.7874635631476987,0.6142860620364569,1,1,0,0,0,1,0.2696629213483146,0.6271186440677966,0.3219196686682565,0.417287711786589,0.8611640117210838,0.9410987473515208,0.8227018662859198,0.27250705661806296,1,1,0.989306052826359,1,0,0,1,0,0
4782,0.23333333333333334,0,1.0,0.0,0.8884245852770503,0,0.6110720234919238,0.7789536207199143,0.6431605495782983,0.4572444402173196,0,0,0,0,0,0,0.5280898876404494,0.9152542372881356,0.801029985362525,0.45854601529701294,0.7257847538051663,0.6362654276445058,0.022986944456632012,0.9989969626421114,1,0,0.6009013730722728,0,0,0,1,1,0
4783,0.8,1,0.0,0.3333333333333333,0.7912501101286458,1,0.24496453550321995,0.7740493033809442,0.6240178351397554,0.2699421731270123,0,0,1,0,0,0,0.011235955056179775,0.5932203389830508,0.9072389766492004,0.23528300568348978,0.9543546159231636,0.8037859205941799,0.7007067057072472,0.6256177758443161,0,0,0.059777346896785565,0,0,0,0,0,0
4784,0.23333333333333334,0,0.0,0.3333333333333333,0.049839822623882736,0,0.8960639237889279,0.7914807160498939,0.7766574364099317,0.8363249197986615,0,0,0,0,0,0,0.0,0.06779661016949153,0.5755650361528719,0.974828126101476,0.1721529080606484,0.15037207159822572,0.500060868645978,0.3382003396062926,0,0,0.886385346703035,0,0,0,0,0,0
4785,0.2,1,0.3333333333333333,0.3333333333333333,0.10262780420729088,1,0.998868130709813,0.5017809964848519,0.3186296925610448,0.36050379648154945,0,1,1,0,0,0,0.30337078651685395,0.2542372881355932,0.9451025868675492,0.15329930876012365,0.12293167382263098,0.6983508565765033,0.26772071759890875,0.07833689129207509,1,0,0.8141115497226533,0,0,0,0,1,1
4786,0.3333333333333333,0,0.0,0.6666666666666666,0.3112124511634133,1,0.8914225962212287,0.3771663587345769,0.6631010319847127,0.14499056308945749,0,0,0,0,0,0,0.43820224719101125,0.288135593220339,0.11066034378786202,0.021896224504507834,0.5935693386082324,0.7007789401644602,0.6535949709102451,0.7404169437338141,0,1,0.9947685280128916,0,0,1,0,0,0
4787,0.8333333333333334,0,0.0,0.3333333333333333,0.8490335162238087,0,0.13266747409006233,0.39884527569711653,0.23978473956127588,0.8017226997116996,0,0,0,0,0,1,0.07865168539325842,0.0,0.515050923914639,0.27518439111271437,0.8188303221208061,0.8420134375578852,0.4702382088206332,0.031182583041199665,1,0,0.8744340430301217,1,0,0,0,0,1
4788,0.0,1,0.0,0.6666666666666666,0.6628199205188642,0,0.1739308352512013,0.4777316756480903,0.8857226375919959,0.2561952146321916,0,1,0,0,1,0,0.7528089887640449,0.6440677966101694,0.30273103229928183,0.05362862836392074,0.14030810579416372,0.5418693675243953,0.5547536725196941,0.654080946624933,0,1,0.760510750307535,1,0,0,0,0,0
4789,0.9333333333333333,0,0.0,0.3333333333333333,0.7513567465562909,0,0.6724312506340857,0.40085582370447714,0.42649686383730057,0.3408261359965086,0,0,0,0,1,0,0.8314606741573034,0.847457627118644,0.06411842216012059,0.8546616024300466,0.8862589252691638,0.5897608021245747,0.04923450990360526,0.3359311900746707,1,0,0.054555769021068595,0,0,0,0,1,1
4790,0.06666666666666667,1,0.3333333333333333,1.0,0.3940076450067085,0,0.6325109784802695,0.3834499593524462,0.45491824986869406,0.8054929797359973,0,0,0,0,1,1,0.5955056179775281,0.23728813559322035,0.24777566213839491,0.8372398142953724,0.30606583025275885,0.29966538995171804,0.5249216689155791,0.48007296258296134,0,0,0.24058435420462584,0,1,0,0,0,1
4791,0.6333333333333333,1,0.3333333333333333,0.3333333333333333,0.7454495639781978,0,0.49355610110060644,0.3616000662645392,0.8336397873440983,0.15599615688808152,0,0,0,0,0,0,0.7640449438202247,0.6101694915254238,0.4451195418720545,0.03733268830579384,0.1836877037573287,0.06277458816098541,0.6549799096949995,0.5748384196664643,0,0,0.7253606787189104,0,0,0,0,1,0
4792,0.6,1,0.3333333333333333,0.6666666666666666,0.7475081762144082,0,0.4463453981210263,0.36924357558524545,0.28639997940289785,0.5424744285311738,0,0,0,1,0,0,0.5955056179775281,0.03389830508474576,0.6485631850113657,0.5646335177963585,0.16182835028946452,0.37403478455396727,0.3347063476971859,0.32165143714098976,0,0,0.9551917994775334,0,0,0,0,0,0
4793,0.26666666666666666,1,0.0,1.0,0.6400501205317252,0,0.3037148135528805,0.3762393301767726,0.8164712910953033,0.2550247961524802,0,0,0,1,0,0,0.0898876404494382,0.6440677966101694,0.6613848189089886,0.5950806013821709,0.24010391033024045,0.9414676115976188,0.3384920801221227,0.5096013729843524,0,1,0.8890851849514438,0,0,0,0,0,0
4794,0.2,0,0.0,0.3333333333333333,0.90296809418702,0,0.11089930903819986,0.2916678199680537,0.9751891293029677,0.9568664698880806,0,0,0,0,0,0,0.033707865168539325,0.06779661016949153,0.8293069323026018,0.028244690688062124,0.19493921978330367,0.8244502235041085,0.4807532538215046,0.2193459945174095,0,0,0.2855957875163689,0,0,0,0,0,1
4795,0.7333333333333333,0,0.0,0.3333333333333333,0.1807859922107952,0,0.6699694123662412,0.4585661797442288,0.6756482975167997,0.9998934469886899,0,0,0,0,0,0,0.6404494382022472,0.6779661016949152,0.5237506042328129,0.8941017134906027,0.6722040341997308,0.8039902938552507,0.20810679206696656,0.4876205658593733,0,0,0.5295731430356114,0,0,0,0,1,0
4796,0.26666666666666666,1,0.0,0.3333333333333333,0.4721162394574615,0,0.9849629913305986,0.12235469158579092,0.7698207177014402,0.4524358463128037,1,1,0,0,0,0,0.1348314606741573,0.05084745762711865,0.8474156844349753,0.46656439107844755,0.8542893365316703,0.4679994462891665,0.5988822125008462,0.0,0,0,0.027464114367081394,0,0,0,1,0,1
4797,0.36666666666666664,0,0.3333333333333333,0.3333333333333333,0.025584626872998745,0,0.894764413283968,0.09284449160825739,0.49403804893213343,0.7455615522867393,0,0,1,0,0,1,0.3146067415730337,0.9322033898305084,0.8928436881071155,0.8534707700949737,0.0695674492276531,0.04077245967038797,0.44770303317093396,0.5083939675524684,0,1,0.14385626151830358,0,0,0,0,0,1
4798,0.3,1,1.0,0.0,0.05889179993838354,1,0.8978530708846773,0.030455064412690743,0.8952067113329275,0.2865258446721234,0,0,0,0,0,0,0.6179775280898876,0.7796610169491526,0.6007667500883687,0.3487874625068315,0.4085482740818061,0.4681632592225223,0.47343094534056884,0.8876740118671376,0,1,0.8051957108650175,0,0,0,0,0,0
4799,0.9,0,0.3333333333333333,0.6666666666666666,0.7392003365810672,1,0.7908726423098843,0.9349876175915017,0.9649882183725152,0.7006573919402762,0,0,0,0,0,1,0.4157303370786517,0.9152542372881356,0.7627709189832882,0.7900456166532862,0.66710041997967,0.4175024947388038,0.8613754133279206,0.2559198613423898,1,1,0.2596220409172339,0,0,0,0,1,1
4800,0.26666666666666666,1,0.0,0.6666666666666666,0.6814803690675695,0,0.15300187675961005,0.3602147146535419,0.29973974904242123,0.18681693445579023,0,0,0,0,0,0,0.2696629213483146,0.7796610169491526,0.8884826731803506,0.27723414417809245,0.5247309442393018,0.16410980125918959,0.5402552983552212,0.41013986677466074,1,0,0.372355549838646,0,0,0,0,0,1
4801,0.7,0,0.6666666666666666,0.6666666666666666,0.02524927008192611,0,0.7828568540311336,0.6855774507262978,0.015218615126021143,0.7255259255034086,0,0,1,0,0,0,0.8089887640449438,0.9830508474576272,0.7142901122457279,0.6895011554827309,0.34648380734692674,0.5222924093959125,0.49155932996253,0.02217453912525722,1,0,0.44226647106033345,0,0,0,0,0,1
4802,0.4,1,1.0,0.3333333333333333,0.9103206334767425,1,0.6832822459586672,0.1228456505390486,0.3586509883747357,0.7052361672940293,0,0,0,1,0,0,0.6179775280898876,0.5423728813559322,0.6859904358743598,0.8371242811544719,0.43130700014647894,0.8224888598635532,0.4850887224511756,0.6875255994183773,0,0,0.5545235517122565,0,0,1,0,0,0
4803,0.6333333333333333,1,0.0,0.3333333333333333,0.07083958646934446,0,0.862602083006483,0.6585381762393582,0.46972807371238956,0.6635112989351889,1,0,0,0,0,1,0.4943820224719101,0.5932203389830508,0.7808015232651345,0.808039263687334,0.6730320875559638,0.24577705459477556,0.9200577530820356,0.31670291428414127,0,0,0.28751045709688045,0,0,0,0,1,0
4804,0.03333333333333333,1,0.6666666666666666,0.0,0.9232853576201574,0,0.9997360851586045,0.987190478986773,0.19078929070767503,0.9517165330568981,0,0,1,0,0,1,0.0898876404494382,0.9491525423728814,0.4358103163550978,0.7298228574860725,0.9102212159819968,0.02723171409325241,0.6785436815996185,0.20963061298978178,1,0,0.9456541795465478,0,0,0,0,0,1
4805,0.6666666666666666,0,0.0,0.0,0.5267502262732804,0,0.24976329502578926,0.8204247868184906,0.44230792871934077,0.758926387825142,1,0,0,0,0,0,0.4157303370786517,0.8983050847457628,0.9015374744107879,0.6097373276273528,0.18143484240347352,0.42666458169642596,0.9978295990630898,0.11883229104937985,0,1,0.6772759538990389,1,0,0,0,0,0
4806,0.5666666666666667,0,0.0,0.0,0.5414907329176158,1,0.8239160508038723,0.8126828375457159,0.3697718194493147,0.022554534626322027,0,0,0,1,0,0,0.2696629213483146,0.1694915254237288,0.06493034533029744,0.3547604737538152,0.6863837292984283,0.20380360613255116,0.35717254025838213,0.2753733103424128,1,0,0.3800247407190552,0,0,0,0,0,1
4807,0.2,1,0.0,0.6666666666666666,0.2923053736433486,0,0.7217991032394536,0.8040364423725904,0.14271051049661673,0.9212071185309411,1,0,0,1,0,0,0.5168539325842697,0.7796610169491526,0.280979583415771,0.8440535570028004,0.5742725084266542,0.439464841374185,0.35465382822139413,0.3649671707557752,0,0,0.5215926993641828,1,0,0,0,0,0
4808,1.0,1,0.0,1.0,0.7363590545088181,0,0.7126167047533548,0.07834544257456612,0.21628947659198353,0.09633680954455355,1,1,0,0,0,0,0.16853932584269662,0.23728813559322035,0.7621560233463194,0.11563265575718916,0.25134208484587334,0.24641364067164903,0.7237500321277195,0.8011953155375504,0,0,0.7929093058097971,0,0,0,0,0,0
4809,0.7666666666666667,1,0.3333333333333333,0.6666666666666666,0.5598941885737017,0,0.7429779980713704,0.6041005464837675,0.9543805993184286,0.3185386478618298,0,1,0,0,0,0,0.1797752808988764,0.6101694915254238,0.7917351500972466,0.13415251367368572,0.7721892344680338,0.20177428370503733,0.38082781302284807,0.611914446642275,1,0,0.18166653768580907,0,0,0,1,0,1
4810,0.26666666666666666,0,0.0,1.0,0.8600548047841574,1,0.16460500671813305,0.9685872397491798,0.7788031027822568,0.6034225231513163,0,1,0,0,0,0,0.8314606741573034,0.3220338983050847,0.26842697227096646,0.8559494911994888,0.6785795811018789,0.03312181439654969,0.49383347092340524,0.8967298156410412,0,0,0.10143939047591362,0,1,0,0,0,0
4811,0.7333333333333333,1,1.0,0.0,0.9738349488660182,0,0.6680063173786238,0.6546613117115712,0.04622765729934775,0.9117778197495013,1,0,0,0,0,0,0.6741573033707865,0.06779661016949153,0.2245654271112397,0.3044275363485329,0.9051431496307608,0.11056958943352334,0.3951998866868056,0.7610021154229326,0,0,0.40665812933115997,0,1,0,0,0,0
4812,0.7333333333333333,0,0.0,0.3333333333333333,0.4334004955627141,0,0.9307107600677984,0.8162735813535997,0.9275771692786616,0.4250149494315015,0,0,0,0,0,0,0.11235955056179775,0.9491525423728814,0.8573897886015724,0.3074815285011065,0.141298250351693,0.8499439332126971,0.6714895824657462,0.5432095227637036,0,0,0.04157948383370866,0,0,0,1,0,0
4813,0.6666666666666666,1,0.0,1.0,0.4525823430959286,0,0.7662393389292455,0.23086875169248527,0.9088711112199699,0.011973878995817743,1,1,0,0,0,0,0.7415730337078652,0.8813559322033898,0.9389264234813288,0.5358851929268897,0.20005306234805378,0.4332088959502914,0.02047331350247733,0.7590657818303246,0,1,0.7826366771006822,1,0,0,0,0,0
4814,0.13333333333333333,0,0.0,0.6666666666666666,0.4608861610679828,0,0.8464635697937041,0.08232078292433832,0.9614832083815092,0.9977451854275163,0,0,1,0,0,0,0.0898876404494382,0.9322033898305084,0.8915250288678308,0.07673939129451551,0.7557966560408729,0.7780355238259579,0.38075513552670337,0.19582055126530307,0,0,0.997291171984086,1,0,0,0,0,0
4815,0.7666666666666667,1,0.0,0.3333333333333333,0.594364614201002,0,0.26762113652968084,0.3692497692531729,0.6077686384227553,0.7601182216739796,0,0,0,0,0,0,0.34831460674157305,0.9661016949152542,0.6738275392016958,0.651568294783008,0.08240508915225608,0.8757129493284717,0.2027796522971967,0.27600772954435354,1,0,0.952588082086729,0,0,0,0,1,1
4816,1.0,1,0.3333333333333333,0.3333333333333333,0.5276292812514171,0,0.5229708676244804,0.13520943964605786,0.4226800350686566,0.20110097995227552,0,0,0,0,0,0,0.0,0.4406779661016949,0.7407838685944792,0.7311629991733821,0.8283957475577163,0.9481551252278264,0.37450920066616744,0.810698280334866,0,1,0.3230753256222491,0,0,0,1,0,1
4817,0.8666666666666667,0,1.0,0.3333333333333333,0.5208051784848022,0,0.3499638815873786,0.009136954979892389,0.4203434102800404,0.8973024095733388,0,0,0,0,1,0,0.0449438202247191,0.8983050847457628,0.3364141964277639,0.5726263600820531,0.7369080689796058,0.8109366971768435,0.5912403037093106,0.3103446340044683,0,0,0.7971235720954555,0,0,0,0,1,0
4818,0.1,1,0.6666666666666666,0.6666666666666666,0.2817873065758679,0,0.66132558583213,0.8741875466911949,0.5423099017704743,0.0381943054491118,1,0,0,0,0,0,0.9325842696629213,0.5932203389830508,0.3954863335493761,0.672883998779807,0.3571512648354927,0.41503840328359254,0.11130701498065539,0.2006024634812268,1,0,0.7367057978172028,0,0,0,0,0,1
4819,0.7666666666666667,1,0.0,0.6666666666666666,0.5034247133808445,0,0.042323807285044035,0.3443410120945672,0.28189569645806734,0.3274476686895329,0,0,0,1,0,1,0.6067415730337079,0.559322033898305,0.40816337407091763,0.628497122203879,0.8027126788264918,0.7853560054420128,0.11401839400385924,0.2459547485445726,0,0,0.4538905742461817,0,0,1,0,0,1
4820,0.4,0,0.3333333333333333,0.6666666666666666,0.3547457050741077,0,0.30742884836153817,0.3879755627215138,0.0630980186375871,0.3435390949476733,1,0,0,0,0,0,0.797752808988764,0.5084745762711864,0.22561191165582184,0.2665386791778247,0.8088848844606117,0.18131846549802733,0.2759042619246534,0.262743528145874,0,0,0.9476573922410884,0,1,0,0,0,0
4821,0.13333333333333333,1,0.3333333333333333,0.3333333333333333,0.5161526225018607,0,0.1476437046714669,0.4859861951753572,0.034306002442425224,0.6645390488653109,0,0,0,0,0,0,0.9775280898876404,0.5084745762711864,0.8873766303070659,0.11756265279670859,0.4452502970279802,0.9759479605725976,0.06325031373378287,0.6840154885364829,0,0,0.18545818118904492,0,0,0,0,0,0
4822,0.9333333333333333,1,0.3333333333333333,0.3333333333333333,0.7426459947761045,0,0.5161168336239353,0.8502340219262194,0.6379340729938918,0.2575997649588016,0,0,0,0,0,0,0.449438202247191,0.3389830508474576,0.9796900712880371,0.5791541323290174,0.5302791221799781,0.7762845030598413,0.6232045454509632,0.9226909371519535,1,0,0.36832086240289724,0,0,0,0,0,1
4823,0.9666666666666667,1,0.3333333333333333,0.3333333333333333,0.5377429897389749,0,0.2191321187513598,0.9997635607836892,0.4282417335041436,0.5933765217942877,0,0,0,0,0,0,0.3258426966292135,0.6440677966101694,0.7897246219662278,0.5288694546810149,0.5353937607838625,0.44602373522944905,0.23776556911216593,0.15766083138723727,0,0,0.2999968411987666,0,0,1,1,0,1
4824,0.5,1,0.0,0.3333333333333333,0.34392974161534345,1,0.48313243020038543,0.011605268370308897,0.029347476324454985,0.23250368737917154,0,0,0,0,0,0,0.4157303370786517,0.5423728813559322,0.5183436047640704,0.8947257445105996,0.6730412182869048,0.6648621540352493,0.23173047482834092,0.6040277146594503,1,0,0.12848081726351931,0,0,0,0,1,1
4825,0.36666666666666664,1,0.0,0.3333333333333333,0.13943530448160804,0,0.48955016408886,0.48150443034105045,0.3420246726342092,0.7285194459010043,0,0,0,0,0,0,0.8202247191011236,0.576271186440678,0.26667390440765143,0.9280045385716721,0.5654897522780088,0.6532571919368262,0.8715951079101223,0.47581969196959667,0,0,0.18048322705056963,0,1,0,0,0,0
4826,0.8,1,0.0,0.6666666666666666,0.510524157180802,1,0.9350067843042892,0.9873624437837036,0.26820974901989214,0.7171182250226756,0,0,0,0,0,0,0.07865168539325842,0.9830508474576272,0.3067812543479091,0.5658390119674497,0.6858587559876184,0.28040201966046463,0.4309331236310791,0.28627480081619755,1,0,0.08738995385274648,0,0,1,0,0,1
4827,0.26666666666666666,1,0.0,0.3333333333333333,0.37939359230861747,0,0.7033491536137715,0.8121821766061497,0.98659321521565,0.3246250487735468,0,0,1,0,0,0,0.4044943820224719,0.5084745762711864,0.3789760065467484,0.016912477565558772,0.2478808094088156,0.5548661956245987,0.7548628817797387,0.5817308132060521,0,0,0.33006426281858026,1,0,0,0,1,0
4828,1.0,1,0.6666666666666666,0.6666666666666666,0.25135138724808137,0,0.16875828266343157,0.9289214399757786,0.260659240279843,0.8167363336634229,1,0,0,0,0,0,0.8876404494382022,0.2711864406779661,0.48968262436455673,0.5977429131018018,0.13702725444994088,0.40697751065727983,0.8196026561926693,0.7280707935784254,1,0,0.48591432209469154,1,1,0,1,1,0
4829,0.7333333333333333,1,1.0,0.6666666666666666,0.03600011215142861,0,0.8168705051981284,0.19153977972821112,0.6605199242871458,0.3574223349556151,0,1,1,0,0,0,0.0,0.8813559322033898,0.5615849255021447,0.1739091016963213,0.9601530882611851,0.35564903460950104,0.7015566437541865,0.3663464207572505,0,0,0.40130526234509883,0,0,1,1,0,1
4830,0.9666666666666667,0,0.6666666666666666,0.6666666666666666,0.922355657523823,0,0.9040637299383402,0.5209227541018074,0.12064144815678782,0.1850666401535452,0,0,0,0,0,0,0.20224719101123595,0.03389830508474576,0.015084371100826275,0.419654993516607,0.3337239964629632,0.6635032912257673,0.1941385248003948,0.1545669390841469,0,0,0.19507184948331197,0,0,0,0,0,1
4831,0.5666666666666667,1,1.0,0.6666666666666666,0.965407515386053,1,0.9364215591039486,0.8794933438276242,0.9315769357036876,0.25440755638642737,0,0,0,0,0,0,0.47191011235955055,0.847457627118644,0.7974256920546714,0.4159328791879208,0.8069769691451817,0.12285623197414787,0.5321776754904359,0.7850040591315983,0,0,0.9478988357276459,1,1,0,0,0,0
4832,0.36666666666666664,0,0.6666666666666666,0.3333333333333333,0.7029988848352732,0,0.16609235176717327,0.0951996905743813,0.11538529090971143,0.6776048188250973,0,0,0,0,0,1,0.7415730337078652,0.2542372881355932,0.71418415736321,0.9910089134273883,0.6836877969701372,0.3765154625587734,0.14843138189059907,0.7185540954128341,0,0,0.36095443936218397,0,0,0,0,0,0
4833,0.26666666666666666,0,0.3333333333333333,0.0,0.9360246510084509,0,0.24246677597426156,0.6445797967250882,0.7633692822761248,0.868203140058598,1,0,0,0,1,0,0.7640449438202247,0.4067796610169492,0.7539508269606322,0.7021696092698085,0.8672006347445582,0.6294811380649502,0.4736669094909379,0.6514869313223087,0,0,0.2725947358240569,0,0,0,1,0,0
4834,0.5333333333333333,1,0.0,0.3333333333333333,0.9726681524458148,0,0.9844205035674594,0.7648544364604906,0.34110548464057866,0.03519150560340817,1,0,0,0,0,1,0.06741573033707865,0.6779661016949152,0.23195921248605433,0.44461538350026275,0.32955125425075826,0.3056154289284515,0.9586831096504599,0.02753695706544193,1,0,0.7581370286260188,0,0,0,0,0,0
4835,0.3333333333333333,0,0.3333333333333333,0.6666666666666666,0.5943840044805783,0,0.04157801871188682,0.5531290350290291,0.9143281444840483,0.9614860018472997,0,0,0,1,0,0,0.02247191011235955,0.7966101694915254,0.8696484393679556,0.27016238605276705,0.31077292117472555,0.5811153646035837,0.7385050040871465,0.07819222215906609,0,0,0.03716238194180386,1,0,0,0,0,1
4836,0.36666666666666664,1,0.0,0.6666666666666666,0.3046224418423096,0,0.2719011505887941,0.4015008483401199,0.14344147498937274,0.5064731482660809,1,1,0,0,0,0,0.39325842696629215,0.9491525423728814,0.35568761611724387,0.4937887694004376,0.6722335357100535,0.4520974910039681,0.8462942542561575,0.498217457251974,0,0,0.5601385389803307,0,0,0,0,0,0
4837,0.9,1,0.0,0.0,0.23988248468856954,1,0.13013509744056875,0.7798209363045532,0.37459234199663555,0.2126811614089905,0,0,0,1,0,0,0.10112359550561797,0.03389830508474576,0.453829989985239,0.9960084393478607,0.39551847240295823,0.704480959820368,0.9791572761436262,0.11531735584336691,1,0,0.629754415289708,0,0,1,0,0,0
4838,0.5,0,0.0,0.6666666666666666,0.6728889680474873,0,0.6654656768067652,0.5333598415825695,0.6318331940324765,0.3598444054553384,1,0,0,1,0,0,0.6629213483146067,0.7627118644067796,0.04404471043086834,0.0843413937558579,0.2803930291871737,0.5970772199044735,0.030021669950310272,0.988579455582313,0,0,0.2380053005103198,0,0,0,1,1,0
4839,0.9,1,1.0,0.6666666666666666,0.6278488818238097,0,0.7117314098187433,0.08239380241505849,0.9801978189709792,0.7444659439715425,0,0,1,0,0,0,0.449438202247191,0.711864406779661,0.9661970763583067,0.6447282128817932,0.09067546719595213,0.8850162012042724,0.10671872047567127,0.8198105779183206,0,0,0.9196427672866859,1,1,0,0,1,0
4840,0.6333333333333333,1,0.3333333333333333,0.6666666666666666,0.3203984448272305,0,0.17914043779779265,0.8607262311513622,0.45269610550936623,0.9373100408541784,0,0,0,0,0,0,0.15730337078651685,0.7288135593220338,0.21562512650176235,0.44647816041234567,0.4158741974393995,0.15843224290907917,0.29498765453072934,0.6620129337943375,0,0,0.33664645780529134,0,1,0,0,0,0
4841,0.4666666666666667,0,1.0,0.3333333333333333,0.4570871875075333,0,0.8346141206804425,0.5374375998644764,0.9674128363353061,0.5152998368314197,0,0,0,0,0,1,0.6067415730337079,0.9830508474576272,0.05857106632137773,0.3631481470883184,0.14016848484166683,0.6746917122698678,0.6323457086334063,0.5493761101713374,0,0,0.4698538211666409,0,1,0,1,0,0
4842,0.36666666666666664,0,0.3333333333333333,0.6666666666666666,0.1613023363814171,0,0.974694305964584,0.8082273682606133,0.09662239850864159,0.8464350210240763,0,0,0,0,0,0,0.3595505617977528,0.8813559322033898,0.2100970473052264,0.08853654710543393,0.9453712253659848,0.9690896746720312,0.772342464224502,0.7022816106097622,0,1,0.46451761719892226,0,0,0,0,1,1
4843,0.23333333333333334,1,0.0,0.6666666666666666,0.7957405424749924,0,0.26612263133430075,0.2974692710436483,0.7477891970415521,0.34822208433449126,0,0,1,0,0,0,0.02247191011235955,0.7457627118644068,0.6910030574505771,0.4653818444157809,0.5388423007674085,0.8672166145902594,0.9298265459553909,0.7930709176420783,0,1,0.7765895886700147,0,0,0,0,0,0
4844,0.1,1,0.0,0.0,0.4279492008494228,0,0.24358284308298123,0.5493007663307626,0.8561727187763429,0.3783790179116885,0,0,1,1,0,0,0.8089887640449438,0.7966101694915254,0.007491357866564587,0.9072960878672848,0.8049770613690369,0.09250145165581986,0.7074944078689165,0.8551804887765139,0,0,0.8294911833465504,0,0,0,1,0,0
4845,0.13333333333333333,0,0.0,0.3333333333333333,0.12301823830021164,0,0.12869506084309917,0.8161975126717144,0.46373048315421217,0.6994823836386104,1,0,0,0,0,1,0.7865168539325843,0.8983050847457628,0.5868075290128375,0.18734961789768304,0.2832839873244213,0.24823014204475705,0.47976993215548536,0.7355306876343176,0,0,0.4116657836577294,0,0,0,0,1,0
4846,1.0,1,0.0,0.3333333333333333,0.7087832125653429,0,0.8291025921010107,0.38382948386303617,0.7503638318915224,0.7324744798146419,1,0,0,0,0,0,0.11235955056179775,0.9491525423728814,0.18687155723094342,0.5925840000863786,0.5461753843570349,0.9378467558839525,0.8698222987556736,0.12658731597265324,0,0,0.4677448416280553,0,0,1,0,0,0
4847,0.13333333333333333,0,0.0,0.6666666666666666,0.4864727683362207,1,0.7177508833884414,0.2520050017481741,0.6070740066167001,0.19907457790092606,0,0,0,0,0,0,0.1797752808988764,0.2542372881355932,0.6733431023594887,0.7823729184788466,0.3779559675581892,0.3465522468131627,0.30657940324475136,0.7363811783632611,1,0,0.9184340903049709,1,0,0,0,0,0
4848,0.23333333333333334,1,0.0,0.6666666666666666,0.3190018154986576,0,0.553760318598906,0.5145767803423538,0.7687069911666008,0.6855679538931368,0,0,1,0,0,0,0.48314606741573035,0.6101694915254238,0.3419672097397887,0.9534268263426581,0.04290903956521382,0.8735865458002067,0.39185499014784686,0.9012025254572816,0,0,0.7618044129441461,0,0,0,0,0,0
4849,0.9333333333333333,0,1.0,0.0,0.3087176457501074,1,0.685890477495677,0.29495748986493026,0.07800344834746935,0.3572862558630141,0,0,0,0,0,0,0.056179775280898875,0.4576271186440678,0.25702419644355545,0.9523077284683794,0.2265527313580146,0.6607045631856507,0.2611867941305721,0.17116481699427752,1,0,0.2441201298407464,0,0,0,0,0,1
4850,0.7,1,0.0,0.3333333333333333,0.003997124312132322,0,0.49298760091993893,0.37574513665286263,0.19849980173272777,0.9667539525924912,0,0,1,0,0,0,0.5280898876404494,0.1864406779661017,0.7784487720467391,0.49486010305260136,0.7239646229859608,0.4192252042171703,0.673948437406934,0.662620956082168,0,0,0.3540886487222859,1,0,0,0,1,0
4851,0.6,0,0.0,0.0,0.14143474169957237,0,0.24309256676547686,0.04775847898671624,0.5568046093588906,0.029486508462138922,0,0,0,1,0,0,0.550561797752809,0.22033898305084745,0.4613975378176069,0.13221820370970025,0.2023864734606011,0.7052798150657633,0.5305407669055436,0.3710497407327664,0,1,0.43198084143123655,1,0,0,0,0,1
4852,0.6333333333333333,1,0.3333333333333333,0.6666666666666666,0.1421457172648336,0,0.9641921178306369,0.04101856205751807,0.3497987279225355,0.6121389125640695,0,0,0,0,0,0,0.5617977528089888,0.847457627118644,0.028251494891304987,0.019892903498365044,0.5050689011224146,0.5142364419639922,0.8665693932916536,0.3585613292291272,0,1,0.5071888569650391,0,0,0,0,1,0
4853,0.36666666666666664,1,0.0,0.6666666666666666,0.2763994726686381,0,0.04783478306445572,0.86049079698607,0.7640357423794996,0.34235658944525255,0,0,0,0,0,0,0.8314606741573034,0.288135593220339,0.12597248379897855,0.1070737044817149,0.5663991484750664,0.3124904735402475,0.766441786417948,0.8842736599828347,0,0,0.05264792163251307,0,0,0,0,0,0
4854,0.9333333333333333,1,0.0,0.3333333333333333,0.06026739507946201,0,0.8165243395092667,0.100498737013848,0.4703274351493511,0.8970609465350668,1,0,1,0,0,0,0.24719101123595505,0.6271186440677966,0.3058711964390792,0.7280714665958264,0.6308184359102471,0.5070392884596338,0.8070502358561195,0.46631676053616133,0,1,0.4110176940599395,0,1,0,0,1,0
4855,0.03333333333333333,0,0.0,0.3333333333333333,0.8242201083953029,0,0.02585267002055097,0.036859388088446285,0.9092131884152462,0.2848595458381577,0,1,0,0,0,0,0.8314606741573034,0.3050847457627119,0.5503758101903812,0.28999891287712515,0.5646441659268131,0.2182204807095764,0.7679264105856904,0.36328411961421053,0,0,0.915814322731051,0,0,0,0,0,0
4856,0.6,1,1.0,0.3333333333333333,0.3261412720289922,0,0.5049288364619485,0.4102093505547002,0.38901111960788265,0.3281959684374867,0,0,0,0,0,0,0.6629213483146067,0.2711864406779661,0.5034426900774408,0.9782422008002798,0.5794966089159002,0.6973696594364198,0.981398191172609,0.4121928816424678,0,0,0.5248503483224567,0,0,0,0,0,0
4857,0.9666666666666667,0,0.0,0.0,0.7943095598772678,0,0.35066284053577634,0.02184321120296331,0.014424895922577015,0.6607764007243362,1,0,0,0,0,1,0.8202247191011236,0.3559322033898305,0.6259519956957518,0.03571822785314729,0.7223015229375094,0.41090424590998864,0.27273979080809696,0.39570821970764775,1,0,0.8036609216836637,1,0,0,0,0,1
4858,0.4666666666666667,1,0.0,0.3333333333333333,0.25580111190958527,1,0.658821870086812,0.9141119229552165,0.7271753974086684,0.9623864788739833,1,1,0,0,1,1,0.7303370786516854,0.3898305084745763,0.5310681467640748,0.9800925178757256,0.5574698828160646,0.9717942836502191,0.013390109770812992,0.14766121393795595,0,1,0.35345296692087624,0,0,1,0,0,1
4859,0.7666666666666667,1,0.0,0.0,0.5956993014232902,0,0.973375718832272,0.6299939984633947,0.17739027791344877,0.8149873829136245,0,0,0,1,0,0,0.07865168539325842,0.01694915254237288,0.9237017856696793,0.8747530236352193,0.5091979630824943,0.7508306048145856,0.4255275121928412,0.32306400670611296,0,0,0.021069802618665066,0,0,0,0,0,1
4860,0.0,1,0.0,0.6666666666666666,0.3988740176667046,0,0.92323132774939,0.37251998855713603,0.3790010885252591,0.23324952039290686,0,0,0,0,0,0,0.6404494382022472,0.864406779661017,0.08236416266022728,0.0817034330657898,0.35297113256970564,0.16351210646906258,0.7554687299896228,0.8042471155962231,0,0,0.6943213937441471,0,0,1,0,1,0
4861,0.5333333333333333,1,0.0,0.3333333333333333,0.7850999734543631,1,0.3433628617400252,0.6231282021362796,0.2294194541106887,0.3076516876014494,0,1,0,0,0,0,0.9775280898876404,0.6271186440677966,0.5032039132557549,0.8236692683025459,0.30283863978691056,0.596131078761816,0.08089906420882778,0.16736930485095758,0,0,0.7575208208723764,0,1,0,1,0,0
4862,0.9333333333333333,1,0.0,0.6666666666666666,0.2788554153473644,0,0.30946115338313795,0.2906066866092846,0.8067365912425917,0.9000832797239326,0,0,0,1,0,0,0.15730337078651685,0.7288135593220338,0.047817009927520526,0.41689074844030954,0.2900672150458193,0.24500458769827121,0.39065291064122126,0.4660947088926534,0,1,0.5636726186594326,0,0,1,0,1,1
4863,0.8333333333333334,0,0.6666666666666666,0.3333333333333333,0.731827387018632,0,0.7333141621453986,0.10308906764944437,0.5732361710980145,0.8603093713259421,0,0,0,0,0,0,0.7303370786516854,0.4576271186440678,0.359211496487282,0.8474996406421127,0.5326897550391684,0.6343038924399366,0.5386781154677425,0.772099632445213,0,0,0.21131542441560724,0,0,0,1,1,0
4864,0.3,1,0.3333333333333333,0.3333333333333333,0.02237192825510046,1,0.7422320474643496,0.8871010910375277,0.6743821606623215,0.7960454619579022,1,0,1,0,0,0,0.43820224719101125,0.1694915254237288,0.600350860859119,0.22879766720794795,0.7897536389276372,0.09031415295617767,0.5531918524250303,0.1103007347986922,0,0,0.14169780704238116,1,0,0,0,0,1
4865,1.0,1,0.0,1.0,0.9512657780009798,1,0.18622289792721766,0.5159651993867171,0.8335909131905958,0.12264080365420316,1,0,0,1,0,0,0.23595505617977527,0.1016949152542373,0.15310446826085733,0.9319842622416853,0.06841836270056688,0.4821207386243447,0.9699826948883816,0.48480580122948097,0,0,0.21644440750494426,1,0,0,0,1,0
4866,0.1,1,0.0,0.3333333333333333,0.3168354582689979,1,0.7612822807409503,0.9220298057640284,0.2270271417514227,0.8290919013270673,0,0,0,0,0,1,0.9213483146067416,0.9152542372881356,0.20261268479551484,0.2607472755804756,0.7212827680831806,0.6568319060978892,0.0925980154954769,0.47714017011795246,0,0,0.03520465217317827,1,0,1,0,0,1
4867,0.0,1,0.0,0.0,0.6007259149985824,0,0.3185612225848396,0.5376788076066386,0.44708671610715944,0.6755901893411767,0,0,1,0,0,0,0.7865168539325843,0.559322033898305,0.8389085563135297,0.4009553564985615,0.9668716932217782,0.747653471272167,0.3573314253915791,0.9977220821783012,0,0,0.6498797762873267,0,0,0,0,0,0
4868,0.0,0,0.0,0.0,0.7246119570280745,0,0.036046269385207386,0.43864689367614856,0.16052821041698215,0.16788729362872853,1,0,0,0,1,0,0.43820224719101125,0.7966101694915254,0.8643122593089084,0.8208298914377106,0.6308407939059253,0.8212966477201119,0.18350254463000534,0.28773600090118273,0,0,0.18210765196044104,0,0,0,0,0,1
4869,0.5666666666666667,1,0.3333333333333333,0.6666666666666666,0.1743399174378921,0,0.9123366505708516,0.14758259982642705,0.3475279571268224,0.5784770043558939,0,0,0,0,0,0,0.8539325842696629,0.559322033898305,0.9732280930756712,0.4326651543170763,0.7813870448127883,0.41479728047325465,0.7623822148942979,0.18046528105119783,0,0,0.8825757184372292,0,0,0,1,0,0
4870,0.7666666666666667,0,0.6666666666666666,1.0,0.061786852014804085,0,0.48546544515732987,0.8278983346307832,0.7118051111757383,0.9561010724711334,0,0,1,0,0,0,0.3146067415730337,0.9491525423728814,0.7927291427022153,0.6640407325049249,0.41127196074368405,0.08567829166726279,0.20206884500205438,0.8099271230043217,0,0,0.19790421567357241,0,0,0,0,1,0
4871,0.3333333333333333,0,0.0,0.3333333333333333,0.9857662493199711,0,0.18411649396976656,0.028235064252945564,0.5195026228409754,0.6136654063996931,0,0,0,0,0,1,0.02247191011235955,0.1694915254237288,0.8734721288616563,0.7980465671010096,0.9973571202689288,0.8387155135569585,0.5069423370441921,0.5826992901730913,0,1,0.8126032452206348,0,1,1,0,1,0
4872,0.8,1,0.0,0.3333333333333333,0.13982853847732807,1,0.5876953565067288,0.2678162056821354,0.9308588971668676,0.8233450166631354,0,0,0,0,0,0,0.06741573033707865,0.4745762711864407,0.7635355281711145,0.044559861934951484,0.3080110547252084,0.33965533168713946,0.17527006449936586,0.37573399519543155,0,0,0.3149311830790082,0,0,1,1,0,1
4873,0.3333333333333333,1,0.0,0.3333333333333333,0.8169183295419631,1,0.692124793584753,0.34366589850250395,0.38716045053858444,0.47721545745686833,0,0,0,1,0,0,0.10112359550561797,0.711864406779661,0.2507903853668315,0.7434487404625041,0.7572362451463918,0.9346472491648491,0.5555233469489154,0.4959601836497008,0,0,0.19467445448125922,0,1,0,0,0,1
4874,0.5,0,1.0,0.3333333333333333,0.26278707219786057,0,0.33432276631734587,0.2688464677267209,0.6333324981867221,0.7306684087886051,1,0,0,0,0,0,0.38202247191011235,0.01694915254237288,0.9274426691558786,0.8527056064139601,0.06348754649474059,0.9637155456144821,0.4638596866156602,0.28909634789909555,1,0,0.7959591803424707,0,0,0,0,1,1
4875,0.36666666666666664,0,0.0,0.6666666666666666,0.8822593310121108,0,0.9821498588355579,0.3025912542375754,0.7270285417527013,0.8104806627745393,1,0,1,0,0,0,0.449438202247191,0.576271186440678,0.8556759143009978,0.8672548017450115,0.5118939871620664,0.01808957587629198,0.36551696446632187,0.9716940752722423,0,0,0.572981557845754,0,0,0,0,0,0
4876,0.9333333333333333,1,0.0,0.0,0.6796553776270174,0,0.5151783997177184,0.12979237733623888,0.018847864144550173,0.6988732137441971,0,0,0,0,0,0,0.5730337078651685,0.2542372881355932,0.05842790463894101,0.14774482808915307,0.7497887883326652,0.12273098191105447,0.9218022242727291,0.8923158548228548,0,1,0.5171083123307386,1,0,0,0,0,0
4877,0.13333333333333333,0,0.0,0.6666666666666666,0.5924934774170786,0,0.6615497299191607,0.8392754450398412,0.15529893386663496,0.3797079030792573,1,0,0,0,0,0,0.20224719101123595,0.03389830508474576,0.824633618817871,0.4032171817691942,0.5071940653463868,0.6874383897099797,0.9120358268035844,0.9627507347081549,0,0,0.7474629187750297,0,0,1,0,0,0
4878,0.0,1,0.6666666666666666,0.0,0.7205542622448462,0,0.9467491389043321,0.45538531103857216,0.2907489158808485,0.48074806854983104,0,0,0,0,0,0,0.9550561797752809,0.3050847457627119,0.6984427031969738,0.5768372247207955,0.09889709946090539,0.13630041507229057,0.6169171699763176,0.6427890519332053,1,0,0.19522933070373022,0,0,0,0,0,1
4879,0.7333333333333333,1,0.3333333333333333,0.6666666666666666,0.8627381275735823,0,0.8258088361262036,0.47804574056623494,0.3741753921119758,0.3297513349868017,0,0,0,0,0,0,0.7415730337078652,0.6779661016949152,0.27628208077934097,0.8589276024248929,0.7185089373767058,0.33699129986524523,0.04678224788141399,0.12238123275329076,0,0,0.08968725629841041,0,0,0,1,0,1
4880,0.1,0,1.0,0.6666666666666666,0.2644480722634533,1,0.665525439196241,0.08336779637104243,0.0003675020518112395,0.21882971288464917,0,0,0,0,0,0,0.9662921348314607,0.423728813559322,0.2897638597996969,0.5149440158011879,0.7356966005540359,0.42228213761156064,0.20195356181301347,0.5574536077551786,0,1,0.8045811212387178,0,0,0,0,0,0
4881,0.5333333333333333,0,1.0,0.0,0.297241850720077,0,0.3821805567510461,0.9507617781115921,0.5784582479351621,0.6625952452421578,0,0,0,0,0,0,0.7303370786516854,0.559322033898305,0.11823125975589736,0.7910062527760784,0.3327054728893291,0.640762183882321,0.2110507493639985,0.14048872051340794,0,1,0.40077149098159054,0,0,0,0,0,1
4882,0.0,0,0.3333333333333333,0.3333333333333333,0.04753931318410757,0,0.2358859977691319,0.37622889804128806,0.33887930423871654,0.9394669246782575,0,0,0,0,0,0,0.9213483146067416,0.06779661016949153,0.8202307082400292,0.8323069789046327,0.8768911120070706,0.1939245855748917,0.6656565775070185,0.6286286114477556,0,1,0.7681691314007509,0,0,0,0,0,0
4883,0.6666666666666666,0,0.3333333333333333,0.6666666666666666,0.2837726038238811,0,0.5907788212359388,0.8297541443729008,0.7102620884087305,0.09307778534877409,1,1,0,1,0,1,0.8314606741573034,0.288135593220339,0.8496366489497071,0.43640123566172573,0.03676646716392532,0.4786393873675517,0.29569405079042554,0.5584066893082689,0,0,0.14290553787837282,0,0,0,0,0,0
4884,0.43333333333333335,0,1.0,0.3333333333333333,0.04797429621322031,0,0.8921354599576214,0.8494564235406483,0.8329700518284695,0.15278300867010508,0,0,0,0,0,0,0.34831460674157305,0.6440677966101694,0.15333114815151874,0.45239826304476916,0.6554523295455539,0.5967488692910082,0.19000077494505585,0.26105991961344693,0,0,0.6021294569321451,0,1,0,0,0,0
4885,0.2,0,0.0,0.6666666666666666,0.9098266740437321,0,0.3123428032124098,0.18946385204872523,0.4311898329345371,0.7990323327280526,1,0,0,0,0,1,0.0449438202247191,0.6101694915254238,0.2581448584446224,0.11327676379969837,0.604972272820529,0.055585419146710925,0.7198313985106576,0.9306154384980511,1,1,0.7767213821122262,0,0,0,0,1,1
4886,0.6,1,0.0,0.3333333333333333,0.07383681908168666,0,0.4802209041022407,0.7911786090739487,0.6626830416747598,0.5203883365417244,0,0,1,0,0,0,0.4606741573033708,0.6949152542372882,0.4161383523943286,0.6455093033792983,0.7500749805350415,0.13488743419473445,0.5938576631243592,0.257038308655719,0,0,0.5559069744279341,1,1,1,0,1,0
4887,0.5333333333333333,0,0.0,0.3333333333333333,0.66331586708566,0,0.3131096187925494,0.37003501690112356,0.7986555004294339,0.19582451464577239,0,0,1,0,0,0,0.23595505617977527,0.9491525423728814,0.34557548673651467,0.4130676437865897,0.27850229583899505,0.8380353575649393,0.34207858151066994,0.8082477830086631,0,0,0.25736454790620017,0,0,0,0,0,0
4888,0.0,1,0.0,0.3333333333333333,0.8303980509541562,1,0.7652167392840206,0.694916936628714,0.3922355622030577,0.9190515865197986,0,0,0,0,0,0,0.5842696629213483,0.13559322033898305,0.4731092396153975,0.8802959749289422,0.06037455468837858,0.4962059337911915,0.5598531300494649,0.19531335879988537,0,0,0.5645399097659916,0,0,0,0,1,0
4889,0.0,1,1.0,0.3333333333333333,0.6657523542534309,0,0.4685627024568888,0.7941368134847,0.33452469882920444,0.3738382303555987,0,0,0,1,0,0,0.6292134831460674,0.6101694915254238,0.4664641732148602,0.13356787526504002,0.15649625229787578,0.6770014726861635,0.16963090369328396,0.1067523146023462,0,0,0.7380714341695034,0,0,0,0,1,0
4890,0.6333333333333333,1,1.0,0.3333333333333333,0.809339359336022,1,0.8808147019235735,0.40827603327870443,0.8143181600462479,0.8241705015763175,0,0,0,0,0,0,0.16853932584269662,0.9491525423728814,0.514175042821516,0.31336974859084316,0.5302505770083361,0.8858108131006202,0.16458225937465953,0.6673984446472064,0,0,0.2448380723752388,0,0,0,0,1,0
4891,0.26666666666666666,1,0.0,0.0,0.7942042726610145,0,0.045016428900004506,0.47233012710120276,0.4213982067180548,0.03537362393417072,0,0,0,0,0,0,0.39325842696629215,0.5932203389830508,0.850679793654215,0.9998056569689091,0.014518810920988818,0.13899431619568453,0.303877136755672,0.19013804029620812,0,0,0.255231117623953,0,0,0,0,1,1
4892,0.4666666666666667,0,0.0,0.0,0.9295284032105992,0,0.4666215723698946,0.4351053908597154,0.758153919548034,0.9972634475006302,0,0,1,1,1,0,0.5056179775280899,0.711864406779661,0.0670139253267508,0.0783844028326715,0.7198112020026972,0.7474074571463101,0.9103529360847058,0.8555401575337163,0,0,0.8819670493299216,0,0,0,0,0,0
4893,0.7333333333333333,0,0.3333333333333333,0.6666666666666666,0.8012689241358589,0,0.9845030129786791,0.7743222578214973,0.8571669344263134,0.8949913292373987,1,1,0,0,0,0,0.12359550561797752,0.8305084745762712,0.6479739617333787,0.5297159243345607,0.9536199855349912,0.5018475083270986,0.7905366740997158,0.40581221086015684,0,0,0.7330492706514535,0,0,0,0,0,0
4894,0.4,0,0.0,0.3333333333333333,0.27227005424371853,0,0.18525024143651714,0.3367286494432877,0.4509392132685399,0.5489537262691451,0,1,0,0,0,0,0.5280898876404494,0.2542372881355932,0.5433760948696715,0.08802439473900703,0.13074126535517666,0.659985176909403,0.28855692116776066,0.6880312075961393,1,0,0.06649961228044378,0,0,0,0,1,1
4895,0.1,1,0.0,0.6666666666666666,0.44896318682325337,0,0.8380939179244975,0.7886811165730574,0.13476463442453046,0.009037270771101384,0,0,0,0,0,0,0.29213483146067415,0.8305084745762712,0.8411422904438998,0.7575991926277699,0.5950787103461842,0.8524960504665384,0.5398544882026053,0.556600369933816,0,0,0.9428269916000407,1,0,0,0,0,0
4896,0.6666666666666666,1,0.0,0.3333333333333333,0.474603777301063,0,0.6583535337525226,0.28511240840363633,0.847451014748019,0.055665633063873995,0,0,1,0,0,1,0.5168539325842697,0.03389830508474576,0.8341996930110576,0.3600970846032533,0.6368080935282547,0.22472988951447542,0.29468186334934426,0.9045314836070881,0,0,0.4038911475961306,0,0,1,0,1,0
4897,0.3,1,0.0,0.3333333333333333,0.6967582272264211,1,0.9589207827418413,0.48643422482103277,0.10983382414470526,0.8070531654576948,1,0,0,0,0,0,0.7640449438202247,0.847457627118644,0.32033449235459627,0.5489973063787261,0.3034121763720555,0.02913537233012648,0.2635381968655817,0.5064311909192682,0,0,0.16560224648427216,0,0,1,0,0,0
4898,0.7666666666666667,1,0.0,0.3333333333333333,0.08292246216752228,0,0.10595435498329041,0.6151371185500208,0.17444507922443972,0.37757664293448656,1,0,0,0,0,1,0.6292134831460674,0.8135593220338984,0.3070215745381207,0.5672763697123038,0.8848434381073692,0.5122721351232129,0.8160843907958868,0.576256004414759,1,0,0.3011790337032298,0,0,0,0,0,0
4899,0.13333333333333333,0,0.0,0.6666666666666666,0.41243628696448936,1,0.9852816859551091,0.6901159754082435,0.5967814403573826,0.19837196346958832,1,0,0,0,0,0,0.6179775280898876,0.1864406779661017,0.43507431876393465,0.6156362188384182,0.26939962586858984,0.4902683117603419,0.19608936670765303,0.9507165709109064,0,0,0.890094122540226,0,0,0,1,0,0
4900,0.2,0,0.0,0.6666666666666666,0.583752488796179,0,0.25456377300794797,0.7023080477986203,0.8289460789856847,0.7582254998312049,0,0,0,0,0,0,0.0,0.711864406779661,0.8666662704644944,0.692033760468707,0.829306239550925,0.5416778527768515,0.6933686643668111,0.24330960087298606,1,0,0.5246395885953045,1,0,1,0,0,1
4901,0.3,1,0.0,0.6666666666666666,0.33167554203934796,0,0.2578608640789666,0.662310044478713,0.6288216485623437,0.5851885233837247,1,0,0,0,0,0,0.4157303370786517,0.7796610169491526,0.48458466548835527,0.3238001239850074,0.8079163084639955,0.908654761825149,0.3794211721514924,0.4285821622070014,0,1,0.4732811795180076,0,0,0,1,0,1
4902,0.26666666666666666,1,0.0,0.0,0.5462079806345815,0,0.8813913338753678,0.6993818258616045,0.5664180646235466,0.40929949746451877,0,0,0,0,0,0,0.3707865168539326,0.8813559322033898,0.00792155402009094,0.8205249497614426,0.5158139483188677,0.0057426556140953815,0.6942790793950896,0.971372750331604,0,0,0.3396917311489664,0,0,0,0,1,0
4903,0.6333333333333333,1,0.3333333333333333,0.3333333333333333,0.7796288219547598,0,0.11797621894760245,0.8420076590082883,0.4969281994094839,0.8079364911181258,1,0,0,1,0,0,0.6966292134831461,0.1694915254237288,0.5883292255373025,0.08782873634777219,0.6878614476445132,0.7019399415723426,0.013100059141082306,0.19602865352421187,0,1,0.8827311016239834,0,0,0,0,1,1
4904,0.8,1,0.0,0.6666666666666666,0.02982847251385255,0,0.9231248365020106,0.5593568149038101,0.5467627251630351,0.6023123501332648,1,0,0,0,0,0,0.9438202247191011,0.847457627118644,0.2699919806069245,0.2017207174103563,0.8552794225313238,0.3933188969192125,0.7566977704913781,0.4171013738927638,0,0,0.03673360045746646,0,0,0,0,0,1
4905,0.5666666666666667,1,0.0,0.3333333333333333,0.09560943175175218,0,0.6863593263742683,0.5626764729761545,0.8114105458974462,0.11036968386293385,0,0,0,0,0,0,0.6067415730337079,0.7457627118644068,0.44365171860972535,0.19203473279588024,0.8319540497866174,0.32136352430784426,0.9542537697982922,0.04877952822971031,0,0,0.5736574827012325,1,0,0,1,1,0
4906,0.7333333333333333,1,1.0,0.3333333333333333,0.6645220113538886,0,0.41772202803880826,0.7832324349083516,0.19406055772003702,0.35723973480725724,1,1,0,0,0,0,0.6629213483146067,0.3220338983050847,0.09357387341824755,0.9217542333132946,0.10144642375086316,0.3218061890302584,0.5893739237196968,0.5244465851705973,0,0,0.2782962262670435,0,0,0,0,1,0
4907,0.9,1,0.3333333333333333,1.0,0.892823621391153,0,0.8433328189986604,0.272473250342003,0.39755207948276444,0.7631357151866074,0,0,1,0,0,0,0.1348314606741573,0.559322033898305,0.7634601382200279,0.9452574536069174,0.44538323954109543,0.8648855840641302,0.1502130257292393,0.9185139263849751,0,0,0.7155162009357389,0,0,1,0,0,0
4908,0.5666666666666667,1,1.0,0.3333333333333333,0.5335717737751673,1,0.9988783763856245,0.1951471366682816,0.0946293946483359,0.44985554339221034,0,0,0,0,0,0,0.7303370786516854,0.3220338983050847,0.10595122562594719,0.6361197678940599,0.48230165387081203,0.8526554173577792,0.1983338432812642,0.026090739471818017,0,0,0.8547942663012023,0,0,0,0,0,0
4909,0.26666666666666666,1,1.0,1.0,0.03144162235882473,0,0.4698730565359866,0.3841279233386141,0.2310871854445008,0.39918709268014835,0,0,0,0,0,1,0.20224719101123595,0.2542372881355932,0.269689746402342,0.03519817666127405,0.28886646375311376,0.8587217985282974,0.4493261168133704,0.09448209235722116,0,0,0.3250410761265059,0,0,0,0,0,1
4910,0.1,1,0.0,0.3333333333333333,0.4384578855780569,0,0.8690676927320563,0.6071359368238307,0.1730112811479754,0.8837416062757688,1,0,0,0,0,0,0.4044943820224719,0.03389830508474576,0.2361024729242946,0.17812107198864433,0.35728622275286037,0.6451709755260833,0.6013921012598236,0.8780451511072273,1,0,0.503846113726077,0,1,0,0,1,0
4911,0.8333333333333334,1,0.0,0.6666666666666666,0.31688113962755105,0,0.8797335780351869,0.511382454620185,0.5104845133357035,0.7724184379022094,1,0,0,1,0,0,0.0449438202247191,0.7796610169491526,0.6381682561882017,0.6224812647649681,0.45160915821914066,0.7909584001368118,0.20683131907674285,0.24198472518541153,0,0,0.3917895301291633,0,0,0,0,0,1
4912,0.1,1,0.0,0.6666666666666666,0.9920429770276807,0,0.324928572819502,0.0661984659719757,0.7560054311154729,0.3102336923012135,0,0,1,0,0,0,0.0,0.03389830508474576,0.5818028659137364,0.9107659998906297,0.2806414468762602,0.7009656958579055,0.4910253729686322,0.8460074598057747,1,1,0.8022124415836489,0,0,1,1,1,1
4913,0.9,1,0.0,0.6666666666666666,0.8697184839370709,0,0.8961692703603724,0.0065027867442722,0.2941555649634568,0.5968679023662798,0,0,0,0,0,0,0.5168539325842697,0.2711864406779661,0.7636232653853701,0.4348914170245904,0.3603665313091206,0.9998462984841211,0.04135659117157817,0.5788718947887107,0,0,0.5884488584917255,0,0,0,0,0,0
4914,0.3,0,0.0,1.0,0.4024351175815541,1,0.9901486481484276,0.14543781514613754,0.3891793366667441,0.20868734625118782,1,0,1,1,0,1,0.34831460674157305,0.3050847457627119,0.1154224546180545,0.1392525066268803,0.4785386634139226,0.08440439116613262,0.5351091214339595,0.6331617179227751,0,0,0.3635334141087686,0,1,0,0,1,0
4915,0.3333333333333333,1,1.0,0.6666666666666666,0.20720315932656083,0,0.7645820574103618,0.36566480330712836,0.055080385001598446,0.9626515659504785,0,0,0,1,0,0,0.6292134831460674,0.1016949152542373,0.28871160840990256,0.2657652301560094,0.055429496889883564,0.4819076666441406,0.9718188842215238,0.9164533262647733,0,0,0.6067370342994256,0,0,0,0,0,0
4916,0.1,0,0.3333333333333333,0.0,0.8913347625891322,1,0.30720515768242695,0.2524921707461769,0.9180611706641014,0.674495304694226,0,0,0,0,1,0,0.6067415730337079,0.4067796610169492,0.466360696563527,0.7027673827827542,0.5766775848297531,0.698711385518875,0.9195966967087308,0.27008771172464274,1,0,0.48782050131638655,0,0,0,0,0,0
4917,0.0,0,0.3333333333333333,0.3333333333333333,0.5105989584565185,1,0.9767417192277028,0.4441085159241625,0.4976643768885174,0.1876707572380766,0,0,0,0,0,0,0.7303370786516854,1.0,0.0983599460162543,0.1831968337138057,0.6173538383753184,0.8199166008234369,0.4318919953502891,0.3474123794289539,0,0,0.9768550599233599,0,0,0,0,0,0
4918,0.9,1,0.3333333333333333,1.0,0.9656083106824919,0,0.8582764800218146,0.5147190120296289,0.38896483008939164,0.6744290623945713,0,0,1,1,0,0,0.7415730337078652,0.7288135593220338,0.20264468398134905,0.3586874156274005,0.6485851613162773,0.2837585639839681,0.9397737455373545,0.592434208831003,1,0,0.5410369890806496,0,0,0,0,1,0
4919,0.36666666666666664,1,0.0,0.0,0.5132071577823586,0,0.6923430687665209,0.3600415319982776,0.9093523068868169,0.6691202051701197,0,0,0,1,0,0,0.4044943820224719,0.2033898305084746,0.5012782464695257,0.24513682719147672,0.7282846506085138,0.277016096651158,0.35862104853273674,0.4715994300382649,0,0,0.0921750817228525,0,0,0,0,0,1
4920,0.2,0,0.3333333333333333,0.3333333333333333,0.25373714092413774,0,0.8902925452112374,0.04010622647682838,0.6505881139425881,0.3891398205019708,1,0,0,0,0,0,0.651685393258427,0.4067796610169492,0.793863973324333,0.8488501146478737,0.7993759569106543,0.3165877527884397,0.5064077086402106,0.4766744901201868,0,0,0.7014732842963658,0,1,0,0,0,0
4921,0.7,1,0.0,0.3333333333333333,0.6016896687532913,1,0.23030200666480466,0.5231819169373958,0.7751168605546415,0.6508978910299996,0,0,0,0,0,0,0.7303370786516854,0.2542372881355932,0.9536888965258145,0.5968963460327283,0.5506893837260606,0.5938588232760954,0.5697692568741454,0.08789508050896462,0,0,0.349824823975121,0,0,0,0,0,1
4922,0.23333333333333334,1,0.0,0.3333333333333333,0.7168190166007726,0,0.3045637126518494,0.22445402465697034,0.6153703021685132,0.03823036010530452,0,0,0,0,0,0,0.3258426966292135,0.7457627118644068,0.12905214830097272,0.89267457467839,0.8807413231066582,0.1412085021646391,0.6212890302756762,0.4321542766712587,1,0,0.04216877026006888,0,0,1,0,0,1
4923,0.9333333333333333,1,0.3333333333333333,0.6666666666666666,0.6529707785081061,0,0.4502861456359803,0.8322631297366782,0.7250876498736519,0.4149832330490929,0,0,0,0,0,0,0.47191011235955055,0.3389830508474576,0.26768054201102476,0.06231376141043507,0.3150617212234788,0.09945080740744232,0.5690213874510052,0.19242592324867006,0,0,0.3772608907338091,0,1,0,0,0,1
4924,0.2,1,0.0,0.6666666666666666,0.5492249971531655,0,0.141818109278918,0.28633957855175135,0.996439672544138,0.57318708683284,1,0,0,0,1,0,0.2247191011235955,0.01694915254237288,0.24605199605894149,0.08315762334932446,0.22692863851102602,0.012648524234101333,0.8631436790480608,0.8118905371380193,0,0,0.015359209071185511,0,0,0,0,0,0
4925,0.6333333333333333,0,0.3333333333333333,0.0,0.2310587257315896,0,0.49939026455183744,0.7642929282496469,0.17997051541676656,0.24192257648213025,1,0,0,0,0,0,0.4606741573033708,0.6101694915254238,0.4725939119825775,0.505618254752881,0.9760890478123022,0.9055167029952353,0.24196199304480195,0.179450525130742,0,0,0.5762590906362175,1,0,0,0,0,0
4926,0.9666666666666667,0,1.0,0.0,0.762891115829787,0,0.5185672974708601,0.40393643861105316,0.6920794138818597,0.1131519086022253,0,0,0,0,0,0,0.651685393258427,0.22033898305084745,0.3588230088759345,0.24911955319301804,0.5450911135507888,0.9968927936961963,0.8686561312215758,0.537755562271134,0,0,0.5148011726142925,1,0,0,0,0,0
4927,0.0,0,0.0,0.6666666666666666,0.7158747076706432,0,0.030333002866577696,0.4194198834049002,0.5983293444345222,0.8446704918934169,1,0,0,0,0,0,0.8089887640449438,0.0,0.9625844010650954,0.998941556998728,0.5906089408470222,0.3877314837490882,0.2418698625019279,0.7086865984927727,0,0,0.8910584057103977,0,0,0,0,0,0
4928,0.8,1,0.0,0.6666666666666666,0.7710443666300086,0,0.803430802616186,0.514578263976877,0.5902647794889656,0.9383611934205085,0,0,0,0,0,1,0.6741573033707865,0.01694915254237288,0.7967350547552855,0.5208355811949892,0.5070681821471464,0.283579457047815,0.8362404100909022,0.35492741001873873,0,1,0.915620578098822,0,0,0,1,0,0
4929,0.4666666666666667,1,0.3333333333333333,0.3333333333333333,0.6860352247689753,1,0.7403967165165534,0.37010415043602674,0.7392485267820185,0.9632937006019734,0,1,0,0,0,1,0.12359550561797752,0.847457627118644,0.655304342220513,0.6960174355308699,0.8477073501415376,0.3906052428788456,0.8924765737301821,0.6642683915125369,0,1,0.5942826539151024,0,0,0,1,1,0
4930,0.5,1,0.6666666666666666,1.0,0.22463198150432215,1,0.8853920866962605,0.31758016146365886,0.8080526891495022,0.8593589213514844,0,0,0,0,0,0,0.43820224719101125,0.8135593220338984,0.8447060912825664,0.8444827252213979,0.5826137232530081,0.043597062190046346,0.37574527142748637,0.5094018997240408,1,0,0.11678694855895795,0,0,1,0,0,1
4931,0.8,1,0.0,0.3333333333333333,0.5965638356394399,1,0.35590581962590445,0.5963555930272378,0.08919001105887195,0.6179570631779705,0,0,0,0,0,1,0.3595505617977528,0.03389830508474576,0.669510001439225,0.157646576609737,0.4764406061672916,0.4339060980562141,0.2803667904440389,0.7289555031958201,0,0,0.7554881359736544,0,0,0,0,0,0
4932,0.06666666666666667,1,0.0,1.0,0.37229822380869954,0,0.9016837158189704,0.4871910365006165,0.25330368956215527,0.8705277152524913,1,0,0,0,0,0,0.7191011235955056,0.5254237288135594,0.04921159712363731,0.5266929194489547,0.3583118585850658,0.2947329255958292,0.18041316191092158,0.9121643135139633,0,0,0.6624766370179901,0,0,1,0,0,0
4933,0.6,1,0.0,0.6666666666666666,0.370516840623532,1,0.9905298385969188,0.4431424986359644,0.02988609192500536,0.21251928298349665,1,1,0,0,0,0,0.8876404494382022,0.6949152542372882,0.9197011993712413,0.16200495362608333,0.35923533820373466,0.54173957526185,0.2670359910072731,0.9230689919483209,0,1,0.6683850260322268,0,0,0,0,0,0
4934,0.9666666666666667,0,0.0,0.3333333333333333,0.9257816566927519,0,0.2084214733001874,0.7498099659412477,0.0690545294028694,0.9310849274504772,1,1,0,0,1,1,0.7640449438202247,0.13559322033898305,0.636622681760197,0.11043988925551051,0.02944981287101144,0.6373238359375902,0.9231683661189636,0.0675418445256368,0,0,0.972319836218052,0,0,0,0,1,0
4935,0.7333333333333333,0,1.0,0.6666666666666666,0.0008973837031029772,0,0.38976266419860767,0.787898712360031,0.009794971599097002,0.6364088350238726,0,1,0,0,0,0,0.4943820224719101,0.288135593220339,0.6302016324452769,0.5738688110391913,0.7418441957857518,0.8630260141974132,0.6668073672566488,0.9151996913957425,1,1,0.9699526407424537,0,0,0,0,0,1
4936,0.3,0,0.0,0.3333333333333333,0.8117250467488487,0,0.623990972662466,0.4296876832496638,0.9735353484096066,0.46322306309000627,1,1,0,0,0,0,0.5842696629213483,0.5254237288135594,0.2891251585319919,0.6593886328039645,0.6323700378790813,0.4957889207551691,0.1891697201891523,0.36735283887780756,1,1,0.39158367453258364,0,0,1,1,0,1
4937,1.0,0,0.0,1.0,0.9867393521703242,1,0.34798915491710963,0.5607045024854929,0.7167779662958227,0.9181888332660952,0,0,0,0,0,0,0.3707865168539326,0.7288135593220338,0.6335226375841178,0.34647144594694596,0.42610665674973214,0.1292755411129405,0.2635098770860176,0.7186997808420091,0,0,0.6528483422784018,0,0,0,0,1,0
4938,0.5,1,0.0,0.3333333333333333,0.1584206506778726,0,0.9402033409709486,0.6424071133445842,0.2262689467986004,0.31931007479268936,0,0,0,0,0,0,0.8651685393258427,0.7288135593220338,0.9344806179649722,0.45566570530595607,0.5238402674618602,0.23862197276298713,0.29302749208461504,0.6287767763611622,0,0,0.594404347393747,0,0,1,0,0,0
4939,0.23333333333333334,1,0.3333333333333333,0.0,0.5720329025018422,0,0.6805256220297832,0.9308304805530674,0.34954346408334497,0.17782489844686414,1,0,0,0,0,0,0.4943820224719101,0.15254237288135594,0.43291778873995007,0.38584664642018507,0.2911183439230293,0.9828776427319961,0.7620333541561357,0.4626835646642315,0,0,0.7550905943031524,0,1,0,0,0,0
4940,1.0,0,0.0,0.0,0.9507046364069502,0,0.6884469507321365,0.7451200299800242,0.14760080891512442,0.3495092380380863,0,1,0,0,0,0,0.797752808988764,0.03389830508474576,0.16446458774628708,0.19269901262353215,0.8470413112792419,0.775635070046848,0.6125645455370242,0.7439799931993365,0,0,0.6506765664614095,0,0,0,0,0,0
4941,0.5,1,1.0,0.6666666666666666,0.37875405238466897,0,0.9227038211072628,0.803646720995843,0.4956004453661783,0.6771366643024265,1,0,0,0,0,0,0.2696629213483146,0.4067796610169492,0.3470660761655336,0.9357521950454611,0.5040086378752235,0.9329787135851807,0.5521262407161617,0.5805483895188831,0,0,0.7737948864243637,1,0,0,1,1,0
4942,0.5,1,1.0,0.6666666666666666,0.14995957263949133,1,0.42634471236908267,0.19274253070434919,0.013530780836286886,0.6155599185876347,0,0,0,0,0,1,0.1797752808988764,0.01694915254237288,0.010749097211138833,0.16017345343798667,0.23962842829086192,0.8589356579691474,0.39891503285095953,0.09213910359318568,0,1,0.6125573417482294,1,0,1,0,0,1
4943,0.9666666666666667,0,0.0,0.6666666666666666,0.6081805931612606,0,0.2718309090570124,0.39638813385861593,0.13160491964813167,0.776691905112075,0,0,1,0,0,0,0.07865168539325842,1.0,0.5464422717998217,0.5146754002129882,0.948597236847668,0.8621007413297955,0.5552556267296793,0.7873289617152829,1,0,0.8740125422087305,1,0,0,0,0,0
4944,0.8333333333333334,1,0.0,0.6666666666666666,0.09901305218307177,0,0.353847602392896,0.3248823990910863,0.2719107248348641,0.557329049359513,1,0,0,1,0,1,0.8539325842696629,0.3728813559322034,0.10696640526567984,0.10693837262329538,0.53037125726758,0.6275969354084893,0.6845778720072639,0.5469000733029746,0,0,0.9426233883716831,0,0,0,0,0,0
4945,0.0,0,0.0,0.0,0.8549516350255281,0,0.7122377808786661,0.9960416100912726,0.3580572515156004,0.25310719715757973,0,0,0,0,0,0,0.6629213483146067,0.0847457627118644,0.8561497705027296,0.30839517192959626,0.704704708264266,0.6258227199212252,0.7904761640254351,0.17984534143930206,0,0,0.07622821767704993,0,0,0,0,1,1
4946,0.9,1,0.3333333333333333,0.6666666666666666,0.9880288188226977,1,0.41268464495890544,0.8858694884050874,0.699912096147368,0.48562610712393306,0,0,0,0,1,0,0.9662921348314607,0.1694915254237288,0.34861913333715644,0.7212252862051557,0.2234905830783155,0.5506228752589152,0.8732654050093578,0.42732048178399,0,1,0.6182600254452845,0,0,0,0,0,0
4947,0.6,1,0.0,0.0,0.08449319163176455,1,0.7773178271282472,0.3718750226073591,0.2797864479103843,0.13440910115734914,0,0,0,0,0,0,0.8314606741573034,0.06779661016949153,0.963264284031296,0.917885236569644,0.45973752427677433,0.8292247582746355,0.1684864161988869,0.08791351637435092,0,0,0.19324669559004387,0,0,0,0,0,1
4948,0.26666666666666666,1,0.0,0.6666666666666666,0.7207675867242619,0,0.983028666275974,0.9106276001324305,0.3292178843840447,0.07583515964074115,0,0,0,0,0,0,0.02247191011235955,0.5254237288135594,0.5681615093428707,0.9489232750607726,0.9069984259622547,0.12021519855690779,0.7721441896875442,0.2174611547819662,0,1,0.5647656484118341,0,0,0,0,0,1
4949,0.5333333333333333,1,0.3333333333333333,0.6666666666666666,0.12346668360515735,0,0.19412987367020382,0.2041277444962638,0.1414076589211343,0.7569494135119821,0,1,0,0,0,0,0.8426966292134831,0.6271186440677966,0.30349867202182396,0.3526079916379408,0.11957580827356167,0.45233212014515123,0.3085223129489972,0.3111838338574684,0,0,0.5885847273567698,0,0,0,0,0,0
4950,0.5,1,1.0,0.3333333333333333,0.22471202232244666,1,0.2980734144974631,0.9887363157014954,0.14767281477206362,0.9072147045223806,0,0,0,0,0,0,0.011235955056179775,0.423728813559322,0.4775865223626124,0.0369910388940182,0.3131939934377496,0.30026784418891816,0.3176067524109344,0.11577220298682502,0,0,0.9117102647998924,0,0,0,0,0,0
4951,0.7666666666666667,1,0.0,0.3333333333333333,0.40180120182915646,0,0.9991811667776512,0.42392589046584833,0.8898219226750285,0.1693511015026577,0,0,0,0,0,0,0.7640449438202247,0.3728813559322034,0.8343094452255634,0.7134517706929178,0.25891635182192446,0.6648253198772317,0.4169919727588442,0.27629719192495195,0,0,0.40412501790749916,0,1,0,1,0,1
4952,0.16666666666666666,1,0.6666666666666666,0.6666666666666666,0.06494908776299697,0,0.6021011957094334,0.6736401865688728,0.8369419065762328,0.4194710724028614,0,0,0,0,1,0,0.6966292134831461,0.8305084745762712,0.5786117974738154,0.4379404601604796,0.20313724965576305,0.4544293583154389,0.662011206571939,0.8157620175099204,1,0,0.1119709677169346,0,0,0,0,0,1
4953,0.8333333333333334,0,0.0,0.6666666666666666,0.8293066693007193,1,0.9908783365382138,0.719285915517805,0.026449152845553436,0.23810604216098497,0,0,0,1,0,1,0.20224719101123595,0.423728813559322,0.4765008451746239,0.3328310327516965,0.3706631458044689,0.004705979543718949,0.6826972905532439,0.3108744258051299,0,0,0.08061543834689755,0,1,1,1,0,1
4954,0.16666666666666666,0,0.0,0.6666666666666666,0.538660255168968,1,0.9716235814552245,0.4022167308007106,0.5597138969394773,0.08481593147903246,1,0,0,1,1,0,0.19101123595505617,0.2711864406779661,0.8137030941117188,0.8034164383802046,0.5846839365519417,0.7747095372426658,0.29217668012095926,0.9482235859698706,0,1,0.8226530717845524,0,0,0,0,0,0
4955,0.23333333333333334,1,0.0,0.3333333333333333,0.9405338051657142,0,0.6558234307119393,0.018035250619818425,0.7856531808450934,0.8989598990955595,1,0,0,0,0,0,0.6292134831460674,0.03389830508474576,0.519126146796075,0.738329176006969,0.23550803367597659,0.6365705938395003,0.3039555833850722,0.45198197273589696,0,0,0.9522105034348242,0,0,0,0,0,0
4956,0.7666666666666667,1,0.0,0.6666666666666666,0.4664394555169981,1,0.296794060674887,0.3412685007426648,0.8772472109961746,0.07794285775820452,0,0,0,0,0,1,0.2247191011235955,1.0,0.9267280061619076,0.6795412097591278,0.13324678514574959,0.480567503688411,0.8012997842710012,0.4738978754202854,0,0,0.5236988067807484,0,0,1,0,0,0
4957,0.7666666666666667,0,0.0,0.3333333333333333,0.34360858823423945,1,0.8599037587340559,0.8409824861522488,0.37407881761104,0.801256211091911,0,1,0,0,0,0,0.5393258426966292,0.7457627118644068,0.5706166470190726,0.632308083828553,0.03128749163569248,0.5078121613810538,0.20234039094954803,0.5180481996519392,0,0,0.6683454834171595,0,0,1,0,1,0
4958,0.8666666666666667,1,0.3333333333333333,0.6666666666666666,0.5105604016729751,1,0.6925390709944118,0.64184003513929,0.20840129761671833,0.8819962671377269,0,0,0,0,0,0,0.449438202247191,0.03389830508474576,0.7887891053792501,0.2515019037113454,0.08783384918899217,0.2570202273552389,0.37224895463875646,0.8511883940208784,0,1,0.6598208896103419,0,0,1,1,0,0
4959,0.4,1,0.0,1.0,0.35146855343766986,0,0.1630517363238348,0.5176990251087096,0.8740718385089067,0.8965133029303151,0,0,0,0,0,0,0.7191011235955056,0.9830508474576272,0.7302499409340965,0.2955203228578689,0.4582525676567286,0.6550966670887917,0.9704556463756756,0.689454107801741,0,0,0.744079653010904,1,0,1,1,0,0
4960,1.0,0,0.0,0.0,0.126936699129731,0,0.8413975188859731,0.11399062769345795,0.9096443113375752,0.9376355131524722,0,0,0,0,0,0,0.3258426966292135,0.288135593220339,0.4137952287647191,0.5599085112252585,0.7834722573019652,0.8761560869319546,0.2053977415711629,0.19575780690241534,0,0,0.02804149629382063,0,0,1,0,0,1
4961,0.3,0,0.0,0.6666666666666666,0.11731947863437671,0,0.3860760829606259,0.7623541980126034,0.6175665168783997,0.8790479609136045,0,0,0,0,0,0,0.34831460674157305,0.4745762711864407,0.6568253880199676,0.5162117790825393,0.15761360511999703,0.13296644558638882,0.10168480010341395,0.4472193271631278,0,0,0.5845680753127375,0,0,0,0,1,0
4962,0.43333333333333335,0,0.0,0.3333333333333333,0.720331664183532,1,0.7030313358522474,0.3690768376608929,0.6050613029921896,0.01584763348791441,0,0,0,0,0,0,0.898876404494382,0.9830508474576272,0.339495013858,0.9641111137858337,0.9006872664120333,0.8026714298453765,0.00042384898828072066,0.937258147661388,0,0,0.6791225395423631,0,0,0,0,0,0
4963,0.4,0,1.0,1.0,0.45210733745869963,0,0.8046340353975827,0.6907836037965726,0.4360691200553223,0.04096571018517638,1,0,0,0,0,0,0.47191011235955055,0.423728813559322,0.5295617426681146,0.5713370467667501,0.8662195389053953,0.6491949997166367,0.8069606630864091,0.09836494067157932,0,0,0.5736953590336513,0,0,0,0,0,0
4964,0.8666666666666667,1,0.6666666666666666,0.6666666666666666,0.4753751273028063,1,0.10566857525322357,0.1647412771016168,0.9666812154666511,0.8401575622396152,0,0,0,0,0,0,0.550561797752809,1.0,0.9732818253886356,0.9106782656534337,0.5472440253018548,0.26193031174473896,0.7006162760230952,0.3248803151969055,0,0,0.3239167543999847,0,0,0,0,0,1
4965,0.7,1,0.6666666666666666,0.3333333333333333,0.5121424206836125,0,0.8355610852360479,0.07378533456223339,0.9212947740199103,0.9901443942716955,1,0,0,0,0,0,0.797752808988764,0.6271186440677966,0.11721578545943398,0.9388134027572728,0.6797353410702275,0.1971468986466125,0.8685079287782672,0.8224573984043863,0,0,0.29223528020004685,0,0,0,0,0,0
4966,0.6,1,1.0,0.6666666666666666,0.6660483338981379,1,0.21819227030799815,0.4073751398710208,0.935455826544193,0.7584969882376624,1,0,0,0,0,0,0.29213483146067415,0.11864406779661017,0.8322105567278857,0.2152380461640571,0.8221960882344439,0.2564847767369601,0.5057311490419769,0.8994002360990506,0,1,0.41221029889850735,0,0,1,1,0,1
4967,0.3,0,0.0,0.3333333333333333,0.3224055206469275,1,0.9881029876265787,0.09642267099693265,0.6909188965886294,0.023010594323612698,0,0,0,0,1,0,0.30337078651685395,0.8135593220338984,0.1483497466979026,0.21453216136008543,0.6385737300484868,0.39168865785200957,0.2926065644574959,0.6737157833351208,0,0,0.8807543225060419,0,0,1,0,0,0
4968,0.13333333333333333,0,0.3333333333333333,0.3333333333333333,0.942794859671723,0,0.6076171958776686,0.3732241847090603,0.0742098303029882,0.0729247052769324,0,0,0,0,1,0,0.5393258426966292,0.8305084745762712,0.5096436600491402,0.20158131991395317,0.22194679516332866,0.9456827352442266,0.4035031021403796,0.012075516910519566,0,0,0.3992328467724793,0,0,0,0,0,1
4969,0.7,0,0.0,0.6666666666666666,0.14578675524461795,0,0.12201477282199649,0.9935932205058089,0.7260744026291311,0.5076418105164614,1,0,0,0,0,0,0.8764044943820225,0.3050847457627119,0.3535267341850242,0.6502821992345772,0.271818108686494,0.514857524725459,0.9320610555361999,0.5487428676276183,0,1,0.4133217793949601,0,0,0,0,0,0
4970,0.9333333333333333,0,1.0,0.6666666666666666,0.10714153611811514,1,0.4974343057047972,0.27087184966573974,0.223342574963284,0.7130310840086,0,1,0,0,0,0,0.6853932584269663,0.22033898305084745,0.3843362431534588,0.48700403789993685,0.3302354293822292,0.4815568039615213,0.6707884434002783,0.4814343775107224,0,0,0.848085929658029,0,1,0,0,0,0
4971,0.3333333333333333,0,0.3333333333333333,0.3333333333333333,0.271047917301661,0,0.5852025528810421,0.41938610913750946,0.9241534742341606,0.9425230419109255,0,0,0,0,0,0,0.12359550561797752,0.0847457627118644,0.09517706363695362,0.20161809785203105,0.167739853316435,0.23287764789766952,0.5008766018433438,0.2694679275693573,0,0,0.8495494534652585,0,0,0,0,0,0
4972,0.3333333333333333,0,0.0,0.3333333333333333,0.004617614773149183,1,0.299077421512881,0.5843348540769843,0.5642688171128758,0.9208147473399807,0,0,0,0,0,0,0.19101123595505617,0.01694915254237288,0.4634755367164902,0.4198690274634065,0.05323773462141796,0.23873640087128334,0.7990586607159009,0.6913991183265713,0,0,0.7998928764793439,1,0,0,0,0,0
4973,0.9,1,0.0,0.0,0.009234497596800667,0,0.14744868303034117,0.28606747639235064,0.8105107258549892,0.6621305292349378,0,0,0,0,0,0,0.4943820224719101,0.2542372881355932,0.9747079791809271,0.2572904445246991,0.4212094460348322,0.5774397866690175,0.5232084504271496,0.7547924310992626,0,0,0.17688951510853126,1,0,0,0,0,0
4974,0.4,0,0.0,0.6666666666666666,0.980885949534728,0,0.7326999763324192,0.2622001593015078,0.9506792930949218,0.0010098964083010292,1,0,0,0,1,0,0.7865168539325843,0.3050847457627119,0.4901616918960649,0.6108716697594654,0.41640792583239916,0.7753873817143009,0.4976946703564259,0.6847894061688953,0,0,0.8402526856686864,0,0,0,0,0,0
4975,0.5333333333333333,0,0.0,0.3333333333333333,0.8661207537541451,0,0.17723244479565925,0.7230535526394198,0.7402226839231945,0.8217789287955094,0,0,0,0,0,0,0.10112359550561797,0.15254237288135594,0.30410237661105494,0.9269813421565214,0.5808309608542952,0.9212954369133879,0.032557410274672585,0.19661387688956408,0,0,0.0505264680569777,0,0,0,0,1,1
4976,0.5333333333333333,1,0.0,0.3333333333333333,0.5145926807007428,1,0.5337892232439813,0.8026935887212925,0.8282620359142663,0.855832718904433,1,1,0,0,0,0,0.10112359550561797,0.864406779661017,0.7359010874464909,0.783116116248009,0.5835530503959439,0.9870904167337989,0.10004432623044852,0.3385650826454279,0,0,0.020958569088820884,0,1,0,0,1,1
4977,0.3333333333333333,1,0.0,0.6666666666666666,0.5567382973111759,0,0.3217485370537676,0.11173853915929963,0.8236481674502407,0.33802692188462835,0,0,0,1,0,0,0.6404494382022472,0.8305084745762712,0.46079975160182196,0.4039357765479377,0.7070437991946299,0.7231933263341345,0.3903922347722954,0.7079419832377944,0,0,0.15930180292457385,0,0,0,0,1,0
4978,0.8666666666666667,1,0.3333333333333333,0.0,0.7462765403431362,1,0.7158061705524109,0.20412093236203016,0.34067662228756207,0.13043046776792372,0,0,0,0,0,0,0.9662921348314607,0.0847457627118644,0.797154549482802,0.2663979615679984,0.2976094672817874,0.029055686433242578,0.3276356648378008,0.7107855428709199,0,0,0.7071566549217884,0,0,1,0,0,0
4979,0.8,0,0.3333333333333333,0.3333333333333333,0.10262789192000056,0,0.8184503658332535,0.13160299573188763,0.6070165479305062,0.044414592068325924,1,0,0,0,0,1,0.5842696629213483,0.05084745762711865,0.379752570587931,0.17774496009435303,0.2814722773884393,0.3230673844091129,0.5948105545938457,0.73242554333654,0,0,0.14989201926893356,0,0,0,1,0,0
4980,0.4,0,1.0,0.6666666666666666,0.842818785487163,0,0.5458659629879891,0.3985836203153213,0.47223101475773066,0.334908408230546,0,0,0,0,0,0,0.4044943820224719,0.423728813559322,0.8448422657674842,0.889731583426182,0.05329481932831415,0.23052066222721054,0.20396813417121124,0.9717980836045537,0,0,0.004054391337066183,0,0,0,0,0,0
4981,0.2,1,0.0,0.3333333333333333,0.9896865162505138,0,0.09920116073599573,0.6082163064050612,0.8131146415827156,0.8716771498082388,0,0,0,0,0,0,0.7303370786516854,0.2711864406779661,0.8194518502017666,0.6130589338812081,0.508666392077052,0.221740471408095,0.8423495049146055,0.04640010702102183,1,0,0.2857277824890073,0,1,0,1,1,0
4982,0.36666666666666664,0,0.0,0.3333333333333333,0.3017167867409237,0,0.9085830419226354,0.629723407642442,0.0038318196102803243,0.728874436182006,1,0,0,0,1,1,0.42696629213483145,0.4745762711864407,0.5591072810159711,0.9799278930963722,0.7252871734116796,0.2854006515006631,0.5218609225591784,0.7318521082649307,0,0,0.07532071690816748,0,0,0,1,0,0
4983,0.0,1,1.0,1.0,0.2851861268783645,0,0.4003920577076764,0.5029895980939244,0.750455779408065,0.631044190300612,0,0,1,1,1,0,0.5393258426966292,0.4915254237288136,0.028635904606383475,0.1304457481977665,0.5417450022205577,0.9015385325497098,0.10352572152975358,0.07843335239190012,1,0,0.23285955864068136,0,0,1,0,0,1
4984,0.8333333333333334,1,0.0,0.0,0.5973936625918991,1,0.19486063429699882,0.8497851505673332,0.20199342089964065,0.8028740945772023,1,0,0,0,0,0,0.23595505617977527,0.4576271186440678,0.0024438508362409207,0.5419865731692217,0.7062083580588313,0.6381020658007375,0.8920846508639648,0.1279523870708411,0,0,0.5022161470193349,0,0,0,0,0,0
4985,0.3333333333333333,1,0.3333333333333333,0.6666666666666666,0.8183765288488912,0,0.5078186863489709,0.42385452406257584,0.41288501135301187,0.43947428907901576,0,0,0,0,0,1,0.6853932584269663,0.5423728813559322,0.5799466907456665,0.9074892959910904,0.2592622615718642,0.3113514758911118,0.1744931853405776,0.4934089097619298,0,0,0.9007673910723205,0,0,0,1,0,0
4986,1.0,0,0.3333333333333333,0.0,0.09409105033396109,1,0.1769257012860923,0.9257261655003346,0.924109775954884,0.6652245426425308,0,0,0,0,0,0,0.6629213483146067,0.4915254237288136,0.8530733379202516,0.5892139118664461,0.36208097795756317,0.2495595980568538,0.049359149859184395,0.041088889532490964,1,1,0.9558139196110933,0,0,0,0,1,1
4987,0.9666666666666667,1,0.0,0.3333333333333333,0.4458162561732408,0,0.4777445493980822,0.2632719026885272,0.9168943088085018,0.48250623803681164,0,0,0,1,0,0,0.5730337078651685,0.6949152542372882,0.5347945099106489,0.7256568576069564,0.15297991849500725,0.30351303921366846,0.3834415675827776,0.9559003085416965,0,0,0.36311393513022744,0,0,1,0,0,0
4988,0.5333333333333333,0,0.0,0.6666666666666666,0.4015585656923089,0,0.1525329805621273,0.2833765310585891,0.7883009034824348,0.6766946755903741,1,0,0,0,0,0,0.9775280898876404,0.7457627118644068,0.7574731895962876,0.5068164481033474,0.6624962465387234,0.32943257620216204,0.7725656179302769,0.288727856778409,0,0,0.5758410523800579,0,1,0,0,0,0
4989,0.3,0,0.0,0.3333333333333333,0.45891641945173295,0,0.23171397697429053,0.5568892156653042,0.1409514674943802,0.6994980539995416,0,0,0,0,0,0,0.30337078651685395,0.0847457627118644,0.61917387975728,0.20977909256190647,0.5204756180998712,0.8464605158151975,0.7028412070441065,0.9522162632608844,0,0,0.8821477927453283,0,0,0,0,1,0
4990,0.23333333333333334,1,0.3333333333333333,0.6666666666666666,0.5216699237431712,0,0.6945929239891141,0.7016677204831074,0.8860112885792519,0.5413442852484929,0,1,0,1,0,0,0.4157303370786517,0.6779661016949152,0.7446375959370425,0.4958938198706644,0.2483901856591693,0.38708945246204607,0.847752188130267,0.8011471576225567,1,1,0.23591824448682547,0,0,0,0,1,0
4991,0.8666666666666667,1,0.3333333333333333,0.3333333333333333,0.5497507178578913,0,0.6734744659788491,0.9370007853145623,0.006469017703177617,0.7614207449318632,0,0,0,0,0,0,0.8426966292134831,0.559322033898305,0.582482729420335,0.45672658599936306,0.28494459273961215,0.3285342745188998,0.6533202895832233,0.5470293230983041,0,0,0.17731688852992716,0,1,0,1,0,0
4992,0.5333333333333333,0,0.0,1.0,0.8274539172503802,0,0.04618896221183117,0.04439504518021429,0.4799277136795039,0.1710895716505454,0,0,0,0,0,0,0.550561797752809,0.711864406779661,0.40310141673747346,0.8591502655957868,0.09053979569074307,0.8224491475213563,0.5042495354776704,0.10755226463837993,0,0,0.914323789451222,0,0,0,0,0,0
4993,0.8333333333333334,1,0.3333333333333333,0.6666666666666666,0.4661322215379326,0,0.08032109235749735,0.402621667505409,0.7265178459906454,0.819841238193081,1,0,0,0,0,0,0.4157303370786517,0.4576271186440678,0.7067727455333265,0.49888403468257636,0.9148409299427256,0.7632136964143134,0.8816500498491098,0.46074295208230015,0,0,0.989286605015156,0,0,0,0,1,0
4994,0.3333333333333333,0,0.0,0.6666666666666666,0.32729638846641557,0,0.422720282262633,0.61913533442378,0.992865255913179,0.024300807995042566,0,0,0,0,0,1,0.8089887640449438,0.06779661016949153,0.3544809164537835,0.6002066863563887,0.5403194334830879,0.7499662163062302,0.8068421236241533,0.4226362172834638,0,0,0.5454160631538668,1,0,0,0,1,0
4995,1.0,0,0.0,0.0,0.6410309406085613,0,0.44324695101313377,0.9564537248504882,0.25903438133424284,0.7604091287789645,0,0,0,0,0,0,0.5730337078651685,0.0847457627118644,0.6194357790036381,0.8842494828144963,0.6558042472499666,0.61053258924188,0.7279958125853826,0.9603338912535072,1,0,0.128348202208463,0,0,1,0,0,1
4996,0.03333333333333333,0,0.3333333333333333,0.3333333333333333,0.9870269551963761,0,0.3815173788402819,0.4202004660645264,0.3078179700196862,0.9481113306944245,1,0,0,0,0,1,0.33707865168539325,0.847457627118644,0.2211514345789873,0.2142851380142898,0.6101060350661381,0.7037524039038814,0.6162794953511729,0.4687466106454895,1,0,0.1476325943269705,0,0,0,0,0,1
4997,0.8,1,0.0,0.6666666666666666,0.9189161833953562,0,0.18413407579507196,0.26890257661029165,0.297229736216902,0.02254424398755456,0,0,1,0,0,0,0.550561797752809,0.5254237288135594,0.26321801856348165,0.8976556509659785,0.9315048979366202,0.4508865069693567,0.6097749080444227,0.9197965480076286,0,1,0.46296731606109626,1,1,1,0,1,1
4998,0.4,0,0.0,0.0,0.7044644211026692,0,0.7794403960914416,0.4153141865353961,0.3635693240795168,0.43532051528710597,0,1,0,1,0,0,0.2696629213483146,0.15254237288135594,0.09782321776805339,0.6888266105186602,0.45393473736632106,0.4671333992634904,0.703444957817156,0.5108422376207808,0,0,0.9292644901953221,1,0,0,0,0,0
4999,0.2,1,0.3333333333333333,0.0,0.8096006952464863,0,0.8797828217872157,0.8650975140430899,0.8724286225608989,0.20233873110236397,0,0,0,0,0,0,0.6966292134831461,0.9830508474576272,0.6596860846966002,0.8500492180221995,0.973787196661581,0.4621014698783301,0.4209737397335084,0.5340704897721299,0,0,0.6036544645119402,0,0,0,1,0,0
5000,0.26666666666666666,1,0.0,0.0,0.276633680877366,1,0.3271748277667523,0.7886091628754195,0.7984909561416045,0.6566273529513039,0,0,0,0,0,0,0.6966292134831461,0.9491525423728814,0.4473576461289102,0.7956604502510207,0.43243753175396993,0.6157945078967771,0.02495160004819459,0.4489417275871734,0,0,0.30372449381712824,0,0,0,0,1,1
5001,0.3333333333333333,0,0.0,0.0,0.8977470843132161,1,0.8063656220909724,0.7897829749748824,0.7360353822344216,0.20073063412738343,0,0,0,0,0,0,0.10112359550561797,0.23728813559322035,0.2533546893681397,0.9597959974901054,0.7240450924167567,0.9995705735629113,0.5895425064674933,0.0019976472011954444,0,0,0.17039634975750356,0,0,0,0,0,1
5002,0.9333333333333333,1,0.0,0.3333333333333333,0.9599029551237812,0,0.8934188527484483,0.9762689440626925,0.9782272276885107,0.16060478979707354,0,0,0,0,1,0,0.5955056179775281,0.9491525423728814,0.3858926474220261,0.7141305511326267,0.6707570989145305,0.3332343203248495,0.9885646735473244,0.9862537775783099,0,0,0.03727837807390584,0,0,1,0,1,0
5003,0.6333333333333333,0,0.6666666666666666,0.3333333333333333,0.47187078501288443,0,0.30054015867581696,0.14971235257347304,0.013062152970931261,0.06075953303248785,0,0,0,0,0,0,0.7415730337078652,0.8813559322033898,0.21079904093447357,0.045145016978414845,0.2383053915520084,0.06412769051000539,0.17324525376349548,0.6464815678081093,0,0,0.11697633751438989,1,0,0,0,1,0
5004,0.7333333333333333,1,0.0,0.3333333333333333,0.5342888230247327,0,0.030814356991071004,0.7497561561841859,0.7681575946451626,0.9350971925189857,0,1,0,0,1,0,0.16853932584269662,0.423728813559322,0.3431513787936944,0.6948068110690491,0.0032574006399868267,0.3816947339242898,0.250720003948489,0.9360156271563465,0,0,0.6558336020343529,0,0,0,0,0,0
5005,0.6333333333333333,1,0.3333333333333333,0.0,0.4387768874533892,0,0.5003108223382345,0.07433833035086626,0.9356230324253992,0.14402521706454216,0,0,0,1,0,0,0.43820224719101125,0.3220338983050847,0.16743837388742852,0.5000218068527037,0.40170213665583343,0.5177957473090421,0.6581127342939498,0.6934117815127795,0,0,0.19267123287739404,0,0,0,0,0,0
5006,0.7333333333333333,0,1.0,0.6666666666666666,0.8143084039210837,0,0.7700872242456706,0.81576922840721,0.8718809906222942,0.7011265949336487,0,0,0,0,0,0,0.0,0.711864406779661,0.7163445159796065,0.8353495632752227,0.512055992394648,0.8301771600648987,0.4862905120966849,0.20812214971844376,1,0,0.18260975064304383,0,0,0,0,0,1
5007,0.3333333333333333,1,0.0,1.0,0.5717681467709744,0,0.37968066912492177,0.33656992536169544,0.6586393423736658,0.23844744083971545,0,1,1,0,0,0,0.8764044943820225,0.576271186440678,0.7731638350072395,0.8030134422303463,0.3066204478119803,0.07369014998713865,0.8820969299074419,0.44539212405920325,0,0,0.5724287224769463,1,0,0,0,0,0
5008,0.1,1,0.0,0.6666666666666666,0.22626347558274848,0,0.7545309830124466,0.030514340625828636,0.2392189881028641,0.4374416246237517,1,0,0,0,0,0,0.9550561797752809,0.6949152542372882,0.9659636660267076,0.18445569806112075,0.25983154399543124,0.566554891711923,0.5615657844753447,0.5112114063227969,1,0,0.36655132865189544,0,0,0,0,0,1
5009,0.9333333333333333,1,0.3333333333333333,0.3333333333333333,0.09853932487309384,1,0.9623390777418707,0.35072187733353705,0.18238905592995888,0.6540506028514573,0,0,0,0,0,0,0.5280898876404494,0.8813559322033898,0.7402048684419771,0.2456157662722619,0.80465978696961,0.6910138805640775,0.8585676761678228,0.9381959517567606,0,0,0.8066294068393471,0,0,0,1,0,0
5010,0.5333333333333333,0,0.3333333333333333,0.3333333333333333,0.3578940005967205,0,0.6897969152522978,0.7594815678521127,0.7043864955688343,0.8907030224966278,0,0,0,0,1,0,0.3595505617977528,0.9322033898305084,0.11110629020780853,0.3069976289115442,0.28205538297112104,0.8973969714457107,0.998647124189466,0.843081512522932,0,0,0.3116343495620856,0,0,0,0,0,0
5011,0.4,0,0.0,0.6666666666666666,0.7451641298801629,1,0.24175855638565766,0.9419433594549431,0.7816346556601315,0.6922036929100217,0,0,0,1,0,0,0.34831460674157305,0.9152542372881356,0.7461626570027572,0.15849064942642796,0.8305670746264334,0.6904205120926383,0.7373815719864635,0.7127508262824805,0,0,0.9773308055193445,0,0,0,0,1,0
5012,0.43333333333333335,0,0.0,0.3333333333333333,0.1009961083414242,1,0.22654604766098013,0.11296080088101502,0.20975154919326638,0.7959155408382901,0,1,0,0,1,0,0.14606741573033707,1.0,0.4763292502402143,0.7133258038702008,0.18789213618292855,0.2080222147414917,0.29988531823535947,0.6342207615405313,0,0,0.08002506846421732,0,1,0,0,0,0
5013,0.03333333333333333,1,0.0,0.6666666666666666,0.6415542490197924,1,0.13359771126103964,0.2577417867709786,0.808472936334321,0.7146264079107029,0,1,0,1,0,0,0.9213483146067416,0.5084745762711864,0.807713381307005,0.7335284593973969,0.6651560664298731,0.3655145135856282,0.5592866794078512,0.5437573801777683,0,0,0.8345392568263774,0,0,0,0,1,0
5014,0.8,1,0.3333333333333333,0.3333333333333333,0.6670236712256483,1,0.5163112300846749,0.6370626376009599,0.7246553554445786,0.604702195640449,0,0,0,0,0,0,0.3258426966292135,0.1694915254237288,0.16552603371823008,0.0681220611578756,0.945737205070666,0.7779047675744446,0.024100140955345878,0.135639549507648,0,0,0.8180703625632829,0,0,0,0,1,0
5015,0.7,0,0.3333333333333333,0.0,0.31677419333612605,0,0.46593754340520055,0.8928213536668863,0.38026261937841577,0.8736093435056325,0,0,0,0,0,0,0.7752808988764045,0.8305084745762712,0.8874926857413915,0.6226298045033777,0.39490130996898165,0.9014777824304397,0.03690155095905369,0.45962824974833694,0,1,0.8681850538608358,0,0,0,0,0,1
5016,0.7333333333333333,1,0.6666666666666666,0.6666666666666666,0.4451407975100964,1,0.7587372533093867,0.23873071139291815,0.9198747227675589,0.882748770757312,0,0,0,0,0,0,0.056179775280898875,0.15254237288135594,0.7168766490912355,0.12350012335308641,0.7845793783416829,0.9967995491471306,0.3811215711465216,0.1600905234597682,0,0,0.06537207570713065,0,0,0,0,0,1
5017,0.6,1,1.0,0.0,0.993707266254011,0,0.2210434555208606,0.9083276618024889,0.54059004051595,0.9716075026014661,0,0,0,0,0,0,0.4044943820224719,0.7966101694915254,0.3988248411051097,0.4363311551945252,0.6503738366116013,0.274060290803307,0.558509110187446,0.9582564187882776,1,0,0.8869775975996279,1,0,0,1,0,0
5018,0.23333333333333334,0,1.0,0.6666666666666666,0.8465622060499557,0,0.580754163429709,0.6934317782602113,0.6619267834737862,0.936450177976628,1,0,0,0,0,1,0.1797752808988764,0.864406779661017,0.3743253160489297,1.0,0.24722346987264998,0.12306137066311593,0.011979228417289252,0.1300568060696684,1,0,0.08788981090275437,1,0,0,1,0,1
5019,0.2,1,0.0,0.0,0.3596103705169306,0,0.9024806488138568,0.7073897557756104,0.7298944922779306,0.8078187679894595,0,0,0,0,1,0,0.898876404494382,0.3559322033898305,0.7543195913467632,0.4248324666496018,0.8289905557873974,0.010568236291205884,0.16636555789956525,0.10717928721983047,0,0,0.2519088060147242,0,0,0,0,1,1
5020,0.16666666666666666,0,0.0,0.3333333333333333,0.5746889617034242,0,0.47152059902831067,0.5280753671240662,0.9756728881033792,0.47587969863621105,1,0,0,0,0,0,0.7191011235955056,0.4745762711864407,0.342030390911261,0.11490519582830097,0.07381456414535437,0.7742229776456557,0.639309680237911,0.9066975990775947,0,0,0.11903200368552509,0,0,1,0,0,0
5021,0.7,0,0.0,0.6666666666666666,0.13393499147639207,0,0.6712328054069627,0.04651579104141683,0.6858954584102828,0.8291374640956409,0,0,0,1,0,0,0.16853932584269662,1.0,0.13981867817406393,0.2178849370087373,0.7854566724029484,0.9804994435860825,0.7042569897353514,0.5262425327563346,0,0,0.9779785517278579,0,1,0,0,0,0
5022,0.9333333333333333,0,0.0,0.6666666666666666,0.8989772147881034,0,0.11465722211781916,0.2888623084230448,0.03571715135186604,0.8079758282532689,1,1,0,0,0,1,0.8426966292134831,0.9830508474576272,0.4866348998748215,0.9085745497226684,0.2578888070598346,0.18476397295967306,0.6573936872283622,0.9706073734253212,0,0,0.46419264108063035,0,0,0,0,0,0
5023,0.9,0,0.6666666666666666,1.0,0.5121059833342628,0,0.2807802308630607,0.7510558789938343,0.9625615539569976,0.9419676747676191,0,0,0,1,0,0,0.21348314606741572,0.8135593220338984,0.6371405791526387,0.2856921697127091,0.7817093227211968,0.261269695933261,0.12210519309835861,0.7019132795798739,0,0,0.22374171981743818,1,1,0,0,1,0
5024,0.0,0,0.6666666666666666,0.3333333333333333,0.9731531837710478,0,0.5699611424755218,0.3988912825408423,0.6440182993371515,0.11695599451178793,0,1,0,1,1,0,0.5393258426966292,0.4915254237288136,0.926076645841969,0.9510199007234619,0.06435483430671576,0.40265378517287503,0.5283301013667544,0.7202591947015696,0,0,0.32288223173761843,0,0,0,0,0,0
5025,0.7333333333333333,0,0.0,0.3333333333333333,0.9998297048806142,0,0.28788887599394775,0.16800005227583925,0.48429112844883077,0.0912389092559695,1,0,0,0,0,0,0.9550561797752809,0.4915254237288136,0.20019432324654043,0.5567656906742162,0.10974301870274875,0.35401659597753105,0.5065009895410695,0.6422721212323285,0,0,0.014687159081267982,0,0,0,0,0,0
5026,0.26666666666666666,1,0.0,0.6666666666666666,0.754290534085989,1,0.19399864027188723,0.8096681008799473,0.45667305193273605,0.9089819621112791,0,0,1,0,0,0,0.19101123595505617,0.5423728813559322,0.5971360585367831,0.5129627553798506,0.7905580603718199,0.5755505107360267,0.9568981576242193,0.41380354540504993,1,1,0.959709808308955,0,0,0,0,0,0
5027,0.5,0,0.6666666666666666,0.6666666666666666,0.4788046974910733,0,0.4787551658499681,0.0005740937333697144,0.4592938069597636,0.012163166436333752,0,0,0,1,0,0,0.48314606741573035,0.1864406779661017,0.33734527992311175,0.722575668195148,0.3970231210717525,0.8194592818931572,0.06871038471734624,0.9765371003411747,0,0,0.7470329895291414,1,0,1,1,0,0
5028,0.0,0,0.0,0.3333333333333333,0.3208397676213519,0,0.5219828883502207,0.9060383241003611,0.8827223412675657,0.514866991741882,0,0,1,1,0,0,0.12359550561797752,0.7288135593220338,0.7660307111920899,0.35783334209631323,0.40693842339128483,0.48189324425604424,0.08994364460572242,0.06383388733664366,0,0,0.7330318423882486,0,0,1,0,0,0
5029,0.6666666666666666,0,0.3333333333333333,0.3333333333333333,0.3547968739820363,0,0.8972737949035091,0.9847691392736324,0.4177294396084119,0.2223012042388647,0,0,0,1,0,1,0.898876404494382,0.1864406779661017,0.5549945866658819,0.3855098677757082,0.0747478650401796,0.9607826624096057,0.1678424944291265,0.3872158157997675,0,0,0.014503994584072371,0,1,0,0,1,1
5030,0.13333333333333333,1,0.3333333333333333,0.0,0.7933496251781783,0,0.16877221982441798,0.8649167791237181,0.6892835247603786,0.2663149067489066,0,0,0,0,0,1,1.0,0.11864406779661017,0.40773584373170196,0.8154140367630255,0.25482230096180286,0.5914511338238603,0.8272061533395552,0.9256770977730899,0,0,0.8599299539738149,0,0,0,0,0,0
5031,0.7666666666666667,1,0.0,0.3333333333333333,0.9665174900253153,1,0.2702167051077079,0.30008530470493167,0.8012081511980241,0.764682445443727,0,0,1,0,0,0,0.5393258426966292,0.864406779661017,0.15132102321652122,0.8853542689106185,0.24486521160720195,0.23189553257374323,0.08731770638803903,0.7822275510620719,0,0,0.806554444138075,1,0,0,1,0,0
5032,0.26666666666666666,0,0.0,1.0,0.751724889531033,0,0.3760316092895588,0.27410352924729037,0.8307157378489164,0.9722809684590898,0,0,0,0,0,0,0.39325842696629215,0.864406779661017,0.26930994912142253,0.16911221611934138,0.24413273458478943,0.7593769763381825,0.803920495609283,0.030201921444156645,0,0,0.7542708581403459,0,1,0,0,1,0
5033,0.16666666666666666,1,0.3333333333333333,0.6666666666666666,0.40168815549349884,0,0.6591555148322195,0.9712181669270309,0.4468955060709852,0.09537538688089824,0,0,0,0,1,0,0.7415730337078652,0.847457627118644,0.8508713865382335,0.9229878000772619,0.3502408856113189,0.9104660212834406,0.8025640981505784,0.3487123413730033,0,0,0.022668632073104326,0,0,0,0,1,0
5034,0.8666666666666667,0,0.0,0.6666666666666666,0.17448747232637415,0,0.8064455547567057,0.3860359349384561,0.37015945778105985,0.8207645085002016,0,0,1,1,0,0,0.0,0.05084745762711865,0.35179679264746727,0.1863641089208047,0.7571943129164266,0.39834496691852045,0.0,0.7887639884573883,0,0,0.8590905171612281,0,0,0,0,1,0
5035,0.9333333333333333,1,0.0,1.0,0.7833850990206875,0,0.8256721951226667,0.37350769693408487,0.7068324347267175,0.27228976563504154,1,0,1,0,0,0,0.7640449438202247,0.6779661016949152,0.9073445531385297,0.2924275107055776,0.38258752189724776,0.32876797623792964,0.2843987204590588,0.7072589333701108,0,0,0.1648956336611447,0,0,0,0,0,0
5036,0.06666666666666667,1,0.0,0.6666666666666666,0.664390086449931,0,0.45241916541785476,0.09575327721574348,0.0714329125775739,0.09086833766216676,1,0,0,0,1,0,0.21348314606741572,0.3050847457627119,0.24126127571103084,0.2684263722498117,0.1810898607570766,0.6987260633450981,0.96447579861137,0.2850407427281542,0,0,0.7889447026724429,0,0,0,0,0,0
5037,0.7333333333333333,1,1.0,0.6666666666666666,0.32150716739726304,1,0.7760553406754395,0.13845207038221313,0.8444499160324334,0.6929690424598982,0,0,0,0,1,0,0.6629213483146067,0.7288135593220338,0.023555192512829396,0.040434739419809004,0.01904394290581145,0.4812263541047551,0.05904352088032966,0.7676695798422046,0,0,0.5851776813427525,0,0,0,1,0,0
5038,0.7666666666666667,0,0.0,0.0,0.6533432967187331,0,0.6954486705765818,0.7913875702745246,0.14732391861153588,0.5334249253604918,0,0,0,0,0,0,0.6179775280898876,0.9661016949152542,0.39599777515005113,0.7846024160412767,0.929005341241196,0.5114387542487969,0.08041912202908938,0.4108873867165124,1,0,0.7199663884720915,0,0,0,0,1,1
5039,0.03333333333333333,1,0.0,0.3333333333333333,0.2573942176425715,0,0.6191427753910587,0.1578702112607305,0.523616163868917,0.20334820558591554,0,1,0,0,0,0,0.797752808988764,0.5084745762711864,0.37009715401661636,0.21868233472309423,0.9015220492591467,0.44481486236083934,0.8044542939325636,0.06125089141665648,0,0,0.37973522201010945,0,1,0,0,0,0
5040,0.2,0,0.0,0.3333333333333333,0.33599677485805995,0,0.41642659410818406,0.6491070253056482,0.3931115272454976,0.6645520856411459,0,1,0,0,0,0,0.8539325842696629,0.8305084745762712,0.6697164731907205,0.08316717708152233,0.14922814894465358,0.5329026200645821,0.07243031804196763,0.4179864990215549,0,0,0.17539142663216561,0,0,0,0,0,1
5041,0.3,1,0.6666666666666666,0.6666666666666666,0.10492619015213396,0,0.13601392037093607,0.0995858158427116,0.18793034347539478,0.0018259714306598533,0,1,0,0,0,0,0.9887640449438202,0.3050847457627119,0.9089907701657525,0.8997524459856467,0.8451033928640381,0.0016751515042803514,0.4527251673860196,0.7558487914893979,0,0,0.6897981923551498,0,1,0,0,0,0
5042,0.4,0,0.0,0.0,0.5733959463594971,1,0.26269499388913,0.5104571913718757,0.11083404696418067,0.45646234812961356,0,0,0,1,0,0,0.7415730337078652,1.0,0.7246120622407962,0.876088019403499,0.061523032939207634,0.8769035846122892,0.592222499563232,0.5450903543405494,1,0,0.6139080162894696,0,0,0,0,0,0
5043,0.36666666666666664,1,0.3333333333333333,0.3333333333333333,0.7086443421252385,1,0.5099851016189354,0.8778161508843028,0.9893014874471282,0.9670805542428628,0,0,1,0,0,0,0.9438202247191011,0.4745762711864407,0.09392197258516828,0.011271687132243528,0.9042632570399698,0.7176839830361562,0.17268011455077073,0.7402212481347941,0,0,0.45752108733774505,0,0,1,0,1,0
5044,0.7333333333333333,0,0.0,0.0,0.39827433652606214,0,0.4932701158713889,0.7790984951182928,0.21326535129673002,0.14872141629336816,0,0,0,0,0,0,0.6404494382022472,0.7457627118644068,0.9677792493404973,0.8668580417488043,0.008584138785818016,0.542510139132264,0.8162465656423696,0.568167140437555,1,0,0.7011247352893558,0,0,0,0,1,0
5045,0.13333333333333333,1,0.0,0.6666666666666666,0.3371787591589905,0,0.5661274339825683,0.42295481254718004,0.3897612504136492,0.7416859175070882,0,0,0,0,0,0,0.30337078651685395,0.8135593220338984,0.7003159276565247,0.13417369187844394,0.9007996066882831,0.7048187110155965,0.7337274120638809,0.7246750031710025,0,0,0.28161904338751975,0,0,0,0,1,0
5046,0.16666666666666666,0,0.3333333333333333,0.3333333333333333,0.433526282868387,0,0.36585423427299735,0.6941054121061625,0.6278698203925563,0.8284022011700062,0,1,1,0,0,0,0.1797752808988764,0.7457627118644068,0.604937047788793,0.29222826989460937,0.4900455519723227,0.861143379668093,0.9231978539796192,0.732489654964681,0,0,0.47758291329650465,0,0,0,0,0,0
5047,0.43333333333333335,1,0.6666666666666666,1.0,0.7944982084767159,0,0.11454300577506701,0.32435497086298404,0.4735429762572958,0.4842771093016554,0,0,0,0,0,0,0.8876404494382022,0.8135593220338984,0.1736524701667318,0.04810004588772198,0.9331464464396642,0.4051594519386321,0.4569897054050358,0.9629826976445548,0,0,0.5277549346041945,0,0,0,0,0,0
5048,0.13333333333333333,1,0.6666666666666666,0.6666666666666666,0.5170890294645555,0,0.6471218709862455,0.4062677325465607,0.3480236950487098,0.624354176611347,0,1,0,0,0,0,0.7415730337078652,0.6779661016949152,0.14575415318774185,0.9404035234369825,0.10145679798932054,0.9293815989788557,0.05625943528919376,0.4113113909755966,0,0,0.931000686427811,0,0,0,0,0,0
5049,0.2,1,0.0,0.0,0.22224570634266866,0,0.10288004576754531,0.8461927085904837,0.6589633908099685,0.2438384416805992,0,0,0,0,0,0,0.6853932584269663,0.7627118644067796,0.039109729178628524,0.9376569971335345,0.2704495507572414,0.028615556020823215,0.6966872615800862,0.966519250050358,0,0,0.8781991611986603,0,0,0,1,1,0
5050,0.4,0,0.0,0.6666666666666666,0.11965678434805002,1,0.6025230189150295,0.3107508270330514,0.025230551201048577,0.974238149597191,0,0,0,0,0,0,0.0898876404494382,0.711864406779661,0.7878291248926642,0.9069970931846972,0.06247524853987949,0.8178807089844228,0.39102623817112264,0.8281563104264744,0,0,0.8759470321404524,0,1,0,0,0,0
5051,0.3333333333333333,1,0.0,0.6666666666666666,0.4143894078314339,0,0.239136149331497,0.6091065972425287,0.10387817128248172,0.21075160338745189,0,0,1,0,0,0,0.8876404494382022,0.2033898305084746,0.3184382368016142,0.479218815406105,0.8794151779324147,0.9374216867672804,0.7092839460424886,0.0794908090455745,1,0,0.7133505744299841,1,0,0,0,1,1
5052,0.6333333333333333,0,1.0,0.6666666666666666,0.1590739340981283,1,0.7846228456749128,0.12368345375912584,0.857847525711627,0.7763097335132548,0,0,0,0,0,0,0.23595505617977527,0.6101694915254238,0.6639287652920046,0.31356258791085073,0.7165460629014082,0.6630458604436124,0.5525205445013791,0.14133038511096588,0,0,0.3640438666723938,0,0,0,0,1,1
5053,0.9333333333333333,1,0.0,0.3333333333333333,0.10561332245565733,0,0.06059803042086397,0.1444889402321887,0.5999937725155617,0.5765441747685601,0,0,0,1,0,0,0.5393258426966292,0.06779661016949153,0.24756591577640805,0.7459085481828901,0.13707226343653153,0.5579472062092866,0.35879686047830994,0.0638869719498245,0,1,0.9091896054621218,0,1,0,0,0,1
5054,0.03333333333333333,0,0.0,0.3333333333333333,0.7458393295956228,0,0.5749344040536136,0.6800660800334366,0.6402815218081819,0.8470414933429973,0,0,0,0,0,0,0.5730337078651685,0.3728813559322034,0.5305037163724395,0.6412304607870611,0.9242670497086607,0.6022186492415754,0.4052272742251013,0.9823832475704594,0,0,0.5335764806785824,0,1,1,0,0,0
5055,0.3,1,0.0,0.0,0.4724917337477252,1,0.5666591919715326,0.6543287747219937,0.6921248806431747,0.7972132919684546,0,0,0,0,0,0,0.5617977528089888,0.03389830508474576,0.6880749747196171,0.1417464473238469,0.11357080564940379,0.31746677944247065,0.12889787138567146,0.8583421798709377,1,0,0.504451252901593,0,0,0,0,0,0
5056,0.9666666666666667,1,0.0,0.6666666666666666,0.2755528057922092,0,0.23233139377513207,0.7762988061084264,0.05096057968022474,0.0041449088512559296,0,0,0,0,0,0,0.7303370786516854,0.7796610169491526,0.31149854688180634,0.30105084254155406,0.28203529386574344,0.9619532585427462,0.9557868767744732,0.5424387527631155,0,0,0.33232374173472684,0,0,0,0,0,0
5057,0.06666666666666667,1,1.0,0.6666666666666666,0.5694368663973352,1,0.1981439015981223,0.335498222559165,0.707914919636898,0.5108007076922544,0,0,0,0,0,0,0.3146067415730337,0.6440677966101694,0.7966702504801745,0.06333324689503785,0.8403140848557279,0.20464059292471615,0.6423305204346609,0.28232730641237397,0,0,0.6967402799482899,0,0,0,0,0,0
5058,0.7333333333333333,1,0.0,0.6666666666666666,0.3444062565925379,0,0.2129018883571616,0.05975379572316981,0.6559775584500542,0.005865521186769285,1,0,0,0,0,0,0.7865168539325843,0.7966101694915254,0.7882959983968763,0.6298095375718162,0.4071539028872538,0.17235797153100868,0.3590420785221434,0.9617769097956635,1,0,0.8838162956729453,0,0,0,0,0,0
5059,0.3,0,0.3333333333333333,0.3333333333333333,0.10666366041043379,0,0.6730487142734427,0.40123215887033337,0.2520154334727922,0.27096854544207816,1,0,0,0,0,0,0.9438202247191011,0.5932203389830508,0.2087562149886302,0.7178407887472334,0.995165135865033,0.11672484611321414,0.4796749399422884,0.8079794539167602,0,0,0.6075998121172816,0,0,1,0,0,0
5060,0.9333333333333333,0,0.0,0.0,0.17492631530213396,0,0.32700180863366113,0.5612445156727788,0.07072250590984093,0.13948923615675224,0,0,1,0,0,0,0.30337078651685395,0.2033898305084746,0.7500001344756733,0.30927478575268935,0.6798031466369976,0.03404204778226102,0.5137724301564627,0.9903189311002013,0,0,0.43231675617497684,0,0,0,0,0,0
5061,0.4,1,0.6666666666666666,0.6666666666666666,0.039997532207453536,0,0.8395227739844785,0.519603633357684,0.2269848068823377,0.944396824638989,1,0,1,0,1,0,0.2696629213483146,0.7796610169491526,0.30718684840571003,0.9408787628414109,0.4091989558927975,0.11266552091095101,0.6505055197306443,0.9064828932279954,0,0,0.840810595234275,0,0,0,0,1,0
5062,0.36666666666666664,1,0.6666666666666666,1.0,0.08546505452543629,0,0.9028138850811999,0.04700129488191985,0.6884295097895424,0.9673538167251821,0,0,1,0,0,0,0.6067415730337079,0.11864406779661017,0.3663241385651682,0.7518033873158129,0.8176957707783837,0.10881199937955344,0.6843066721036033,0.5980991774071888,1,0,0.722605700650756,1,0,1,0,0,0
5063,0.1,0,0.0,0.6666666666666666,0.8065874443266802,0,0.461431248569261,0.844254161561693,0.8427328150995322,0.5581442829348026,1,0,1,0,0,0,0.7528089887640449,0.3898305084745763,0.6639699723403779,0.47820013570289316,0.929949902846065,0.0016209032831794703,0.8325691023978,0.51463854409078,1,0,0.6645545284599665,0,0,0,0,1,0
5064,0.7666666666666667,1,0.0,0.6666666666666666,0.011242743815417835,1,0.4026834663762703,0.1291833182472801,0.3028411613189183,0.47277401095017957,0,0,0,0,0,0,0.8202247191011236,0.13559322033898305,0.5485602144278345,0.9598499763362449,0.009242312784535692,0.20962976435692482,0.4091944153744606,0.8227574152731008,0,0,0.6765767843996036,0,0,0,0,0,0
5065,0.03333333333333333,0,0.0,0.3333333333333333,0.9088929258147603,1,0.12400448889415039,0.3045066802724889,0.7174718070117202,0.4768047840982308,0,0,0,0,0,0,0.7415730337078652,0.06779661016949153,0.37387400351352595,0.7091668408876546,0.22947046864736598,0.3327960858831387,0.05867905416078401,0.5392994601145356,0,1,0.2863051993570912,0,0,0,0,1,1
5066,0.6666666666666666,1,0.0,0.3333333333333333,0.5637555895456753,0,0.5166008008299844,0.24245890582979432,0.9725256932292753,0.9288253235044573,0,0,0,0,0,1,0.10112359550561797,0.0847457627118644,0.5268665270595718,0.05515369102870929,0.6047729232567886,0.5519159739173604,0.10384789772662031,0.009189411949451907,1,1,0.4861514034601769,0,0,0,0,0,1
5067,0.7333333333333333,0,0.3333333333333333,0.3333333333333333,0.5805470326443862,1,0.309082912008392,0.5828806581655938,0.4024098432692329,0.5805654220043764,1,0,0,0,0,0,0.14606741573033707,0.3898305084745763,0.21103480619842743,0.2648782475863436,0.49473545068280544,0.23037794641205978,0.5949091966514439,0.005929443157867035,1,1,0.10660938547200145,0,0,0,0,0,1
5068,0.7333333333333333,0,0.3333333333333333,1.0,0.8823124875193852,0,0.7296653302333757,0.7314536049293009,0.3895572091338918,0.023938045895524483,0,0,0,1,0,0,0.5617977528089888,0.06779661016949153,0.9937503358954346,0.6326225613107895,0.2826157334136283,0.6390016555091051,0.06800057636783555,0.2573556007512698,0,0,0.40498421779631016,0,0,0,0,0,1
5069,0.7,1,0.3333333333333333,0.3333333333333333,0.683324959597255,1,0.89807184170695,0.834366833129916,0.5793707452875456,0.9287729228494868,0,0,0,0,0,0,0.43820224719101125,0.1694915254237288,0.04349881596557973,0.4913990284198554,0.08905071789586153,0.8829427726171041,0.47977977181497905,0.24065254705211872,1,0,0.920509330826251,0,0,0,1,0,1
5070,0.5333333333333333,1,0.0,0.0,0.7440552899927915,0,0.26428962077475504,0.948846588889269,0.2867291098063236,0.4022609684208892,0,0,0,0,0,0,0.651685393258427,0.6949152542372882,0.10024702300709117,0.25584392738905615,0.7988858075473111,0.12265405554926177,0.25558928594599367,0.23924099651175185,0,0,0.09039004263780526,1,0,0,0,0,1
5071,0.4,0,0.0,0.0,0.44937210646606723,0,0.9430701446535356,0.6160180993573748,0.4473545704120775,0.24977464878013278,1,0,0,0,0,0,0.5617977528089888,0.3389830508474576,0.2755673459544224,0.4573832401991186,0.24023956628217313,0.47626365517094765,0.8009502544706882,0.1310746969883046,0,0,0.5591734127359481,0,0,0,0,0,0
5072,0.7666666666666667,1,0.3333333333333333,0.3333333333333333,0.5002931913019903,0,0.45328701592857584,0.0564844472456311,0.1601908141934305,0.9249495411243287,1,1,0,1,0,0,0.9438202247191011,0.7457627118644068,0.4137160351651358,0.5009241045470086,0.6185442415111339,0.7190433061054313,0.07150534254541903,0.23483023435147757,0,0,0.7516425527334322,1,0,0,0,0,0
5073,0.6666666666666666,1,0.0,1.0,0.7409693631107844,0,0.1011395664059914,0.5676622522498955,0.4591336007776231,0.8430581538418256,0,1,0,0,1,0,0.5955056179775281,0.7796610169491526,0.8608988897798259,0.9756709250700407,0.8644649131246994,0.8787323125770654,0.8490608652883869,0.44907775996659677,0,0,0.1918704737353372,1,0,0,0,0,0
5074,0.3333333333333333,1,0.3333333333333333,0.6666666666666666,0.10653256692507777,0,0.3527755666884475,0.0495085128270185,0.0946653369472929,0.23880841986435486,1,1,0,1,0,1,0.6292134831460674,0.03389830508474576,0.10858154230330382,0.2634532272365667,0.202255137793731,0.9112648740661883,0.8954624163225121,0.07774100166150573,1,0,0.44722669950022503,0,0,0,1,0,0
5075,0.7666666666666667,1,0.0,0.3333333333333333,0.8949317596790536,0,0.3860645618848659,0.3023850497966416,1.0,0.5129543514947897,0,1,0,1,0,0,0.38202247191011235,0.6101694915254238,0.3098831786386716,0.24311930404146412,0.9940795909140656,0.8791311474231833,0.8160854051804401,0.7747813826797398,0,0,0.8640692827473253,0,0,0,0,0,0
5076,0.9333333333333333,1,0.0,0.3333333333333333,0.12632949630917123,1,0.9215145520201036,0.09707086018794378,0.36683240576855397,0.777514743677212,0,0,1,0,0,0,0.449438202247191,0.1016949152542373,0.812590987775833,0.945077247648408,0.9208844358920892,0.9253045985287112,0.9070584234784804,0.3820565393002929,1,0,0.21491751577116724,0,0,0,0,0,0
5077,0.7333333333333333,0,0.0,0.0,0.6945858938102596,0,0.901106415491612,0.398670061453853,0.3023239218031611,0.43678294100497794,0,0,0,0,0,1,0.9550561797752809,0.03389830508474576,0.48918835344244127,0.11209737471915336,0.34612356262934385,0.8754517518240398,0.6582628677626193,0.3322318457637428,0,0,0.9621950868587738,0,1,0,0,0,0
5078,0.06666666666666667,1,0.0,0.3333333333333333,0.4899422275503627,0,0.9669782123013719,0.5970901334532621,0.026703597218021742,0.7823342827310046,1,0,0,0,0,0,0.6629213483146067,0.01694915254237288,0.4684606306791132,0.9926407225739349,0.6511848156097397,0.9307314193294818,0.4208979692241014,0.3518163066518575,0,1,0.8152426900382913,0,0,0,0,0,1
5079,0.4,0,0.3333333333333333,0.3333333333333333,0.6797554811822836,0,0.2863933110431908,0.9996558833558321,0.2730995698291533,0.242010910653904,1,1,0,0,0,0,0.38202247191011235,0.423728813559322,0.162549269030305,0.8278763249614557,0.2047220431072189,0.923555985338628,0.776401759561965,0.11492734123016035,0,0,0.8675158998595587,0,0,0,0,0,0
5080,0.06666666666666667,0,0.0,0.3333333333333333,0.9968927488421321,0,0.8710204714714839,0.6615467492193872,0.9676787837242049,0.8577461224605268,0,0,0,0,0,0,0.16853932584269662,0.864406779661017,0.9967493116708827,0.738677976038979,0.014705530487568421,0.3596675597771796,0.22426480231068688,0.2920124253764394,0,0,0.16980610789277165,0,0,1,0,1,1
5081,0.8666666666666667,0,0.0,0.0,0.001075585398622174,0,0.2538017205474849,0.30955136458984855,0.4338435547079798,0.025881968003920765,1,0,0,0,0,0,0.1348314606741573,0.6271186440677966,0.9867757756599324,0.1296738778029083,0.22524677141042185,0.2840267446467356,0.38392236295968873,0.6954605434601523,1,0,0.5802916518156346,1,0,0,0,0,0
5082,0.8,0,0.0,0.0,0.24484866045487555,0,0.7020102208828783,0.07013933238078858,0.9295655947976459,0.9558554464917016,0,1,0,0,0,0,0.8202247191011236,0.03389830508474576,0.43331327035112976,0.213873293973272,0.4769738808296365,0.5098492632011864,0.01831179642271624,0.5188746438488735,1,0,0.17389645412638197,0,0,0,0,0,1
5083,0.16666666666666666,0,0.0,0.3333333333333333,0.39495154781061836,0,0.058281757695741655,0.6720679614244452,0.8107424994931124,0.3953886569560714,0,0,1,0,0,1,0.8539325842696629,0.6949152542372882,0.9849042558230678,0.04883538744159089,0.7276933370248135,0.6752001533871199,0.6738917085497661,0.4880760528625845,1,0,0.34454793504103093,0,0,0,0,1,1
5084,0.3,0,0.0,0.0,0.46481726259387174,0,0.2992495344816787,0.43093472856767223,0.530363291265717,0.6462960599791732,0,0,0,0,1,0,0.2696629213483146,0.847457627118644,0.725635210634473,0.032550748886949685,0.5713809380934199,0.7604190316117363,0.8263594444794184,0.40553016365266936,0,0,0.19601504021777424,0,1,0,0,0,0
5085,0.7666666666666667,1,1.0,0.3333333333333333,0.2767626364754641,0,0.00980752180346855,0.5916991761079452,0.3284812668463772,0.36823965590294666,0,0,0,1,0,0,0.7865168539325843,0.15254237288135594,0.4247251269503783,0.44434282345461396,0.6261468582615178,0.9760282749856999,0.5948836755072143,0.7432164226243567,0,1,0.9832271536850757,1,0,0,0,1,0
5086,0.26666666666666666,1,0.6666666666666666,0.6666666666666666,0.8954105885905604,0,0.5429771674202816,0.03552494872680032,0.0221494068962539,0.9599270576328235,0,0,0,0,0,0,0.21348314606741572,0.5254237288135594,0.4787070045565888,0.9657270377064106,0.9897758155863113,0.5945204229150207,0.18890617023483455,0.6148897441864328,0,1,0.7481310546569563,0,0,0,0,1,0
5087,0.6333333333333333,0,0.0,0.3333333333333333,0.22163699826542063,0,0.9561344954483352,0.15675048474535916,0.724873803047238,0.8525596860656713,0,0,0,0,0,0,0.5617977528089888,0.423728813559322,0.20184967489112565,0.3263630722971306,0.040831939336279946,0.8872241860843522,0.2828724324797466,0.4598809386833742,0,0,0.8207482048878075,1,0,0,0,0,0
5088,0.3333333333333333,1,0.3333333333333333,0.6666666666666666,0.9196982635526546,0,0.2823970539034857,0.39129275708608025,0.4400474280409034,0.6341385561222562,1,0,0,0,1,1,0.6853932584269663,0.7627118644067796,0.8978246048628941,0.15256187752030548,0.5253254761453047,0.874564304105957,0.6273961888463851,0.9760289098304855,0,0,0.2309226615089117,1,0,0,0,0,0
5089,0.4666666666666667,1,0.0,0.0,0.46294482516973234,0,0.8458364552110822,0.4599319337398614,0.3792582525076303,0.963738626265455,0,0,0,1,0,1,0.7640449438202247,0.6949152542372882,0.5808869536082225,0.47310198722874786,0.41983258693564396,0.6159380477204097,0.36271312537966865,0.2469967266887319,0,0,0.6513275227130935,0,0,0,0,0,0
5090,0.9333333333333333,1,1.0,0.6666666666666666,0.8739258075200688,0,0.34199780510268857,0.3256706999602295,0.759788609476395,0.4215058533259304,1,0,0,1,0,1,0.4943820224719101,0.23728813559322035,0.3648511781176249,0.618423387499071,0.20816015808525454,0.46468829476315826,0.09702746626733431,0.9650209397660122,0,1,0.10881960957082093,0,0,0,0,0,1
5091,0.7666666666666667,1,0.0,0.6666666666666666,0.49968251426225846,1,0.13701710030611478,0.4264193412656099,0.8802516511127636,0.7610445599767862,0,0,0,1,0,0,0.8089887640449438,0.8983050847457628,0.3238086333400629,0.7502564159733484,0.561281692546281,0.16648554235213728,0.4342780636881485,0.8066658937772049,0,0,0.8783330821772473,0,0,0,0,0,0
5092,0.43333333333333335,0,0.0,0.6666666666666666,0.3584280598570786,0,0.5270346657594134,0.016836304007222556,0.1207913884159558,0.7493821024321317,0,0,0,0,0,0,0.25842696629213485,0.423728813559322,0.85060918413515,0.7744587839827565,0.8751371733587774,0.8362536529450822,0.5934512586939404,0.3765702535685402,0,0,0.4486692278820561,0,0,0,0,0,1
5093,0.0,0,0.0,0.3333333333333333,0.6394153065307349,0,0.7516592215120736,0.06643505323583926,0.9675438257218038,0.7777599276842173,0,0,0,0,0,0,0.6292134831460674,0.01694915254237288,0.9045033863304729,0.3528506008140599,0.6406737597428915,0.18707947521305662,0.3655205615504555,0.31903368040183233,0,0,0.5353962487807561,1,0,1,1,0,0
5094,0.3333333333333333,0,0.3333333333333333,1.0,0.516750488424861,0,0.26110343055436186,0.8116267506437438,0.08423613228360725,0.03239721908553858,0,0,0,0,0,1,0.14606741573033707,0.7796610169491526,0.4286759020230986,0.4886321787801692,0.7016094522935478,0.17501810504835258,0.037576669756344806,0.23673641778137178,1,0,0.8131181875733652,0,0,0,0,1,1
5095,0.4,0,0.3333333333333333,0.6666666666666666,0.47517870847918975,0,0.2201505928013643,0.6036595123762707,0.3752789441399522,0.5006897593659665,1,0,0,0,0,0,0.8314606741573034,0.7288135593220338,0.8626512412809749,0.7475804684987587,0.9726582724668734,0.015095551155175947,0.946296614189041,0.09656913796158978,0,0,0.1879475930761209,0,0,0,0,0,0
5096,0.8333333333333334,0,0.6666666666666666,1.0,0.5916980070753768,0,0.7393633205943605,0.6369302453950978,0.24560302520424102,0.3542994968797577,0,0,0,0,0,0,0.9213483146067416,0.3050847457627119,0.43139919358851586,0.3213387785400184,0.26347328775773343,0.05304735478528708,0.33251790507720486,0.689710838921178,0,0,0.5281943540903103,1,0,0,0,0,0
5097,0.6,1,0.0,0.3333333333333333,0.9771199194237632,1,0.10521587804040299,0.1570505638510711,0.8919221820775963,0.2565704907396238,1,0,0,0,0,1,0.5056179775280899,0.4745762711864407,0.49351996948908633,0.28527579405584846,0.9102715132471653,0.32865779006917334,0.23222264148914648,0.6536736768658437,0,1,0.5802587056536267,0,0,0,1,0,0
5098,0.6,1,0.0,0.6666666666666666,0.3382156604162619,0,0.2650639364827815,0.39711682815269767,0.024422277204344412,0.12344838349832044,0,0,1,1,0,1,0.23595505617977527,0.06779661016949153,0.30400588610265433,0.7233981687869337,0.5617257706339795,0.9292310782109958,0.8638643405467397,0.565132823905439,0,0,0.8391047288906929,0,0,0,0,0,0
5099,0.7666666666666667,0,0.0,0.0,0.8630496201646184,0,0.32996352175095395,0.3953921132433774,0.44765473597149974,0.3831464449374228,1,0,0,0,0,1,0.9887640449438202,0.864406779661017,0.8414805621594635,0.2877440803408485,0.07292024239206486,0.07327491073005483,0.7223840846525116,0.1947145323442086,0,0,0.3415631702084314,0,0,1,0,0,1
5100,0.7,0,0.0,1.0,0.5704167776590102,0,0.2903269203188399,0.9855493577826876,0.261269729267512,0.41635638200755737,0,0,0,0,0,0,0.8089887640449438,0.7966101694915254,0.2487197675867417,0.6807839354359682,0.388389070450474,0.18018007939339828,0.18049801890023004,0.358972208569465,0,0,0.03524502651693067,0,0,1,1,0,1
5101,0.5666666666666667,1,0.0,0.3333333333333333,0.8502227679128082,0,0.7594403240269022,0.9417612184020888,0.43772665832255975,0.2032341944828911,0,0,0,0,0,0,0.6741573033707865,0.01694915254237288,0.047395653773020796,0.7591521722908023,0.6556646922149179,0.144344936334043,0.6081156106569323,0.4557933720451468,0,1,0.6517639012778961,0,0,1,1,0,1
5102,0.6,1,0.0,0.0,0.9778556244389698,0,0.015989281074414507,0.3277590565526302,0.030073505035365884,0.23839289149376544,0,0,0,0,1,0,0.24719101123595505,0.15254237288135594,0.5797143362719851,0.06081982379155426,0.5488384874362687,0.053042362463144505,0.27628266315559585,0.02699183704125146,0,0,0.10951675250269259,1,0,1,0,0,1
5103,0.5333333333333333,1,0.3333333333333333,0.3333333333333333,0.15752397836387264,0,0.9823242067127725,0.5514231085649752,0.48821497872308167,0.8579302900732558,0,0,0,0,0,0,0.033707865168539325,0.5423728813559322,0.7261888000978134,0.5917118173639004,0.813692124219469,0.9947227867459557,0.7052321604198846,0.5756652522352933,1,1,0.9945280827502568,0,0,0,0,0,1
5104,0.06666666666666667,1,0.0,0.3333333333333333,0.8736937347164176,0,0.06242846677138417,0.19349663067424897,0.5126966396308135,0.09493658523415421,1,0,0,0,0,0,0.797752808988764,0.7796610169491526,0.16294493954001807,0.03558357138219947,0.4611436973442715,0.8198176992021783,0.9282623987951347,0.018335417684953594,0,1,0.9576678686782798,0,0,0,0,0,0
5105,0.8333333333333334,0,0.0,0.0,0.009903687216635584,0,0.39470622526978566,0.3548021827293443,0.8269383270098073,0.031911573779082845,0,0,0,1,0,0,0.5955056179775281,0.6610169491525424,0.8145542785086023,0.87526523882988,0.3587589374282652,0.8956238728279007,0.9292607619761981,0.6981233396723199,0,0,0.032703884503574684,0,0,1,1,0,0
5106,0.8333333333333334,0,0.6666666666666666,0.6666666666666666,0.237932770104371,0,0.0202899748971341,0.8752277878131451,0.5062496732182288,0.331521738134979,0,0,1,0,0,0,0.3258426966292135,0.2033898305084746,0.33159467675648074,0.9480490425576859,0.6290071832368826,0.6465799705563682,0.8269736644863823,0.6615607549596918,0,0,0.11237620070278767,0,0,0,0,0,0
5107,0.13333333333333333,0,0.0,0.6666666666666666,0.6367647242834796,0,0.7800688915348575,0.24420302370097144,0.26517582227847863,0.6237017666080638,0,0,0,0,0,0,0.0,0.9152542372881356,0.803715041071487,0.8402896200762436,0.8205529074859785,0.22188850561158266,0.7372013631742551,0.6667766280008357,1,0,0.4465043949263089,0,0,1,0,0,0
5108,0.6,0,0.0,0.6666666666666666,0.2685187676871169,0,0.8274828876182243,0.986719851460304,0.10588896720424482,0.04406322718195268,0,0,0,0,0,1,0.7865168539325843,0.288135593220339,0.6502368928739469,0.738392007241947,0.0611646459440812,0.7078144806565398,0.8564731076143448,0.029081571273919703,0,0,0.5293542154076775,1,0,0,0,1,0
5109,0.7666666666666667,0,0.0,0.0,0.5054370890132445,0,0.4440583013499954,0.6842513309957492,0.07679659522465528,0.9248278125483268,1,0,0,0,0,0,0.38202247191011235,0.576271186440678,0.8426872602677788,0.23783637701480434,0.8473838586912037,0.9993930101143029,0.17899918955534858,0.7393573911272279,0,0,0.6516011134328925,0,0,0,0,0,0
5110,0.03333333333333333,0,0.0,0.6666666666666666,0.9103097737087079,1,0.6155750175672118,0.3349224046808053,0.17853694921886173,0.1869242001382168,0,1,0,0,0,0,0.4044943820224719,0.9322033898305084,0.44392614724122126,0.08220848790950779,0.6933905028531935,0.864591289971296,0.6011328217894573,0.012318644254608883,1,0,0.9518170858808469,1,0,0,0,0,1
5111,0.43333333333333335,1,0.0,0.6666666666666666,0.8681940081731876,1,0.6455318741577503,0.41710030370554846,0.6779437250974674,0.5945179197308329,1,1,0,0,0,0,0.06741573033707865,0.03389830508474576,0.7454456494525766,0.33291189524071374,0.975399059530626,0.46703388170978993,0.1670692402761457,0.4292432972661849,1,1,0.6084129025267218,0,1,0,0,0,1
5112,0.36666666666666664,1,1.0,0.6666666666666666,0.7415127820597347,0,0.7026335865869183,0.3532767635396314,0.8819252633148327,0.2973914428231652,0,0,1,1,0,1,0.02247191011235955,0.2542372881355932,0.08634549984704402,0.27461941876857826,0.8611105350505373,0.8976517279564196,0.39898195982446055,0.8598318108404039,0,0,0.47125118101488195,0,0,0,0,1,0
5113,0.5666666666666667,1,1.0,0.3333333333333333,0.9528877800672387,0,0.95500076852316,0.2758914007130623,0.8905467247340466,0.5303913548485691,1,0,0,0,0,1,0.7640449438202247,0.15254237288135594,0.040043242083855346,0.695123047505833,0.05505337931227554,0.6714639184462445,0.3454577178934129,0.6683386050777592,0,0,0.570850035398333,0,0,0,0,1,0
5114,0.9,1,0.6666666666666666,0.0,0.11389850769928239,0,0.16740116336372346,0.9936451454461364,0.9370704481682168,0.987740991106243,1,0,0,0,0,0,0.7078651685393258,0.06779661016949153,0.011911164655863699,0.9470147643527373,0.1009456767432529,0.289325426502277,0.8233603747689496,0.5870860665299983,0,1,0.71189327680594,1,0,1,1,0,0
5115,0.4,1,0.0,0.0,0.17546219238879168,0,0.32077765442833905,0.9314189887135836,0.40328970416405635,0.2274413293609662,0,0,0,0,0,0,0.9101123595505618,0.3559322033898305,0.5688084707948572,0.2548345737127549,0.11182597579127891,0.8902412112870939,0.07189478756842799,0.3162112027782265,0,0,0.3913083713391884,0,0,0,0,0,1
5116,0.43333333333333335,0,1.0,1.0,0.12965761224788253,0,0.5571153910922151,0.5611906938140272,0.7927048063541439,0.635255062081961,1,1,0,0,0,0,0.10112359550561797,0.5254237288135594,0.0007960924137543948,0.4609504380775567,0.8001608340248919,0.20575105733834198,0.6795738910920128,0.04822167558480551,0,0,0.06972577486044662,1,0,0,0,0,1
5117,0.5333333333333333,1,0.0,0.6666666666666666,0.6121370402363417,1,0.5909768868184792,0.628773195922586,0.6201810381914887,0.4706397623210313,0,0,0,0,0,0,0.056179775280898875,1.0,0.5572366798511623,0.33938171066145867,0.04061227072232524,0.5160844486725968,0.9539138421911335,0.46495319050168527,0,0,0.9355853859856809,1,0,1,0,1,0
5118,0.26666666666666666,0,1.0,1.0,0.500169549303384,1,0.7209830167394513,0.9450403760910498,0.7865879731930879,0.9141820694669816,1,0,0,0,0,0,0.5842696629213483,0.6779661016949152,0.15778489059386822,0.21882494000447777,0.5464586585555347,0.26196003359756564,0.8688398597988091,0.7770125907062323,0,0,0.6600837444210929,0,0,0,0,0,0
5119,0.7333333333333333,0,0.0,0.0,0.18768077688155616,0,0.21036788202865864,0.045204568223324,0.8265873786102054,0.9591135566108175,0,0,0,0,0,0,0.8539325842696629,0.288135593220339,0.32033246465610377,0.9153130675975688,0.17029172156630634,0.6719743851424521,0.6389991405103337,0.7642688671930059,0,0,0.7688457591759595,0,0,1,0,1,0
5120,0.9,0,0.0,0.3333333333333333,0.6700050666479413,1,0.4165647797234343,0.3576267657332898,0.03754003905187826,0.670564096541307,0,0,0,1,0,0,0.1797752808988764,0.3559322033898305,0.5792015611904492,0.12656249688221813,0.4065839539230232,0.579714389576012,0.7153365175348043,0.09679117036560408,0,0,0.2189378183605749,0,0,0,0,1,1
5121,0.3333333333333333,0,0.3333333333333333,0.6666666666666666,0.1660072298491644,0,0.575866620724317,0.13267051628456802,0.09808787646504358,0.11551515318093157,0,0,1,0,0,0,0.9438202247191011,0.6949152542372882,0.9955527822870515,0.3698387134740243,0.8499952454943115,0.16010710826452426,0.04315787216993385,0.6498344649141244,0,0,0.7724176596383932,0,0,0,0,1,0
5122,0.03333333333333333,0,0.0,1.0,0.6517363486264579,1,0.22338797125497306,0.9571364114537342,0.4565308735361042,0.14670120854944474,0,0,0,0,0,1,0.5056179775280899,0.3220338983050847,0.34199557367762395,0.030306818683393466,0.35834922391174284,0.8649811070205015,0.464680867790213,0.49776707210937376,0,0,0.6861080662501693,0,1,0,0,0,0
5123,0.23333333333333334,0,0.0,0.0,0.4943536278949431,0,0.7278069762555721,0.28328778368443913,0.07019317881820242,0.6000216258547355,0,0,0,0,0,0,0.47191011235955055,0.7796610169491526,0.6498926547798594,0.29304060025439005,0.9934921124429835,0.9425615178915903,0.4892874863373525,0.6059708290363969,0,0,0.4164438603127435,0,0,0,0,0,0
5124,0.03333333333333333,1,0.0,1.0,0.453988646052793,0,0.2252169562692185,0.2774008165433644,0.8477332994250539,0.8558331206066132,0,0,0,0,1,0,0.11235955056179775,0.6779661016949152,0.25952691667355876,0.674986855231679,0.011238728059627574,0.17349044067996708,0.4925573944750581,0.9111821857699062,1,0,0.010058854746981902,0,0,0,0,1,1
5125,0.6666666666666666,0,0.3333333333333333,1.0,0.08351582499096707,1,0.7499059233293363,0.3121438928145745,0.7486239409636568,0.7336206173086994,1,0,0,0,0,0,0.3146067415730337,0.4406779661016949,0.007526358000331952,0.18237301824454327,0.17437169066655414,0.149947584185739,0.8641802032600775,0.7822223579031092,0,1,0.8248191766091186,0,0,0,0,1,0
5126,0.26666666666666666,0,0.0,0.0,0.014991231737670986,0,0.7730534731492965,0.7889349295809936,0.9758969065919456,0.0029318288877537343,0,0,0,0,1,0,0.011235955056179775,0.5932203389830508,0.3253370735542973,0.7060833825477073,0.35536206374578083,0.9699195636043607,0.3256979279417519,0.06664424997459405,0,1,0.869955876001894,1,0,0,0,1,1
5127,0.9,1,0.0,0.0,0.08667473769189282,1,0.29315290983393133,0.7586863101804955,0.37515807694372955,0.7222560279467437,0,0,1,0,1,0,0.6853932584269663,0.2542372881355932,0.8084064212129581,0.9119127639592588,0.7116497429344589,0.867587766882884,0.6642129359781531,0.9771641771110905,0,0,0.4358194881299264,0,0,0,0,0,0
5128,0.7333333333333333,1,0.0,0.3333333333333333,0.5832650527180242,0,0.4934082352120873,0.9907627478200468,0.1700837379684003,0.05695344527579119,0,0,0,1,1,1,0.550561797752809,0.4915254237288136,0.32985783286268916,0.8395856459760738,0.7326492325831552,0.9863503081169218,0.13302591586495066,0.5498710277676383,0,0,0.9868867422597841,0,0,1,0,0,0
5129,0.9,0,0.3333333333333333,0.3333333333333333,0.7437571149460532,0,0.9076123240623327,0.9606817811346439,0.4473559722398607,0.35892571294444636,0,0,0,0,0,0,0.9325842696629213,0.8305084745762712,0.9381138389669833,0.8405069964190304,0.39871442696926784,0.13164563797040854,0.12427782010225114,0.8139546940834684,0,0,0.5885938866493104,0,1,0,0,0,0
5130,0.3333333333333333,0,0.3333333333333333,0.3333333333333333,0.8370918436380481,0,0.03791114831291207,0.6330185721340386,0.6154395348228586,0.6985231791708235,0,0,0,0,1,0,0.19101123595505617,0.6101694915254238,0.2735648038067407,0.9759176429109361,0.1342147009021291,0.7543581535033295,0.9084529871362154,0.2725467399100868,0,0,0.9732468054614712,1,1,0,0,0,0
5131,0.6666666666666666,0,0.0,0.0,0.7192051365667171,0,0.3067537437942107,0.5343558445296809,0.03941714587152856,0.9046436044811703,0,0,0,1,0,0,0.4157303370786517,0.8813559322033898,0.5963797974636854,0.29981946439424956,0.2784021517505688,0.9793903450970255,0.0010000942647456414,0.6176604005298606,0,0,0.4424036003217685,1,0,0,0,0,0
5132,0.5,1,1.0,0.6666666666666666,0.9470136120522212,1,0.3335637770628133,0.7337154892983686,0.7972691103395836,0.9944491426607776,0,0,0,0,0,1,0.4943820224719101,0.13559322033898305,0.3201461960269125,0.7245681216753488,0.4422963587480974,0.46000082965702754,0.20584728601872634,0.07022267864926006,0,0,0.6195688785406697,0,0,1,0,1,0
5133,0.36666666666666664,0,0.3333333333333333,0.3333333333333333,0.3192164222861721,0,0.005076071158088083,0.31182816599544727,0.3173642121589463,0.11277563041689175,1,0,0,0,0,1,0.8651685393258427,0.3898305084745763,0.6999021054590202,0.3414563102765686,0.7181227238271434,0.39027227928588704,0.030697784374866758,0.36272718736103154,0,0,0.4339953905269626,1,1,0,0,0,1
5134,1.0,1,1.0,0.3333333333333333,0.41880937592828543,1,0.15177868479950676,0.9934064099061296,0.07202476820737512,0.23356842594857627,0,0,0,0,1,0,0.38202247191011235,0.6949152542372882,0.4564543270682067,0.11491748220266591,0.7247639875642498,0.2835726398590573,0.008154195247256113,0.7722745585499045,1,0,0.7122246890648062,0,0,0,0,0,0
5135,0.5,0,0.6666666666666666,0.6666666666666666,0.3120802797063984,0,0.3845650622842362,0.6159331576799665,0.8305869963760545,0.17563405499189946,1,0,0,0,1,0,0.19101123595505617,0.9491525423728814,0.9113235250322587,0.8564939610202165,0.6248119808545674,0.6198465351896677,0.8030363635848758,0.7161546733259239,0,1,0.8681392403152699,0,0,0,0,1,0
5136,0.43333333333333335,1,0.3333333333333333,0.0,0.46711372737191964,0,0.13478608389670865,0.7037553365984637,0.685258118900641,0.14464983678526563,1,0,0,0,0,0,0.3258426966292135,0.4745762711864407,0.7926534049653856,0.794754663952024,0.798251994927018,0.6683634854228878,0.36471898047356793,0.29982930819234666,0,0,0.10868556545545038,0,0,0,1,0,1
5137,0.5666666666666667,0,0.3333333333333333,1.0,0.2083687374878252,0,0.027755580647972865,0.6000423182525068,0.6351904500861322,0.9159870684575747,0,1,1,0,0,1,0.5280898876404494,0.1864406779661017,0.5002874967127036,0.4418099201490795,0.4997922786100822,0.5209847239306834,0.4911390932665136,0.4737365660346083,1,0,0.4156321563629867,0,0,0,0,0,1
5138,0.9333333333333333,1,0.0,1.0,0.07244068127371409,0,0.3724163451571759,0.04428039276480572,0.22854579731408922,0.44363954292534796,0,0,0,0,0,0,0.6404494382022472,0.15254237288135594,0.01842096607808647,0.16836267942956326,0.7387849551676214,0.5992462405984895,0.53241587549637,0.7971404642455675,0,1,0.9570232550074503,0,0,0,0,0,0
5139,0.5666666666666667,1,0.3333333333333333,0.6666666666666666,0.6060857339053652,1,0.48651629108048916,0.8322266510498604,0.5612836913381135,0.9504385952610175,0,0,0,0,0,0,0.9662921348314607,0.6271186440677966,0.7759317434946085,0.9799818006183905,0.8060418065006558,0.6356207769471314,0.6186500257149398,0.3654256924758989,0,0,0.9609888974557007,0,1,0,0,0,0
5140,0.8666666666666667,1,0.0,1.0,0.9256117317573963,1,0.7287267102751681,0.4323754789518803,0.8521153630190648,0.12217659511099022,0,0,0,1,0,1,0.21348314606741572,0.9491525423728814,0.45459077209375803,0.9647198383339368,0.24183330644514203,0.869421535656956,0.8559731744132905,0.29419547607609386,1,1,0.4312234585467737,0,0,0,1,0,1
5141,0.13333333333333333,1,0.0,0.3333333333333333,0.5789092315945004,0,0.776071837201992,0.42977691970557985,0.26811348427686776,0.08859921905856986,0,0,0,0,0,0,0.43820224719101125,0.05084745762711865,0.6374264630335738,0.6699982977955997,0.32133219539605995,0.3390483226287976,0.11418220230171346,0.18316780510441297,0,1,0.09263619323600941,1,0,0,0,0,1
5142,0.8666666666666667,0,0.0,0.3333333333333333,0.6250172781642155,0,0.7646280391869207,0.14169492793997387,0.9863901695235308,0.9140197690854791,0,0,0,0,0,0,0.19101123595505617,0.7457627118644068,0.007816424357717384,0.8332251276321994,0.07196712262135893,0.927069955564651,0.8053309736333806,0.009808247705516785,1,0,0.9541712423927905,1,0,0,0,0,0
5143,0.9,1,0.3333333333333333,0.6666666666666666,0.9927244160337361,0,0.03056236717764132,0.7596424318272452,0.8778462467403443,0.5886187583329187,0,0,0,0,0,0,0.25842696629213485,0.6101694915254238,0.6070231091734937,0.3083329421628609,0.8022777999985317,0.5947430559365998,0.3983147168213828,0.15453313445355554,0,0,0.45834325293109107,0,0,0,0,0,1
5144,0.5,0,0.0,0.6666666666666666,0.8995398668379678,1,0.1818233428201714,0.7904796038028616,0.17213121791379254,0.7653111037477647,0,1,0,1,0,1,0.20224719101123595,0.5254237288135594,0.320431687092275,0.23363438631232997,0.8885714272161215,0.8223248761979639,0.7712524670827222,0.6626511498756305,1,0,0.15367532122550465,0,0,0,0,1,1
5145,0.36666666666666664,1,0.0,0.3333333333333333,0.8344417827269612,0,0.8174353824856797,0.053806009560924135,0.6219585748175674,0.49486391329176116,0,0,0,1,0,0,0.25842696629213485,0.6101694915254238,0.15287666090551044,0.6372509160198616,0.9901542089960433,0.9944611985240893,0.23960414172582783,0.2995469668216089,0,1,0.4970346567269694,0,0,0,0,1,1
5146,0.26666666666666666,0,0.6666666666666666,0.3333333333333333,0.5201087828869879,1,0.18727865165533672,0.1885290805257754,0.6635347361981402,0.1650657333297595,0,0,0,0,0,0,0.797752808988764,0.423728813559322,0.9010389353826248,0.8851436652061648,0.5621404687115089,0.6079672163134828,0.4209114987457589,0.7153805668948521,0,0,0.5446841608173826,1,0,1,0,0,0
5147,0.8333333333333334,1,0.0,0.6666666666666666,0.4705835980206401,0,0.23182797853540776,0.04681465059441615,0.002943199658100555,0.7981994440041927,0,0,1,0,0,1,0.033707865168539325,0.5254237288135594,0.9438806293797624,0.8498769253279626,0.08271776683936599,0.43609207192366417,0.3700922993845595,0.554611187667388,0,0,0.16428792104754616,0,0,0,0,0,0
5148,0.5666666666666667,0,0.0,0.3333333333333333,0.20913959855024522,0,0.7340210677056214,0.5562841596171183,0.08733322715802382,0.4739798908826047,0,0,0,0,0,0,0.8876404494382022,0.576271186440678,0.8783727943539672,0.8705721102912626,0.3502042747526501,0.5365151163915938,0.46899856729175665,0.7375225464414913,0,0,0.08085248015171617,0,1,0,0,0,0
5149,0.26666666666666666,1,0.0,0.6666666666666666,0.3314815848833985,0,0.2641153685157729,0.651629053245316,0.9998855982611002,0.4027107936489144,1,0,1,0,0,0,0.9213483146067416,0.23728813559322035,0.9046681338757782,0.8380223092819982,0.9490403509661244,0.8998617342535895,0.9494138331509261,0.17291112969401176,0,0,0.6904260906362975,0,0,0,0,0,0
5150,0.6666666666666666,1,0.6666666666666666,0.3333333333333333,0.8923382342159542,0,0.907220321387814,0.973053586951698,0.3523582016673827,0.3702673931696837,0,0,0,0,0,0,0.5617977528089888,0.3220338983050847,0.24558463657092688,0.44488917285878377,0.3018396364736679,0.7996250212147893,0.10945614398103538,0.6956554383708343,0,1,0.8277331991457175,0,0,0,0,0,0
5151,0.4666666666666667,1,0.3333333333333333,0.6666666666666666,0.04245981729606544,0,0.8959541324425488,0.6003284478689248,0.3229030838747631,0.7719104992363179,0,1,0,1,0,0,0.11235955056179775,0.11864406779661017,0.017404373632060325,0.8104827932058889,0.4015600964189917,0.8419504214742011,0.5584463543372543,0.6849643726803278,0,0,0.9324606886376426,0,1,0,0,0,0
5152,0.8333333333333334,1,0.0,0.0,0.08418907238082933,1,0.7640689044075507,0.24320780089583222,0.9192264893565572,0.4355925147595527,1,0,1,1,0,0,0.9775280898876404,0.0847457627118644,0.8047886936555304,0.24638747809285666,0.5357329562280594,0.5421591681311264,0.5719761552594109,0.6909242628351203,0,0,0.23956852522173955,1,0,0,1,0,0
5153,0.5333333333333333,0,1.0,1.0,0.8901421785473922,0,0.632718179964289,0.25504877397403136,0.6224339571377145,0.09147932126662442,0,0,0,1,0,0,0.1797752808988764,0.15254237288135594,0.3781321091508446,0.29233123090831464,0.5614275711318792,0.23168966940332292,0.9759189205189925,0.17846642025426193,0,1,0.5284360169097398,0,0,0,0,1,0
5154,0.4,1,0.3333333333333333,0.0,0.008288954218862521,0,0.6005921697147125,0.6053124554074475,0.9436293122529106,0.09341352142133053,0,0,0,1,0,0,0.16853932584269662,0.01694915254237288,0.7913971562674019,0.9674586486067235,0.14521971797534458,0.7287724773132102,0.9021747770340234,0.4689997509711522,0,0,0.46436038034287364,0,1,1,0,0,0
5155,0.26666666666666666,0,0.0,0.0,0.16513886489075863,0,0.21471432564238704,0.2289579205521965,0.5785963851611537,0.4537386204594946,0,1,0,0,0,0,0.6741573033707865,0.7288135593220338,0.915780667617366,0.4511778471647766,0.12617139194140312,0.06573579860576077,0.5376203715079538,0.633332786721561,0,0,0.5589172390965677,1,0,0,0,0,0
5156,0.16666666666666666,0,0.3333333333333333,0.6666666666666666,0.8041244819364297,0,0.9780966400373835,0.9647700921033598,0.811274941210194,0.793074419602452,1,0,0,0,0,0,0.5393258426966292,0.0847457627118644,0.49496566491557104,0.45946647385296296,0.4542317083097987,0.9278235695376679,0.5645249884338095,0.9874882925132021,0,0,0.3892660813877419,0,0,1,0,0,0
5157,0.6666666666666666,0,0.0,0.6666666666666666,0.775528975948685,0,0.14429322406533987,0.9276315030588483,0.7772870557783478,0.9401159087618673,0,0,0,1,0,0,0.8202247191011236,0.6779661016949152,0.43364937950621785,0.9926933613954382,0.9087086726216856,0.04418050659958658,0.0560920322863245,0.5513669403731154,0,1,0.9902549336118964,0,0,0,0,1,0
5158,0.7666666666666667,1,0.0,0.3333333333333333,0.9910602993475648,0,0.19316008208384797,0.46735309179006457,0.7139629702784476,0.6337769056619453,0,0,1,0,0,0,0.1797752808988764,0.5254237288135594,0.3773168427057103,0.5609764778315119,0.36713892033681134,0.5396458710665987,0.13205817792049038,0.6125091841255343,0,0,0.3544149999265953,0,0,0,0,1,0
5159,0.9,1,0.3333333333333333,1.0,0.9702069130087315,0,0.1515974647540043,0.7375644136599838,0.13677627348919555,0.8302448364806568,0,0,0,1,0,0,0.3258426966292135,0.5254237288135594,0.725078339733856,0.024718601218311608,0.5854681341513911,0.5478690345530767,0.330515821199127,0.502653775815588,1,0,0.23037729647150673,0,0,1,1,0,1
5160,0.8,0,1.0,0.6666666666666666,0.4503339020230699,0,0.3057148568385955,0.7038789872762448,0.1136078967633655,0.38979028879536726,0,0,0,0,0,0,0.07865168539325842,0.7796610169491526,0.3991924347826348,0.022919150575346443,1.0,0.45042880172256394,0.7235971779102258,0.27362887252370066,0,0,0.5177761756706953,0,0,0,0,0,0
5161,0.7333333333333333,1,0.3333333333333333,0.3333333333333333,0.9790439261087093,1,0.3675622486432431,0.4081665362128493,0.32413774729003003,0.8637800209940348,0,0,0,0,0,0,0.39325842696629215,0.6271186440677966,0.34461982171833716,0.4718701872005575,0.20441307303753006,0.6521790214539599,0.16360659398741068,0.13070206229642325,1,0,0.3895447949078244,1,0,0,0,1,1
5162,0.7666666666666667,1,0.0,0.3333333333333333,0.8383348352534492,0,0.6005487526219179,0.4651549950143265,0.6725095808660738,0.3815668007642893,0,0,0,0,0,0,0.8876404494382022,0.4745762711864407,0.05751118782109644,0.44309657124856494,0.07996404432299459,0.5252952029879505,0.2493916517477163,0.21997178695942607,0,0,0.5076298321774453,0,0,1,1,1,0
5163,0.6333333333333333,1,0.3333333333333333,0.3333333333333333,0.28301859527126894,0,0.9736139879283561,0.1598601778177446,0.3271503326306702,0.605076235852705,1,0,0,0,0,0,0.43820224719101125,0.6779661016949152,0.670121036183513,0.8776468023792361,0.5778448232734762,0.5242327843960785,0.5749089799476186,0.2660726310826132,0,0,0.6370005189986173,1,0,0,0,1,0
5164,0.23333333333333334,1,0.0,1.0,0.44575354832078934,1,0.9180854910882542,0.5265365003458069,0.7160650986402307,0.4898148203814813,1,0,1,0,0,0,0.15730337078651685,0.6949152542372882,0.07701948698142265,0.9980129110285947,0.5092013471193515,0.09555858288962421,0.6285845306089459,0.4935141437537625,0,0,0.9561663437667135,1,0,0,1,1,0
5165,0.9333333333333333,1,1.0,0.3333333333333333,0.46552441192645855,1,0.6866967035086099,0.16540805326867455,0.5709356157213444,0.8480449022145347,1,0,0,0,0,0,0.9438202247191011,0.15254237288135594,0.8753152442302957,0.728846698896988,0.40992704157005644,0.49441480143180794,0.5051288104821733,0.13160505152538512,0,0,0.6395301854720842,1,0,0,1,0,0
5166,0.3,1,0.0,0.3333333333333333,0.6955085728953131,0,0.833034412373425,0.18675747327223724,0.62356118811007,0.4866202044466386,0,0,1,0,0,0,0.6741573033707865,0.576271186440678,0.8676502732079424,0.19598649226204476,0.44365018882554447,0.9992631611293087,0.05586376215632025,0.1591918094604089,0,0,0.5502312278694977,0,0,0,0,1,0
5167,0.13333333333333333,1,0.0,1.0,0.7382389867240157,0,0.822744561945551,0.4178061488982634,0.15755410102705475,0.37448905667542537,0,1,0,0,0,0,0.8314606741573034,0.13559322033898305,0.9463819943589806,0.5739945003509345,0.8313734343158207,0.17505228047127644,0.5907064875889642,0.886477668599795,1,0,0.30680030825332977,0,0,0,0,0,1
5168,0.03333333333333333,1,0.0,0.3333333333333333,0.49315578051408016,0,0.6528219471991394,0.2604269347440162,0.6214442368698812,0.7851304636115801,0,0,0,0,0,0,0.07865168539325842,0.1864406779661017,0.5126987685715498,0.6477146862934999,0.8546025070578157,0.5617565848613412,0.4021987205137568,0.3148408166395739,0,0,0.15389017175251365,0,0,0,0,0,1
5169,0.03333333333333333,0,0.3333333333333333,0.6666666666666666,0.5452132789907118,0,0.33906863715697944,0.5071549015737629,0.1455617427846515,0.45491427715120997,1,0,0,0,0,0,0.6067415730337079,0.8983050847457628,0.006470297572961096,0.03440859500450264,0.9712793404276951,0.5628915455959155,0.19370371304087985,0.06660219759074419,0,0,0.012290818010548231,0,1,0,0,1,1
5170,0.43333333333333335,1,0.0,0.3333333333333333,0.877251881281608,0,0.7921654187431489,0.5270361923144781,0.0030316410222148036,0.9824776608829708,0,0,0,0,0,0,0.34831460674157305,0.576271186440678,0.7977847803945638,0.4847191632578264,0.4251199373756201,0.1620617752880033,0.6613159150227935,0.571423206352631,1,1,0.12746450430064468,0,0,0,0,1,1
5171,0.3,1,0.0,0.3333333333333333,0.5566985333377893,0,0.6838145421525476,0.7606424484113076,0.6951576515908121,0.3104601737104475,0,0,0,0,0,0,0.20224719101123595,0.1864406779661017,0.3590480301989946,0.8365051798315903,0.8744972172539393,0.5327691412284107,0.20025924205588536,0.2177227834554222,0,0,0.31758647456457034,0,1,0,0,0,1
5172,0.2,1,0.3333333333333333,0.6666666666666666,0.12060543643163889,0,0.020039334222178132,0.4609614801843996,0.552819247572042,0.7741187389309148,0,0,0,0,0,0,0.3146067415730337,0.9491525423728814,0.8474823744907165,0.11515634783078449,0.2566032004866171,0.4803012136128741,0.7796861181239753,0.6594531252057804,0,0,0.9323062645932371,0,0,0,0,0,0
5173,0.4666666666666667,0,0.0,0.0,0.053674095909190415,0,0.23046162989942964,0.6417012675244014,0.7760262832625846,0.5006589656878077,0,0,0,0,0,0,0.449438202247191,0.8305084745762712,0.2651116900789938,0.7096227917444294,0.2262893587404431,0.9292783703488335,0.7454308622397045,0.5417761438408117,0,0,0.4913875641043566,0,0,0,0,0,0
5174,0.7,0,0.0,0.3333333333333333,0.7320605700404359,0,0.3144247399300705,0.649719958454442,0.47536695446119426,0.5384479685733726,0,1,0,0,0,1,0.12359550561797752,1.0,0.6405519576972192,0.05452991524702969,0.8056576321455479,0.885551856260685,0.8771249905432195,0.2890582902712236,0,0,0.48039261289364377,0,0,0,0,1,0
5175,0.36666666666666664,0,0.0,0.3333333333333333,0.8970863687522754,0,0.9745655596404094,0.9523292278608004,0.5407738339047926,0.025508566187173037,0,0,1,0,0,0,0.21348314606741572,0.4067796610169492,0.8994996196087659,0.737293140713935,0.09541122857421798,0.45291766456908317,0.31942725842531355,0.9473735921769086,0,0,0.5004244733570492,0,0,1,0,1,0
5176,0.5333333333333333,1,0.6666666666666666,0.3333333333333333,0.7478857088440196,1,0.5516585815505523,0.9101338380903631,0.06734602254701666,0.24030405149278997,0,0,1,0,1,0,0.9887640449438202,0.4576271186440678,0.5941414859094766,0.4965869943532427,0.9827052679506677,0.3148367056700257,0.7930580668998232,0.8086408834110379,0,0,0.2373753640618759,1,0,0,0,0,0
5177,0.4,1,0.0,0.3333333333333333,0.33220864313906884,0,0.1173317607467112,0.3187069102181918,0.8751078926114817,0.04852645021838976,1,0,0,0,0,1,0.8314606741573034,0.11864406779661017,0.7990840094129481,0.6530047858587266,0.08515999494235198,0.7648195747189839,0.5143897477251391,0.42726477393251566,0,1,0.9427742394131328,1,0,0,0,1,1
5178,0.36666666666666664,1,0.0,0.0,0.898797880559077,0,0.8077154167981678,0.28747006785495516,0.5809443708047134,0.7723437356279947,0,0,0,1,0,1,0.19101123595505617,0.3220338983050847,0.08214815996776234,0.10895279910475791,0.6110536479072344,0.236363333892902,0.11304195021452501,0.8021616551714881,0,0,0.8325998969169506,1,0,0,0,0,0
5179,0.36666666666666664,0,1.0,0.6666666666666666,0.640730169962988,0,0.3371473187550947,0.9038716403424512,0.02366006295315609,0.7101592560216746,0,1,0,0,0,0,0.21348314606741572,0.06779661016949153,0.18574229003671097,0.8774345496879232,0.22563128043197825,0.46155927057200097,0.9562012675221865,0.4565154530015911,1,0,0.1228175395876585,0,0,0,1,0,0
5180,0.13333333333333333,0,0.3333333333333333,0.0,0.6635823116087818,0,0.44293430210117685,0.6773246555910969,0.22454640377230828,0.348375921905724,0,0,0,0,0,0,0.550561797752809,0.6779661016949152,0.8454223844629749,0.28538389075642984,0.6626715940707503,0.31479580802431273,0.24067493009491198,0.6397701927983603,0,0,0.6263979706843601,0,0,0,0,1,0
5181,0.43333333333333335,1,0.3333333333333333,0.0,0.6952118237016555,0,0.8605778855784603,0.41086378226890224,0.9367741806048544,0.1552118419488429,1,0,0,1,0,0,0.6292134831460674,0.7457627118644068,0.1589911707159915,0.2393242102494796,0.38418592590841316,0.115613348133032,0.11502190017021723,0.5669746934718198,0,1,0.05105963210061877,0,0,1,0,0,1
5182,0.2,0,0.3333333333333333,0.3333333333333333,0.8671333554551669,0,0.6694706384146359,0.9450235551445283,0.09032045707028771,0.9682472747608493,0,0,0,0,1,1,0.20224719101123595,0.3389830508474576,0.34990229667196243,0.40408491693471194,0.11617523118305632,0.655612454569762,0.4266614284927951,0.7245337273705111,0,0,0.7751212362542618,0,1,0,0,1,0
5183,1.0,1,0.0,0.3333333333333333,0.46301730343067216,0,0.6575367255250233,0.39004268675221054,0.960117065765935,0.1784765315921063,0,1,0,0,0,1,0.42696629213483145,0.4067796610169492,0.6642338379660362,0.409728835692843,0.8959829544090016,0.31633919445834363,0.7144203301147386,0.2776361592048207,0,0,0.5682307299528236,0,0,0,0,0,0
5184,0.43333333333333335,0,0.0,0.6666666666666666,0.017143634508637963,0,0.4247280712364488,0.8691560069087982,0.5843467051045759,0.8500679987552734,0,1,1,0,0,0,0.9438202247191011,0.8135593220338984,0.7976107322704326,0.0555688936495912,0.5316138377468419,0.00015568433795516787,0.20390302188268097,0.2571639032989969,1,0,0.552036279242475,0,0,1,1,0,1
5185,1.0,1,0.0,1.0,0.46274711579229655,1,0.2338728217615341,0.6714062543276038,0.12369193099308175,0.9463602719779993,0,0,0,1,0,0,0.6629213483146067,0.5423728813559322,0.93732135075403,0.17160865807594333,0.30895082676698116,0.2859689657271487,0.47453782235808345,0.3750329574553234,0,0,0.24427454703142565,0,0,0,0,0,1
5186,0.36666666666666664,1,0.0,0.6666666666666666,0.3618818617851113,0,0.06520834877137875,0.26386392765984845,0.3991857216995772,0.49432760156552,0,0,0,1,0,0,0.1348314606741573,0.13559322033898305,0.9036255895475099,0.8047868821291907,0.9287957689380449,0.3562898563254268,0.7250418774674882,0.3722020980966001,0,0,0.044512081991848924,0,0,0,0,0,1
5187,0.5,1,0.0,0.3333333333333333,0.7643350847773772,0,0.8285383705000667,0.9625298447413851,0.6337922203654022,0.9325721770251715,0,1,0,0,0,1,0.7078651685393258,0.7627118644067796,0.1711347251047223,0.441465341966621,0.5659346736200295,0.40412126515228686,0.1960151645382694,0.12486883630396045,0,0,0.7493217355039722,0,0,0,1,0,0
5188,1.0,1,0.6666666666666666,0.3333333333333333,0.16809351891567723,1,0.4353187392105115,0.22243026491489004,0.5021894817467453,0.6584429573488376,0,1,0,0,0,0,0.0449438202247191,0.9491525423728814,0.14690834670392178,0.9502636361742287,0.735651014076306,0.8186950734298055,0.6689836813866209,0.2045212594599589,0,0,0.12040433807940526,1,0,0,0,0,1
5189,0.9,1,0.0,0.3333333333333333,0.9004006413033928,1,0.8387080459058761,0.3348083895312753,0.018565119228755665,0.5077252169257959,0,0,0,0,1,0,0.6067415730337079,0.15254237288135594,0.5483813434335126,0.3749159117789697,0.71123367318356,0.15180840117381872,0.3801289093417704,0.164486981002992,1,0,0.5343319923468685,0,0,0,0,0,1
5190,0.1,0,0.0,0.0,0.46808651177497085,0,0.31824585598650473,0.9728280225350182,0.35197866293198565,0.6637589054782709,0,0,0,1,0,1,0.23595505617977527,0.01694915254237288,0.3057606538418,0.8645458629304,0.08203755986066939,0.49637581986010837,0.7807068387596597,0.8420977031711998,0,1,0.3047756458649984,1,0,0,0,0,1
5191,0.4666666666666667,1,0.6666666666666666,0.3333333333333333,0.11498525235310338,0,0.4402347837221043,0.591725212581712,0.7181785897757728,0.765023991759017,0,0,0,0,0,1,0.02247191011235955,0.3389830508474576,0.8839692014351778,0.883157512684419,0.16118924325070827,0.9932577564275193,0.6239722629723442,0.9158212562341925,0,0,0.8966671267711442,0,1,0,0,0,0
5192,0.8,0,0.0,0.6666666666666666,0.6946279682444592,1,0.28188862465636827,0.6971669963136641,0.7849347666755735,0.22831992567253612,0,0,0,0,0,0,0.0449438202247191,0.3389830508474576,0.6393492235392392,0.07841493440819713,0.5748598464016561,0.9000544201192545,0.2995733378338679,0.29556350887752864,1,0,0.07942363532511026,0,0,1,0,0,1
5193,0.7,1,0.0,0.3333333333333333,0.5106283031595069,0,0.9610577457593846,0.474031575920276,0.7892953194753075,0.8576857287816851,0,0,0,0,0,0,0.797752808988764,0.8305084745762712,0.18236148175892444,0.5441750350908864,0.13365540187451785,0.19341375443987402,0.5194749069284644,0.9539602111644613,0,0,0.3621669424366064,0,1,0,0,1,0
5194,0.16666666666666666,0,0.6666666666666666,0.6666666666666666,0.5834187111974553,0,0.2695523149363322,0.09664773739652804,0.8837083283363459,0.42773451732318557,0,0,0,0,0,1,0.7191011235955056,0.711864406779661,0.15835970525292511,0.25859360581615454,0.2559820929534274,0.9675987609740162,0.31384752728661397,0.7885241523468114,0,1,0.7614762599338823,1,0,1,0,0,0
5195,0.8,1,0.6666666666666666,0.3333333333333333,0.695950902937895,0,0.6974731764208387,0.46813550726905107,0.02110740554678202,0.28683790024744166,0,1,0,0,1,0,1.0,0.23728813559322035,0.5804009768768761,0.13595914432269052,0.8712793892145181,0.781998676548237,0.16420763460235469,0.22937038096383386,1,1,0.8016875509236656,1,1,0,0,0,1
5196,0.06666666666666667,0,0.0,1.0,0.3889186863449985,0,0.7411486348231859,0.3889262934936406,0.5936440391478612,0.06013609731749015,0,1,0,1,0,0,0.0898876404494382,0.15254237288135594,0.1533435264915814,0.9298577661215622,0.29366986733891315,0.523572691635271,0.2163271092319242,0.18197828307591912,1,0,0.19703651718613172,0,0,0,0,0,1
5197,0.6666666666666666,0,0.0,0.3333333333333333,0.7360558770495959,1,0.378084682006645,0.850796775302905,0.664314570021357,0.49860848707125677,0,0,1,0,0,0,0.25842696629213485,0.3898305084745763,0.23680151407776057,0.2511618668957653,0.3454943188107379,0.2977682914095463,0.31579059664950143,0.5422828106733965,0,0,0.9711664230964429,0,0,0,0,1,0
5198,0.0,0,0.3333333333333333,0.3333333333333333,0.0861859355094905,1,0.3708439548317071,0.2023535312164758,0.6713487434746329,0.5686117412499839,0,0,1,0,0,0,0.7303370786516854,1.0,0.2775231536253402,0.7719031632771425,0.12813948224023092,0.31399409500217823,0.38859724216624536,0.04101800231046274,0,0,0.29003560849062254,1,0,0,1,0,1
5199,0.7666666666666667,0,0.6666666666666666,0.0,0.4734601951340737,0,0.6621760023679638,0.9082429451197156,0.7236040986400185,0.10242977637531747,0,0,0,0,0,0,0.39325842696629215,0.8135593220338984,0.46283095666056856,0.062034325403514674,0.4021295488927684,0.44597137549581883,0.11332556893753229,0.1329199394549235,0,1,0.6743356839881604,0,0,0,0,0,1
5200,0.3333333333333333,0,0.0,1.0,0.914499460783415,0,0.2682696589122748,0.2728952093248295,0.6101522718049193,0.7717498111499075,0,0,0,1,0,1,0.20224719101123595,0.7288135593220338,0.031206019277094012,0.9071123068257549,0.34720306692961944,0.8984898148084965,0.17216031248292776,0.6569798852970543,0,0,0.6878099221643991,0,0,0,0,0,0
5201,0.03333333333333333,1,1.0,1.0,0.7977991870405727,0,0.5115865136157025,0.12195813958774221,0.11976484610379502,0.09114798191376003,0,0,0,0,0,0,0.19101123595505617,0.2711864406779661,0.7890846490938925,0.8011771714567936,0.9909634207142554,0.6402603183071055,0.8049131851768466,0.4072592966080701,0,0,0.42979329268049465,1,0,0,0,0,0
5202,0.3,1,0.0,1.0,0.9431828179289701,1,0.29439040273791955,0.2273456230283854,0.7287999729998664,0.8761587523095653,0,1,0,0,0,0,0.3146067415730337,0.11864406779661017,0.36642736739822307,0.17068532726485153,0.837872302987994,0.743458474806986,0.46527561711532733,0.1273841994740784,0,0,0.20135534048433273,0,0,0,0,1,1
5203,0.0,1,1.0,0.6666666666666666,0.373172821333216,0,0.6910300601372691,0.9562887471695357,0.9477319512070321,0.024414675348186178,1,1,0,0,0,0,0.9213483146067416,0.1016949152542373,0.14907866634979067,0.007605784647858638,0.22924794793070746,0.8689986606140159,0.6685365054561853,0.09739902828920298,0,1,0.9426122935488561,0,0,0,0,0,1
5204,0.0,0,0.0,0.6666666666666666,0.5761211398934148,0,0.11028647688741122,0.11895104808459817,0.6016148576496386,0.9737426849931534,1,1,0,0,0,0,0.4157303370786517,0.4067796610169492,0.058036187995445944,0.9257604005364601,0.19222508252401568,0.06782058577526222,0.9933865682596781,0.5041072146072805,0,0,0.03560152373227223,1,1,0,0,1,0
5205,1.0,1,0.0,0.0,0.05770484752133877,0,0.5407642078183056,0.10692291299477656,0.7592638157546592,0.2804688602685597,0,0,0,0,0,0,0.42696629213483145,0.847457627118644,0.9640791351872614,0.27394318676123436,0.5912305310821069,0.8699888359193915,0.28518777610371804,0.7167366335791033,0,1,0.5051007203147114,0,1,0,0,0,0
5206,0.8666666666666667,1,0.3333333333333333,1.0,0.16359844277022595,0,0.9365466016351068,0.8819963407784402,0.036663479394977896,0.411456165077923,1,1,0,0,0,0,0.43820224719101125,0.03389830508474576,0.27799471803860437,0.8881937710939335,0.5549293435142917,0.6525588960317854,0.36890132603908743,0.5541422299629241,1,1,0.9027321496710001,0,0,0,0,0,1
5207,0.5333333333333333,0,0.0,0.3333333333333333,0.8765338170121328,0,0.8436595766195186,0.8515557557714385,0.24330111254262232,0.7379997258916517,1,0,0,0,0,0,0.47191011235955055,0.6101694915254238,0.8387452029091916,0.73151391365969,0.10467882698092473,0.14151684593930777,0.8144828353655814,0.04579873175479201,0,1,0.7395657030397588,0,0,0,0,0,0
5208,0.26666666666666666,0,0.0,1.0,0.46533648918618636,0,0.07538650594085874,0.30206124584124505,0.3040481004652735,0.2690378906148837,0,0,0,1,0,0,0.2808988764044944,0.9661016949152542,0.2819411121535185,0.20115227467299363,0.3378777776643134,0.9617686708089912,0.5507491269140667,0.5381801023167355,0,1,0.08640340407368088,0,0,0,1,1,1
5209,0.5,0,0.0,0.3333333333333333,0.5562373884205124,1,0.6414070115879335,0.9772170464737155,0.0973787474077391,0.7155045354108346,1,1,0,0,0,0,1.0,0.7457627118644068,0.784767576774892,0.20281398606966322,0.1958401104749057,0.4942425173887144,0.5658191514335548,0.37094472245987714,0,0,0.2955949385182471,0,0,0,0,1,1
5210,0.26666666666666666,0,0.3333333333333333,0.0,0.5539789577986663,1,0.1249476177211457,0.12321698358901804,0.03255326188961669,0.08495943387583074,0,1,0,0,0,1,0.42696629213483145,0.7627118644067796,0.36283979494606394,0.4107168693763866,0.8579793984031097,0.9569242978459032,0.23213407333083108,0.5387343737066088,0,0,0.15336211299941185,1,0,0,0,0,0
5211,0.06666666666666667,0,0.3333333333333333,0.3333333333333333,0.11472388171843374,0,0.6766071009706104,0.9597688583751284,0.4261326950586867,0.7077381281565585,0,0,1,0,0,0,0.4606741573033708,0.8135593220338984,0.3490754724259435,0.8998841471639429,0.2121812822523133,0.6819952605729562,0.21966065133186888,0.9576082900853063,0,0,0.8573966198298573,0,0,0,0,0,0
5212,0.8333333333333334,1,0.0,0.3333333333333333,0.7776285165332879,0,0.9952423691946872,0.19556872381392357,0.8196946471117905,0.7603353922772579,0,0,0,0,0,0,0.6629213483146067,0.6440677966101694,0.5618313934417919,0.5662173964720485,0.7911774812061712,0.4543610635393645,0.3388026351964439,0.4111458335538153,1,0,0.069741031928262,0,0,0,0,0,1
5213,0.9333333333333333,0,0.0,0.3333333333333333,0.5947081440430493,0,0.7056958563339336,0.24782417553180436,0.5642777981080667,0.19531820730423444,0,0,1,0,0,1,0.48314606741573035,0.9661016949152542,0.823572487716796,0.34879049922548133,0.6356301827411139,0.04841056887362632,0.449056422181164,0.7371411311671417,0,1,0.5083341505809701,0,1,0,0,0,0
5214,0.4666666666666667,1,0.3333333333333333,0.0,0.8530871371569468,0,0.5071299181693512,0.8719138599126942,0.5926546898370942,0.6113669213985232,0,0,0,0,0,0,0.6629213483146067,0.01694915254237288,0.6277108631535508,0.21822353018380874,0.23083225476449654,0.20406741934028785,0.7181010640720549,0.19769706443436524,0,0,0.8145338837518684,0,1,0,0,0,0
5215,0.2,0,0.0,0.6666666666666666,0.8262221804421412,0,0.39476841812177343,0.011929280805768716,0.1865786340250033,0.46806644202810765,0,0,0,1,0,0,0.0898876404494382,0.847457627118644,0.5215251973259948,0.0855233839139168,0.18084047388431884,0.7278764861141928,0.6025804059779766,0.7693139639495136,0,0,0.7583422433253347,0,1,1,0,0,0
5216,0.5333333333333333,1,0.0,0.6666666666666666,0.5599793082325774,0,0.1813751965199069,0.27047831847604437,0.2306466768466895,0.414589846010418,0,0,0,1,1,0,0.20224719101123595,0.5084745762711864,0.04696428844070555,0.5682430626750774,0.6768747334156414,0.30680993847993115,0.4100614607858727,0.36047353265103743,0,0,0.03650411901605913,0,0,0,0,0,1
5217,0.23333333333333334,1,0.3333333333333333,0.3333333333333333,0.4502306516631676,0,0.715581880559273,0.174187717386461,0.3283938365527851,0.9753382837025373,1,1,0,1,1,0,0.6853932584269663,0.0,0.4222809983851286,0.3811222688213198,0.23691346042254674,0.04984673949612173,0.2848048615628144,0.9361723880237381,0,0,0.4674704429984841,0,1,0,0,0,0
5218,0.36666666666666664,1,0.3333333333333333,0.3333333333333333,0.9071955942761217,0,0.735740349157215,0.9042614580088626,0.9247694409375095,0.41297362460458553,0,0,0,0,0,1,0.7752808988764045,0.864406779661017,0.3889015635430628,0.16253572760617066,0.49189167367181114,0.1365553455844753,0.7342418317205589,0.8548218703787172,0,1,0.624992698186784,0,0,0,0,1,0
5219,0.7333333333333333,0,0.0,0.3333333333333333,0.9395850937299927,0,0.7645866050723586,0.5738299028357504,0.02568916170354622,0.7831634693758229,0,1,0,0,0,0,0.9662921348314607,0.4576271186440678,0.13791091915886158,0.7428835519091969,0.22945247455625706,0.6751373219590054,0.44550735466133307,0.9843440527507856,0,0,0.7161952669743291,0,0,0,0,0,0
5220,0.7666666666666667,0,0.0,0.3333333333333333,0.5668397728466033,0,0.9686497347783075,0.8202279588013806,0.6520881329669529,0.7370944864670773,1,0,0,0,0,0,0.8426966292134831,0.559322033898305,0.6179673804728434,0.30307659022737193,0.6653659817587957,0.9671005944494323,0.6881149984200108,0.5026404957950686,0,0,0.11596918403371952,0,0,0,1,1,0
5221,0.5,1,0.3333333333333333,0.3333333333333333,0.4275754689754521,0,0.15390661643981,0.9100508061661324,0.61965189428776,0.6976571089013935,0,0,1,0,1,1,0.898876404494382,0.2033898305084746,0.6432504326764712,0.35041566743750635,0.9955319626264455,0.04532984502689363,0.7641269676244289,0.7962606032843275,0,0,0.5967186440304588,0,0,0,1,0,0
5222,0.26666666666666666,0,0.0,0.3333333333333333,0.22341884240463333,1,0.730814374354188,0.8494972270648384,0.7915717996069618,0.18114064894082343,0,0,0,0,1,0,0.16853932584269662,0.4745762711864407,0.7724196900578019,0.07500471136219433,0.6194426108324097,0.09222054330218206,0.36652873650392126,0.8209677423272593,0,0,0.8115407295172673,0,0,0,0,0,0
5223,0.6,1,0.0,0.0,0.40591338651173614,0,0.7728647601984995,0.34149049706320317,0.14550229249186583,0.69369395452727,0,0,1,1,0,0,0.898876404494382,0.0847457627118644,0.3438755677331169,0.3655890219000242,0.5361444027142345,0.2819585763007013,0.49802804023154884,0.5694575514096472,1,0,0.14327231614869412,0,1,0,0,0,1
5224,0.2,1,0.0,0.3333333333333333,0.035696979505064036,1,0.6982783293823848,0.4593115597978685,0.6393064352275619,0.47309804639403874,0,0,0,0,0,0,0.38202247191011235,0.423728813559322,0.06595939293288086,0.17531469203813352,0.5581066353654437,0.44781486139340554,0.3706158437987478,0.3617810030419924,0,0,0.1996814751628678,0,0,1,0,0,1
5225,0.9666666666666667,0,0.0,0.0,0.9058217224582762,0,0.9957236250414231,0.6290926257000772,0.07491748752756464,0.1911825361125439,1,1,0,0,0,0,0.5168539325842697,0.9322033898305084,0.8668161254655261,0.3917699715873764,0.46693855882231244,0.863284028166957,0.3989369624513075,0.07294946120522816,0,0,0.8513970938747951,0,0,0,0,0,0
5226,0.23333333333333334,0,0.0,0.6666666666666666,0.5606412106132523,1,0.06129809705014294,0.9594975991654747,0.09759810953383405,0.15929865006974192,0,0,0,0,0,0,0.15730337078651685,0.423728813559322,0.8524521489323651,0.420601382207676,0.8502139603278772,0.547306636552171,0.4218638536145626,0.13405860896187372,0,1,0.15543746252310287,1,0,0,0,0,1
5227,0.4666666666666667,0,1.0,0.6666666666666666,0.24572900975430692,1,0.3743599827274484,0.016322970126472956,0.5964172079826493,0.0938326708109727,1,0,0,0,0,0,0.9213483146067416,0.576271186440678,0.5100078425227254,0.5660542881710596,0.4605983828838998,0.11976369028424082,0.21243022403111916,0.5319318133795408,1,0,0.6755609005999563,0,0,0,0,0,0
5228,0.5666666666666667,1,0.0,0.6666666666666666,0.6116166664199099,0,0.7352441934724636,0.8085948955696154,0.09942729652257289,0.8253901009862155,0,0,0,0,0,0,0.8539325842696629,0.3050847457627119,0.40520818048788804,0.848780230771573,0.06043443114321766,0.885790391067016,0.9428012793077014,0.6312238649808287,0,0,0.686936162387858,0,1,1,0,0,0
5229,0.9,1,0.0,0.6666666666666666,0.3012421634451227,0,0.519394735273926,0.7089160978027268,0.36385179407118545,0.8892319247979052,0,0,0,1,0,0,0.16853932584269662,0.3898305084745763,0.23115714340558827,0.7836250237942969,0.15838049335847887,0.529645131462181,0.39690069910043935,0.9201841047237399,0,0,0.29345620037158615,0,0,0,1,0,0
5230,0.7666666666666667,0,0.0,0.6666666666666666,0.7164279494603302,1,0.0876706513885933,0.07074916763701054,0.8589517592016656,0.9153316177949099,0,0,0,0,0,0,0.43820224719101125,0.6779661016949152,0.9733177524546461,0.9233946291899728,0.8179682907433621,0.3676728955268817,0.6668411891509217,0.20495385933714552,1,0,0.02649612529444684,1,0,0,0,0,1
5231,0.6,0,0.0,0.3333333333333333,0.7795657102303502,0,0.19526423934199527,0.19634114890895196,0.30428668651588303,0.5368813501923456,1,0,1,0,0,0,0.9213483146067416,0.8983050847457628,0.8334370338149794,0.5197222631261235,0.7699972534721028,0.4709517446267801,0.6972203124207608,0.7663923595547573,1,1,0.5990053766067129,0,0,0,0,0,1
5232,0.9333333333333333,1,1.0,0.3333333333333333,0.01414748096361913,0,0.38905186458543684,0.8839292982013284,0.6298118439465447,0.12011819870523206,0,0,0,0,0,0,0.7640449438202247,0.847457627118644,0.35274722724016044,0.7451930410984204,0.23165724784188996,0.8144778942108739,0.9031936498433394,0.4489376967184576,0,0,0.7430101998498994,0,0,0,0,0,0
5233,0.03333333333333333,1,0.3333333333333333,0.3333333333333333,0.2537910258028304,0,0.9405025763529238,0.5361212742558009,0.31573078040642794,0.1933317528443029,1,0,1,0,0,0,0.9101123595505618,0.6101694915254238,0.6008004491938778,0.47036296748437256,0.5472078218555264,0.41436536255805745,0.396793446637643,0.5068060250370624,0,0,0.32236819315984677,0,0,0,0,1,0
5234,0.03333333333333333,0,0.6666666666666666,0.3333333333333333,0.4334687531561285,0,0.351730145381929,0.5499999261738642,0.06122082663091639,0.7584916548359617,1,0,0,0,0,0,0.5842696629213483,0.7796610169491526,0.560940746035412,0.9570087143026285,0.24279410633626902,0.10013386984303452,0.5207571910915648,0.2970244017979426,1,0,0.2849938517089561,0,0,1,0,0,1
5235,0.06666666666666667,0,0.0,0.3333333333333333,0.09804841433849018,0,0.17745719886084202,0.16984192822988942,0.08443540066688925,0.34919867595158743,0,0,0,0,0,0,0.7415730337078652,0.7966101694915254,0.11651980109895384,0.2311134057788279,0.8334020679111434,0.3210788323469715,0.7456531869965366,0.5970955281486356,1,0,0.8294344582476082,0,1,0,1,1,0
5236,0.6666666666666666,0,0.6666666666666666,0.6666666666666666,0.1811162068170526,1,0.6882476627650489,0.6864604491085503,0.8962195894223273,0.8852013673135946,0,1,0,0,0,0,0.7865168539325843,0.6610169491525424,0.6172875534119784,0.35620738428741683,0.1734717915214379,0.704604067586717,0.19025048789202165,0.7833388834845686,0,0,0.3835545494509359,0,0,0,1,1,0
5237,0.4666666666666667,1,0.6666666666666666,0.6666666666666666,0.33568116585383884,0,0.9999498662364514,0.12732758562598853,0.35073898008151827,0.9512408128259957,0,0,0,1,0,0,0.6292134831460674,0.559322033898305,0.0898358678108035,0.49897817095735186,0.2105704491782405,0.4689804692725141,0.21837340864493063,0.08149464986603387,0,0,0.4629163190633423,0,0,0,0,0,1
5238,0.3333333333333333,0,0.0,0.0,0.053631520165922146,1,0.7719197994948932,0.8140607414194043,0.6007785607159253,0.3197944058518282,1,0,1,0,0,0,0.11235955056179775,0.1016949152542373,0.05836792927062924,0.5457052897800979,0.8074408416304246,0.10942549885672934,0.7364925672830442,0.33662352878439655,0,0,0.9087225636154266,0,0,0,0,0,0
5239,0.5666666666666667,0,0.0,0.3333333333333333,0.46059209161531817,1,0.42000796238268334,0.9937305730540702,0.8529253144227588,0.6737472821574259,1,0,0,1,0,1,0.9213483146067416,0.8983050847457628,0.23277573577261795,0.5523174842771634,0.45965685679004215,0.3127099548721838,0.07423060772702904,0.8124040149922801,0,0,0.19796361954892064,0,0,0,0,0,0
5240,0.2,1,0.3333333333333333,1.0,0.6264245287144147,0,0.3824453326932579,0.12716055403382387,0.36393940855148343,0.7174013583298167,0,0,0,0,0,0,0.8876404494382022,0.7288135593220338,0.5545775733421384,0.7304090660629825,0.7927671114277963,0.47351626986495954,0.2506224337821876,0.4036607169941127,1,1,0.43265196654269755,0,0,0,1,0,1
5241,0.5666666666666667,1,0.0,0.0,0.5062600011462983,0,0.4894434237284995,0.5088424231322505,0.5142255367673431,0.09303384042209714,0,0,1,0,0,0,0.033707865168539325,1.0,0.3623099469673563,0.9860098517552268,0.6737724788763796,0.1714778642830552,0.28795343420208286,0.10664885772609312,0,0,0.062454273341772434,0,0,0,0,0,1
5242,0.36666666666666664,0,0.0,1.0,0.09850789876212103,0,0.12495451861038614,0.06607965700570428,0.7375598218396782,0.8353138918037474,0,0,0,0,1,0,0.6067415730337079,0.9322033898305084,0.5112343537501881,0.1784337540648973,0.13761383052228568,0.5353173810236356,0.364131277697052,0.015882891053432192,0,0,0.64818085732455,0,1,0,0,0,0
5243,0.13333333333333333,1,0.6666666666666666,0.3333333333333333,0.3357148466582794,1,0.024050623503867836,0.3985634933671201,0.25196831027814476,0.2609358693684883,0,0,0,0,0,0,0.6067415730337079,0.4067796610169492,0.21981138831992345,0.9323148205818279,0.06580763161633972,0.043584055590599885,0.36710480071538665,0.21691284792036658,0,0,0.31848076564208955,0,1,0,1,0,1
5244,0.06666666666666667,0,0.0,0.3333333333333333,0.9928063458418476,0,0.8387949607411941,0.4313654701815839,0.6329953490176596,0.04048643479782142,0,0,0,0,0,1,0.7303370786516854,0.0847457627118644,0.046216006015155145,0.926091145566974,0.01560982655423674,0.05246754601162814,0.6752951186465452,0.12966896962299662,0,0,0.5650816884641597,0,0,0,0,0,0
5245,0.13333333333333333,1,0.3333333333333333,0.3333333333333333,0.35772328835889855,0,0.6258050669278256,0.8489695124786393,0.9678624349945675,0.7424509406825429,0,1,0,0,0,0,0.3146067415730337,0.3898305084745763,0.36882618098232567,0.709201186294662,0.328499079258469,0.7258094816718488,0.0784264677112453,0.16072068243096693,0,0,0.6639086787254376,0,0,0,0,0,0
5246,0.8333333333333334,0,0.0,0.6666666666666666,0.7588404113572487,0,0.5372010740515075,0.42510945437738956,0.0329409958166262,0.3719380543075271,1,0,0,0,1,0,0.3595505617977528,0.5423728813559322,0.05424678869706968,0.02750279175397191,0.8758923168462316,0.6063319241365555,0.4071811038944072,0.18100732030534006,0,1,0.7920050104417173,0,0,0,0,0,1
5247,0.6333333333333333,1,0.0,0.3333333333333333,0.8695389738739002,0,0.09997472898640601,0.07349124525582605,0.5011367670609196,0.08645869420111996,0,0,0,0,0,1,0.12359550561797752,0.3898305084745763,0.8834054771162652,0.498622995371811,0.8334639812860136,0.10014024212755483,0.4604413549203125,0.21044311695174164,0,0,0.22607199388680835,0,0,0,0,0,1
5248,0.8666666666666667,0,0.3333333333333333,0.3333333333333333,0.08241499439007266,1,0.6971718701482029,0.5352439352252758,0.6275969490236537,0.377131849295114,0,0,0,0,0,0,0.15730337078651685,0.5423728813559322,0.18919446221503755,0.587219324714697,0.7707197834579883,0.31864707359955036,0.5908884352935259,0.5759351366518427,0,0,0.3332113112001697,0,0,0,0,1,0
5249,0.7,0,0.0,1.0,0.5197634669199481,1,0.5436971567414548,0.09856900276942387,0.9153705060434545,0.6987014035287908,0,0,0,0,1,0,1.0,0.2711864406779661,0.6825100675054425,0.22534094033447188,0.7408769181611302,0.5778168255501513,0.7516080434766775,0.036190169881432824,0,0,0.8625890286595984,0,0,1,0,0,0
5250,0.13333333333333333,1,0.3333333333333333,0.6666666666666666,0.6660920627839051,0,0.6688929541605779,0.27027650355867183,0.6944057946047552,0.4614234944503877,1,0,0,0,0,1,0.2247191011235955,0.9661016949152542,0.0753444677454148,0.30806421247817234,0.888140423599772,0.452376230034427,0.3221876389215877,0.0837749649682561,0,0,0.7845331672955705,1,0,0,0,1,0
5251,0.43333333333333335,1,0.0,0.3333333333333333,0.16192721877005053,1,0.10943883088125103,0.6767783205358092,0.9357862118659515,0.9955649335458691,0,0,0,0,0,1,0.5730337078651685,0.9491525423728814,0.8868312377942649,0.3226609757560673,0.2502332397812398,0.025441778775529625,0.3655272135998784,0.707642904493046,0,0,0.5440486855197184,0,0,0,0,1,0
5252,0.06666666666666667,0,0.3333333333333333,0.3333333333333333,0.900688074982717,1,0.47032965218178535,0.5625447783621811,0.6129621679298511,0.6895199439389893,0,0,0,0,0,0,0.5955056179775281,0.9322033898305084,0.5196026969606587,0.30175502798444914,0.9145860406645894,0.2173110672395499,0.034172721547073535,0.8505727193533125,1,1,0.20355383812974673,0,0,0,0,0,1
5253,0.7,1,0.0,0.6666666666666666,0.3754795270860512,0,0.920109621041547,0.6761976432133016,0.2622952177886994,0.05453558847049049,1,0,0,0,0,0,0.8539325842696629,0.8135593220338984,0.4719508272698586,0.10426018154431768,0.18455652973143546,0.8444207377615055,0.5344249604693843,0.49630987340053623,0,0,0.12019158985917185,0,0,1,0,0,1
5254,0.6666666666666666,0,0.3333333333333333,0.6666666666666666,0.24586288325789676,0,0.9537726757881291,0.4548464582530042,0.13097968266131463,0.42518844958945423,0,0,0,1,0,0,0.21348314606741572,0.1694915254237288,0.7707935083451134,0.8240768272439423,0.33378233157704185,0.10221660404586141,0.4442194141766234,0.256241973392443,0,0,0.14784709176911892,1,0,0,0,0,1
5255,0.26666666666666666,1,0.0,0.3333333333333333,0.989631036328086,1,0.16841819403449249,0.0758240000573284,0.2795481454930515,0.4166913366757826,0,0,0,0,0,0,0.38202247191011235,0.6440677966101694,0.7733482231933205,0.9794692887759185,0.04656216894702476,0.5097356275646627,0.48867295689447415,0.21171365775273218,0,0,0.33848459720252305,1,0,0,0,0,1
5256,0.43333333333333335,0,0.6666666666666666,0.3333333333333333,0.21020642557787095,0,0.05714173012291935,0.7378406507842579,0.7575371538243868,0.15261870907474556,0,0,0,1,1,0,0.42696629213483145,0.2711864406779661,0.18592527300196157,0.022365323622001904,0.6203763719167029,0.8693014098528686,0.5991851169408267,0.7240951912017999,1,0,0.021126609634430298,0,0,0,1,1,1
5257,0.03333333333333333,0,0.3333333333333333,0.3333333333333333,0.20652378977922534,1,0.3283541166278173,0.0945036381372607,0.14914021792129997,0.44546490759598983,0,1,0,0,0,0,0.4157303370786517,0.5932203389830508,0.9954243825522239,0.618845298217854,0.27491138903207474,0.13340754269034014,0.7920593486460684,0.7622595204252965,0,0,0.39265945067513147,0,0,0,0,0,0
5258,0.4666666666666667,0,0.0,0.3333333333333333,0.29152628684137233,0,0.5644251075565755,0.4079317483439848,0.5489768844412255,0.12918345728531755,0,0,0,0,0,0,0.056179775280898875,0.7288135593220338,0.04302447384396499,0.24882157957352025,0.036996484334083014,0.08741772712676733,0.7225417235775765,0.3758408392888133,0,1,0.055506561082664004,0,0,0,0,0,1
5259,0.6,0,0.0,0.3333333333333333,0.7595423430010605,0,0.8448147090752192,0.5958777923095233,0.6104424650326897,0.749743566607436,0,0,1,1,0,0,0.4044943820224719,0.9830508474576272,0.47296443824985857,0.745318525153913,0.49246375541603155,0.7413388207421602,0.7241898118376826,0.7292187214689437,1,0,0.08273188511748318,0,0,0,0,1,1
5260,0.06666666666666667,0,0.0,0.6666666666666666,0.791478548499912,0,0.6354162227896829,0.5999402536717856,0.957941309599863,0.9702235570637547,1,0,0,1,0,0,0.7752808988764045,0.8813559322033898,0.7262757754099506,0.09001708940244825,0.9821471605654672,0.9253778382402772,0.5934999386540523,0.6848180426232529,1,0,0.341702021980065,0,0,0,0,1,1
5261,1.0,0,0.3333333333333333,0.3333333333333333,0.7202586337387883,1,0.8345839246968374,0.6687649758497297,0.5525790082515125,0.223712297176478,0,0,0,0,1,0,0.8314606741573034,0.7288135593220338,0.35529319613130317,0.5797156071434504,0.3333910835148235,0.17682194823586878,0.21224773952001236,0.8418778842071784,0,1,0.606446005734641,0,0,0,0,0,0
5262,0.23333333333333334,1,0.0,0.6666666666666666,0.7640718961360727,0,0.19505370539204298,0.31043826596160606,0.13084118004292827,0.8138963557168247,0,1,0,0,1,0,0.4606741573033708,0.0847457627118644,0.4748018551527852,0.3112958534716565,0.586235453068804,0.8143293938833397,0.1341068340262388,0.6517525726995169,0,0,0.035215245944966826,0,0,0,0,0,0
5263,0.2,0,0.3333333333333333,0.6666666666666666,0.4840207397976163,0,0.8999303038236282,0.7331369170571408,0.8501715832314422,0.04933082149878169,1,0,1,0,0,0,0.9550561797752809,0.2033898305084746,0.03602439713488825,0.9574581010780614,0.44717973347053414,0.6592260521819633,0.19505396275089693,0.6566144315360258,0,0,0.7341026247288751,0,0,0,0,1,0
5264,0.8,1,0.0,0.3333333333333333,0.5178993883304156,0,0.045398292895907466,0.35540288893780714,0.5767009817545493,0.7836149788828365,1,0,1,0,1,0,0.9887640449438202,0.6440677966101694,0.9058173165755071,0.8138093626037113,0.9396511457797219,0.6391121612397096,0.10504446364629426,0.7723455897339617,0,0,0.863318463862536,1,0,0,0,0,0
5265,0.6,1,1.0,0.6666666666666666,0.770933942467078,0,0.9195154619653328,0.3173686761617296,0.24104843180340438,0.8956689139325488,0,1,1,0,0,0,0.9887640449438202,0.9152542372881356,0.9921812100012811,0.33603255024669726,0.646442693305867,0.03389181925353286,0.984135158082872,0.7617410795600252,0,0,0.20349615139691246,1,0,0,0,0,0
5266,0.36666666666666664,0,0.0,0.0,0.22582665490912052,0,0.3526800954758117,0.8231040318028621,0.812076207784692,0.4378448688480631,0,0,0,0,0,0,0.7752808988764045,0.6440677966101694,0.7079795571006975,0.8472997471245495,0.5599044817484226,0.757767682257944,0.13532617643113073,0.25141935210726946,0,1,0.6461880777333014,0,1,0,0,0,1
5267,0.8,0,0.6666666666666666,0.3333333333333333,0.8523972072320715,1,0.3518219343455937,0.15548336938261031,0.3165794634404434,0.6394038825523832,0,0,0,1,0,1,0.3595505617977528,0.288135593220339,0.949726362504959,0.07312368718554278,0.24295528284494688,0.7514150004060047,0.8153135155016884,0.2965935311022269,0,1,0.5558171289785275,1,0,0,0,0,0
5268,0.9333333333333333,1,0.0,0.0,0.13616107249038983,1,0.1707821716063836,0.4388356190771646,0.8386542868987648,0.10504099793362265,1,0,0,0,0,0,0.7415730337078652,0.22033898305084745,0.01971568738475082,0.9169247277508993,0.5356407013150905,0.6569668851893579,0.6285184582952236,0.07779250120809274,0,0,0.04716569558180388,0,0,1,1,0,1
5269,0.9666666666666667,0,0.0,0.3333333333333333,0.36070574836824776,1,0.8046154412380182,0.40612680119518907,0.43619129037912396,0.1961469636577801,0,0,0,0,0,0,0.449438202247191,0.01694915254237288,0.5258962154178871,0.39071492262628776,0.8405297862262757,0.01939003698868061,0.11654690356815312,0.3730623625262006,0,0,0.5315056656231874,1,1,0,0,1,0
5270,0.1,0,0.0,0.0,0.06131844323794839,1,0.1598842129147764,0.7722549897348321,0.24885615984943393,0.8003117340251217,0,1,0,0,0,0,0.7865168539325843,0.4745762711864407,0.4944584353584643,0.4700835663854717,0.27607957282197715,0.2046685106455051,0.9365677410207168,0.10241688029616323,0,0,0.9163846223448018,1,0,0,0,0,0
5271,0.6,1,1.0,0.3333333333333333,0.6776651583968812,0,0.2855184130006813,0.659328787533501,0.8070473815900501,0.4205860930245237,0,0,0,1,0,0,0.3707865168539326,0.576271186440678,0.42376874172767715,0.6704054598945917,0.6562134151676244,0.9169728518230562,0.3635072610239941,0.8866157809297419,1,0,0.19818385803954952,0,0,0,0,0,1
5272,0.5666666666666667,1,0.3333333333333333,1.0,0.6391184447018808,1,0.21288777797616829,0.29847144154410626,0.5718010017805195,0.9596459648580389,0,0,0,1,0,0,0.11235955056179775,0.4745762711864407,0.1834903086147927,0.2399593254157331,0.631106980939974,0.46174865867030446,0.7607841095587239,0.8720159020486756,0,1,0.04276604435632999,1,0,0,0,1,1
5273,0.9666666666666667,1,0.0,0.6666666666666666,0.6412782071036974,1,0.19106800011676042,0.8482641477482719,0.5164169150669897,0.45408932045725864,0,0,0,0,0,0,0.056179775280898875,0.1694915254237288,0.5674872635335664,0.364211762694612,0.52535268792903,0.2299636995673297,0.13615691451384127,0.9564428747301693,1,0,0.5619584935806692,0,0,0,0,0,0
5274,0.9333333333333333,0,0.0,0.6666666666666666,0.1324533598477885,0,0.714083437468099,0.10530681348383088,0.5042085184792874,0.0002575684809976979,0,0,0,1,0,0,0.7303370786516854,0.6440677966101694,0.1461864089120694,0.9369206256111138,0.30889862383470423,0.4666126187975716,0.2024052644065053,0.953654537890983,0,0,0.946542240303226,0,0,0,0,0,0
5275,0.06666666666666667,0,1.0,0.6666666666666666,0.7661516603042653,0,0.9901083166361528,0.1291527567869164,0.03413837530305983,0.451168477664942,0,0,0,0,0,0,0.6741573033707865,0.5423728813559322,0.6770541538310648,0.8953810754223585,0.9423649230181711,0.34257969599343085,0.8336581009378262,0.32114373390577017,0,0,0.45867153090866947,0,1,0,0,0,0
5276,0.0,1,0.0,0.6666666666666666,0.6993996846345444,0,0.9419518736428114,0.44940095674151537,0.6664367468470846,0.9720673654110846,0,0,0,0,0,0,1.0,0.05084745762711865,0.7404966968994414,0.07363251981667782,0.32156104232154065,0.4676472959968416,0.8645367971225778,0.27430442768959307,1,1,0.3222473208945629,0,0,0,0,0,0
5277,0.9666666666666667,0,0.0,0.6666666666666666,0.29272767566538027,0,0.8922072079689661,0.763882497666343,0.879908175854941,0.6602799068298497,0,0,1,0,0,0,0.4606741573033708,0.2033898305084746,0.9304742071019698,0.18282140503926822,0.38973007052696207,0.6655739336075035,0.24628841333026102,0.9171586190042668,0,0,0.7986284347786361,1,0,0,0,0,0
5278,0.5333333333333333,1,0.6666666666666666,1.0,0.31341552077280194,0,0.9604479805908274,0.21428507839789218,0.8295029838635569,0.3672874988123735,0,0,0,0,0,0,0.20224719101123595,0.1016949152542373,0.03046313389436613,0.9297109578660987,0.12673170384960936,0.020959548973788347,0.568351529415102,0.010635404656467756,0,0,0.9289965884570911,0,0,0,1,0,0
5279,0.9666666666666667,0,0.0,0.0,0.7971080859016806,0,0.5464556634873812,0.3992036219554411,0.12545377506713998,0.13720586413583305,0,0,0,1,1,0,0.9325842696629213,0.864406779661017,0.42170069146348743,0.5234807477020951,0.754917531414442,0.7424944090081849,0.20009036326234342,0.498158589922737,0,0,0.5364538375154726,0,1,0,0,0,0
5280,0.5,0,0.3333333333333333,0.0,0.6283194141370897,0,0.28384629065084416,0.7403203255165592,0.1775902524405435,0.5266089670002903,0,0,0,0,0,0,0.056179775280898875,0.6610169491525424,0.1742365798045619,0.10896386201879499,0.7521633242940404,0.20431265363475135,0.43458897542561703,0.9779505309122967,0,0,0.005704938706271797,0,0,0,1,0,0
5281,0.8333333333333334,0,0.0,0.6666666666666666,0.7853975145874497,1,0.580525761672834,0.19133255445929623,0.7406563447691157,0.8760079506566911,0,1,0,0,0,0,0.8089887640449438,0.4576271186440678,0.30491702774974927,0.8455330916923883,0.12960040164699882,0.1261832152616456,0.14009576659299122,0.29223897262852805,0,0,0.49163760321318994,0,0,0,0,0,1
5282,0.16666666666666666,0,0.0,0.3333333333333333,0.5455542217795889,0,0.11114405639599352,0.19932757321708053,0.13011602701580907,0.10085604929679086,0,0,0,1,0,0,0.4157303370786517,0.5254237288135594,0.9903024197601479,0.6092568488365058,0.6271731085227329,0.27281259549721637,0.816317465156151,0.5741479099429133,0,0,0.7333787216706212,0,0,0,0,1,0
5283,0.2,1,0.0,0.6666666666666666,0.6718348312627035,0,0.931132519043579,0.7833425313462663,0.7693054236509531,0.9925177717120741,0,1,0,0,0,0,0.056179775280898875,0.7457627118644068,0.10169377604403304,0.8200677040080245,0.36903104035918627,0.7830703256528281,0.8618216985597159,0.6917707898276927,0,1,0.3514135702078315,0,0,0,0,0,0
5284,0.26666666666666666,0,0.6666666666666666,0.3333333333333333,0.023598834225232023,0,0.4282978176634161,0.5554156151939524,0.9803028021433241,0.06841226198564342,0,0,0,0,0,0,0.6966292134831461,0.4915254237288136,0.3209133612847313,0.39872992454806405,0.7720217243108867,0.33309598082499636,0.5831958932999334,0.9207308346095854,1,0,0.7447291465683998,0,0,0,0,0,0
5285,0.8666666666666667,1,0.3333333333333333,0.0,0.32389536177831785,0,0.8640098495765235,0.44449359447528314,0.42924804965257024,0.10605349273646802,0,0,0,1,0,0,0.9775280898876404,0.4745762711864407,0.7062305427312343,0.8053889424370988,0.2675359578171354,0.7969081887451345,0.4055677550826498,0.6668535602757911,0,0,0.4883707143830342,0,0,1,0,0,0
5286,0.16666666666666666,1,0.0,0.6666666666666666,0.3977614820820979,1,0.8610797736007053,0.7292173134140609,0.650734927981158,0.40479533131653217,1,0,1,0,0,0,0.2696629213483146,0.7966101694915254,0.38862411071406766,0.8373412759662806,0.2678657361286057,0.41208488972312657,0.955452910950686,0.26343475056523646,0,0,0.13066659675546483,0,0,1,0,1,0
5287,0.6,0,0.0,0.6666666666666666,0.9660254138294739,0,0.7376835310763163,0.29760311241000553,0.19300768199636972,0.053499931304929076,0,0,0,0,0,0,0.651685393258427,0.8813559322033898,0.11335961732944179,0.3656425145727472,0.8252646886641313,0.11163844203224964,0.9447079422669644,0.7881708556832147,0,0,0.0896108140303181,0,0,1,1,0,0
5288,0.8,1,1.0,0.6666666666666666,0.8816766111566248,0,0.0823146534483831,0.5267581248397785,0.38548063609705807,0.21753023953319153,1,0,0,0,0,0,0.4157303370786517,0.6779661016949152,0.32691184688548375,0.4021605474246743,0.44396642468180136,0.41415339842491405,0.4440466219320578,0.44480379811094295,1,0,0.48831186139280436,0,1,0,0,0,1
5289,0.9666666666666667,1,0.0,0.6666666666666666,0.9040519991372605,0,0.5512647605446432,0.6059553556714685,0.11158606033593298,0.5714450085591867,0,0,0,0,0,0,0.19101123595505617,0.6101694915254238,0.9771813787818058,0.5071340816698061,0.45715166589756445,0.5230021876377466,0.7300486813826819,0.8722745827306155,0,0,0.7813197952353794,0,0,1,0,0,0
5290,0.8,0,0.0,0.6666666666666666,0.03133355421643463,0,0.39128084360357535,0.5531961160288198,0.43715448227986076,0.11070813119402385,0,0,0,0,0,0,0.3595505617977528,0.0,0.4691870172205693,0.8434143777198155,0.1367985647453136,0.8977629621662512,0.37268490401069104,0.6237788893274537,0,0,0.9018229387879169,1,0,0,1,0,0
5291,0.43333333333333335,0,0.0,0.6666666666666666,0.1614176786142288,0,0.2515952866700787,0.6009405580607668,0.8671708145373667,0.2522692709375591,0,0,0,0,0,0,0.550561797752809,0.6610169491525424,0.46310934892561,0.8891313333109391,0.4832338317897085,0.8291617751205381,0.5115970852252857,0.11523093076173764,0,0,0.5041217249726713,1,0,1,0,1,0
5292,0.4,0,0.3333333333333333,1.0,0.36329842212617447,1,0.07011389655938048,0.36282724983940984,0.333328799307752,0.45066915099693106,0,0,0,0,0,1,0.056179775280898875,0.864406779661017,0.5293505215512866,0.40861253638286277,0.1933935202402137,0.0,0.684095527376109,0.24554184108961366,0,0,0.9935032747353612,0,0,0,0,1,0
5293,0.4,0,0.0,0.6666666666666666,0.3731936116031664,0,0.13789931949283948,0.29435950396054994,0.22114475460262373,0.6899927952071514,0,0,1,0,0,0,0.7303370786516854,0.8305084745762712,0.7448800403937353,0.3569682690849617,0.2258710808370581,0.5861201262936341,0.6371673361814166,0.9159535605517867,0,0,0.9988409663331513,0,0,0,0,1,0
5294,0.4,0,0.3333333333333333,0.3333333333333333,0.8202752009957235,0,0.5316724085298726,0.127691307778151,0.6748493916290321,0.33182662504263033,0,0,1,0,0,0,0.651685393258427,0.9491525423728814,0.34783506284578475,0.37563898822675895,0.8984550349603092,0.24569589341114234,0.8059128209791626,0.6807194802629533,0,1,0.7437381494319992,0,1,1,0,0,0
5295,0.9333333333333333,0,0.0,0.0,0.11673120867817321,1,0.6856253396307134,0.14237965650823592,0.6060533325212409,0.6100582576167002,0,0,0,0,0,0,0.7528089887640449,0.4576271186440678,0.5807658043714878,0.22632045355073718,0.9821116235976112,0.5017649003175106,0.5006804857420478,0.9554993038568503,0,0,0.23737963635473566,0,0,0,0,1,0
5296,0.5,1,0.0,0.3333333333333333,0.5101334625344578,0,0.7968306622169037,0.9643806927871048,0.24096465248389992,0.5915795838005585,0,1,0,0,0,1,0.7528089887640449,0.6101694915254238,0.6178145108703588,0.48055289092336373,0.35267645650839186,0.5770386646103446,0.7601361258181486,0.9905330130399655,1,0,0.04612710595149194,0,0,0,1,1,1
5297,0.2,0,0.3333333333333333,0.6666666666666666,0.6052531538153149,0,0.6346716226996574,0.6871074772960908,0.5038087450695963,0.1400781193075537,0,0,0,0,0,0,0.8539325842696629,0.9661016949152542,0.6729346665210966,0.6211494546556655,0.29258792085226665,0.2493181234031486,0.8678296808288406,0.4352361099813982,0,0,0.49260253631018547,0,0,0,0,1,0
5298,0.2,1,0.3333333333333333,0.6666666666666666,0.8886774507380617,0,0.418073601125357,0.33076439426594073,0.6400315474828098,0.26802811256742093,1,0,0,1,0,0,0.7528089887640449,0.559322033898305,0.19558946866396196,0.7505897898552525,0.6182092876975551,0.9916990513556742,0.571614946942531,0.7516285092674646,0,0,0.9726684298936586,0,0,0,0,1,0
5299,0.43333333333333335,0,0.0,0.0,0.23717169751339207,1,0.5393593085143642,0.9858463180390756,0.7705310016824862,0.401334365010837,0,0,0,0,0,0,0.11235955056179775,0.4915254237288136,0.6628285887846603,0.05775190138649141,0.5890706411979365,0.9407143536593857,0.382924994426454,0.557731808385021,0,0,0.9745425023524776,0,0,0,0,0,0
5300,0.26666666666666666,0,0.3333333333333333,0.6666666666666666,0.6650199772092789,0,0.0,0.4641914670520957,0.6621392261913256,0.4111212742177762,0,0,1,0,0,0,0.6966292134831461,0.1864406779661017,0.0719516711240373,0.9637984904557355,0.2873175386042899,0.01851774710471094,0.2595917323699977,0.9582405111312862,1,0,0.525815537690918,0,0,0,0,0,0
5301,0.5333333333333333,1,0.0,1.0,0.45338868182273273,0,0.7439660922923299,0.4564662305877548,0.6873994916209484,0.29440271435966364,0,0,0,0,1,0,0.011235955056179775,0.4576271186440678,0.35390250261061423,0.45354286441375774,0.11232672021829802,0.6543791590706238,0.4607609743426834,0.42829025413268246,0,0,0.9675395233366259,0,0,0,0,1,0
5302,0.5,0,0.0,0.0,0.686890676833372,1,0.9747256156751033,0.22834963382954326,0.29095741595421903,0.9695097807286281,0,0,0,1,0,0,0.29213483146067415,0.847457627118644,0.28954620161594224,0.4493810349136134,0.8662715351769411,0.913153953029747,0.6126288291897527,0.5166572846381641,0,0,0.5321241520902671,0,0,1,0,1,0
5303,0.16666666666666666,0,0.3333333333333333,0.3333333333333333,0.03280036572681126,0,0.30870143594675425,0.8019140396289332,0.23642683491910826,0.8884112825131816,0,0,0,1,0,0,0.12359550561797752,0.03389830508474576,0.6976864508511414,0.32488402544435263,0.6361293719317991,0.4846315811661985,0.7731089245388926,0.7772294717054505,0,0,0.7906936379203153,0,0,0,0,1,0
5304,0.3333333333333333,1,0.3333333333333333,0.3333333333333333,0.12911262137584678,1,0.6601556175028586,0.13594872246906853,0.9482351842119796,0.6769918358063319,0,0,0,0,0,0,0.5842696629213483,0.576271186440678,0.4914032523014674,0.22831371505857734,0.09058543406491473,0.5559622582501561,0.28564124823678627,0.9803575075620538,0,0,0.5067551586227066,0,0,0,0,0,0
5305,0.9,0,0.0,0.6666666666666666,0.9232810066802922,0,0.9199264475445059,0.6368995103140851,0.2892779157255369,0.6355216674985336,1,0,0,0,0,0,0.2808988764044944,0.7796610169491526,0.15625584598212053,0.8784868224622968,0.4760886508224367,0.4225143477542134,0.9583171963694092,0.24157804171739572,0,1,0.1792604772463253,0,1,0,0,1,0
5306,0.1,1,0.0,0.3333333333333333,0.41725616250205505,1,0.534033114982937,0.2720200224338582,0.0814590453838977,0.4843972056382549,0,0,0,0,0,0,0.06741573033707865,0.2033898305084746,0.8918626587129104,0.6156589700146106,0.43616598420393177,0.7909482246762712,0.9853988322352458,0.6047158861860907,0,0,0.4264909736986888,0,0,0,1,0,0
5307,0.36666666666666664,1,0.0,0.6666666666666666,0.9352218984798875,0,0.29735164302354133,0.8246300277155899,0.0,0.5322897848587677,1,0,0,1,0,0,0.7865168539325843,0.1864406779661017,0.8960735780470903,0.40663026207573655,0.8816563782947483,0.3727445792946804,0.8095245255964011,0.49392739846156714,0,1,0.22234155094725142,0,0,0,0,1,0
5308,0.4,0,0.0,0.3333333333333333,0.9052639273921692,0,0.6929111060177889,0.27975516679214907,0.7245575348566118,0.16905817990322367,0,0,0,0,0,0,0.6966292134831461,0.711864406779661,0.8420119343973435,0.7515430613560709,0.6865084647916067,0.11509877090918869,0.48434301240167354,0.9430863411767897,0,1,0.36509563058700273,0,0,0,0,0,1
5309,0.23333333333333334,0,0.0,1.0,0.7381266401247057,0,0.14081168915191264,0.6972935191660136,0.40852865324691556,0.9144492567597794,1,0,0,1,0,0,0.48314606741573035,0.711864406779661,0.6580503130730033,0.18009358992386318,0.04902999287458805,0.5694492182443691,0.6446697606340096,0.008904237759363234,0,0,0.40271989019336896,1,0,0,0,0,1
5310,0.2,0,1.0,0.0,0.5312705259239546,1,0.8057783342447634,0.9597921101676721,0.698647234997629,0.8269831914146288,0,0,0,1,0,0,0.6179775280898876,0.8813559322033898,0.9883523578398127,0.383957660898288,0.2249011487342767,0.6467700769993974,0.7251830389699104,0.6719456788982867,0,0,0.7853941821882622,0,0,0,0,0,0
5311,0.36666666666666664,1,0.0,0.0,0.7348256453448818,0,0.1541785385069924,0.28217350176847056,0.3355478392714476,0.2604435699816308,0,0,0,0,0,0,0.38202247191011235,0.5254237288135594,0.02869698230675014,0.6029418222407531,0.9080792484865117,0.29988421563721107,0.8471136901434935,0.7341665176140248,0,0,0.593969077535355,1,0,0,0,1,0
5312,0.4666666666666667,1,0.0,0.6666666666666666,0.12344224576555096,0,0.689464602133314,0.7735324216254723,0.05968240106422651,0.054255839359632144,0,0,0,0,0,0,0.7303370786516854,0.864406779661017,0.18531774407148105,0.5820958788137816,0.040356621529355714,0.6771502269253521,0.3909799427788993,0.6215168305891392,0,0,0.7938498367509071,0,0,0,0,0,0
5313,1.0,0,0.0,0.6666666666666666,0.2655567709162895,0,0.07236101584419298,0.6940209281760616,0.8168653915989176,0.795727562227329,0,0,0,0,1,0,0.5730337078651685,0.559322033898305,0.81613840512532,0.6131435221047701,0.4789776591664075,0.5453591131327783,0.6933695270420448,0.39687228906543687,0,0,0.4649392859897403,0,0,0,0,0,1
5314,0.43333333333333335,1,0.0,0.0,0.6237759569782868,0,0.031120235574757852,0.6348829865311126,0.8046198574472357,0.850227205382761,0,0,1,0,0,0,0.9550561797752809,0.2033898305084746,0.3240656268160622,0.10380259506331033,0.6077782487888986,0.13379298048140975,0.33520012244525854,0.7499729705397862,0,0,0.13815790481392337,0,0,0,0,0,0
5315,0.4,0,0.6666666666666666,0.6666666666666666,0.6911646319362007,0,0.13520444597410303,0.7479241105054635,0.4370062815841667,0.1391982156731717,0,1,1,0,0,0,0.0898876404494382,0.8305084745762712,0.11394555552828449,0.8295192048142647,0.519955522494439,0.33185190650410273,0.07205614309057704,0.5981697367334098,0,0,0.4546998415890824,0,0,1,0,1,0
5316,0.5666666666666667,1,0.3333333333333333,0.6666666666666666,0.5497576575406596,1,0.4089233139889666,0.34240807499583903,0.00702813742783856,0.3004184989524142,1,0,0,0,0,0,0.6179775280898876,0.1694915254237288,0.2533242661822519,0.7002220470756845,0.7752285925421809,0.0491515024427955,0.264618874037917,0.6223875727235892,0,0,0.259832358382622,0,0,0,0,0,0
5317,0.8,1,0.6666666666666666,0.0,0.5951749785933586,0,0.9378992166991527,0.38930465013031845,0.6189290824269349,0.6880345988260046,0,1,0,0,1,0,0.12359550561797752,0.6949152542372882,0.5457955738140626,0.3996839782944104,0.7596603791553854,0.4736999797322418,0.35720028724309233,0.9815182821882502,1,0,0.7397210274695852,0,0,0,0,0,0
5318,0.0,0,0.6666666666666666,1.0,0.565552969006978,0,0.7402976360784834,0.16310583119320002,0.1074381188214195,0.8113201902537778,0,0,0,1,0,0,0.7191011235955056,0.1694915254237288,0.12280973314958535,0.3484565868676336,0.1867923079112996,0.06792996944592362,0.9217229984207285,0.1546088796514167,1,0,0.3660188352022029,1,0,0,0,0,0
5319,0.03333333333333333,0,0.0,0.3333333333333333,0.526538954115333,0,0.9709050514618186,0.20247030533909507,0.8900713454260014,0.41737661736487014,1,0,0,0,0,1,0.7865168539325843,0.7457627118644068,0.29191388738338186,0.5092170105350479,0.7816818580062315,0.855876971107576,0.011169609216900243,0.8549049776861144,0,0,0.6622450008907764,0,0,1,0,1,0
5320,0.6,1,0.0,1.0,0.11049674210986202,1,0.8017370556362649,0.4495341685098829,0.2970066825304167,0.9202273557196089,0,1,0,0,0,0,0.5955056179775281,0.11864406779661017,0.08042012473084652,0.7755831914484443,0.21987623184254088,0.1815372789837388,0.5076773056672375,0.82079623165256,1,0,0.9453502412728753,1,0,0,0,1,0
5321,0.23333333333333334,0,1.0,0.3333333333333333,0.6731571604498372,1,0.9186818900933109,0.6732560192839626,0.6509733201002748,0.26687509928122394,1,0,1,0,1,0,0.06741573033707865,0.4745762711864407,0.16659091653708125,0.34661175044635784,0.03451998440176039,0.19878069357201725,0.15254673931531368,0.16216754126038693,0,0,0.38765719128760373,0,0,0,0,1,1
5322,0.6,1,0.0,0.0,0.35173025076240655,0,0.6710560165126076,0.25480250806388166,0.3978784305202848,0.8713302384415125,0,0,0,0,0,0,0.9887640449438202,0.6610169491525424,0.9000784629463014,0.19083864951968366,0.2964755214328354,0.46175393593572284,0.6022476562971095,0.6916548173392936,0,0,0.3589220872718704,0,0,0,0,0,0
5323,0.06666666666666667,0,0.0,0.3333333333333333,0.3842055344016665,0,0.48102987509919126,0.9377054082609807,0.11781567280308557,0.16299690452978507,1,0,0,1,0,0,0.011235955056179775,0.4915254237288136,0.34820399345576997,0.3281139004084693,0.08649441907403531,0.34938807926656024,0.9055057532567901,0.2809599358009248,1,0,0.5479937281786542,0,0,0,0,1,0
5324,0.3,1,0.0,0.6666666666666666,0.2215121991928585,0,0.501660776317413,0.8733296146547576,0.9710613488633013,0.8326006492059527,0,0,0,0,0,0,0.12359550561797752,0.1864406779661017,0.4202769453130526,0.772859141783408,0.1725827456381144,0.9441238827829275,0.9746222174210736,0.7671147256781884,0,1,0.31487095193508186,0,0,0,0,0,0
5325,0.26666666666666666,0,0.3333333333333333,0.0,0.4139097389640208,1,0.24459725243974853,0.6244805234407466,0.7663573565744354,0.15717220484253205,1,1,0,1,0,0,0.8876404494382022,0.864406779661017,1.0,0.09317411816042444,0.3927034807947139,0.32716627212484484,0.9467667082583077,0.20554903595103036,1,0,0.5267852459634604,1,1,0,0,0,0
5326,0.3333333333333333,0,0.0,0.6666666666666666,0.6108335178599997,0,0.06293764570552335,0.24907209742224823,0.5255636791763069,0.7908867729137434,1,0,0,0,0,0,0.9438202247191011,0.847457627118644,0.9219162128607993,0.7694836973514675,0.27833244051852163,0.14502694352738543,0.6831353387196459,0.38223389254445705,0,0,0.11582370901066712,0,0,0,1,0,1
5327,0.8,0,0.3333333333333333,0.6666666666666666,0.7499273982089693,1,0.3036905322626688,0.013015380565346686,0.3968445484114646,0.9718788996387817,0,0,0,0,0,0,0.7191011235955056,0.8813559322033898,0.20440240528565898,0.4903401318721245,0.7384766174284363,0.1916379248353459,0.109897262843559,0.05631577046345844,0,0,0.41276425251023663,1,0,0,0,0,1
5328,0.23333333333333334,1,0.0,0.3333333333333333,0.5661648859898514,0,0.0082584242011495,0.9859392322934306,0.9886510255252203,0.9723845324631359,0,0,0,0,0,0,1.0,0.0847457627118644,0.2466022033112706,0.09694919497009197,0.3804539359410001,0.9359402745432819,0.5933766029303861,0.9912288198823198,0,0,0.6042598501782698,0,0,0,0,0,0
5329,0.3333333333333333,0,0.0,0.3333333333333333,0.8465737225002193,0,0.6426210178532648,0.8493291714575789,0.11823627383192473,0.09588136219608447,0,0,1,0,0,0,0.9438202247191011,0.3728813559322034,0.3191284876287903,0.8524088949880079,0.479264150348141,0.7992512873900688,0.06443201559268437,0.08208682194729776,0,0,0.43931460808918993,0,1,1,0,0,1
5330,0.9333333333333333,0,0.6666666666666666,0.3333333333333333,0.5213412499382719,0,0.6527004888829254,0.5946156977239773,0.4629400823950488,0.15196114363630595,0,0,0,0,0,1,0.4943820224719101,0.7627118644067796,0.18622920411229676,0.3890055892570134,0.5120153258073387,0.4049565006712119,0.25393282202002826,0.3072321068710626,0,0,0.35839869823622816,0,0,1,0,0,1
5331,0.03333333333333333,0,0.0,0.6666666666666666,0.8804285239673371,0,0.737480531176826,0.7764632731202873,0.6106399507527467,0.20814428342999494,0,0,0,1,0,0,0.39325842696629215,0.01694915254237288,0.7583268837606881,0.42909620120363046,0.5401494289071651,0.20281076297134235,0.14647232917072556,0.3674516060542873,0,0,0.39510809057177115,1,0,0,0,0,1
5332,0.6333333333333333,0,0.0,0.3333333333333333,0.15008998085637382,0,0.6656715875708537,0.9128442669478928,0.719899843519253,0.4902757496032115,1,0,0,0,0,0,0.3146067415730337,0.9661016949152542,0.27631019619303837,0.47795579520789705,0.6955453438882924,0.6370363092707709,0.5136860435032865,0.014404943016802466,0,0,0.7708912469919315,1,0,0,1,0,0
5333,0.4,0,0.0,0.3333333333333333,0.5299690601026181,0,0.8604779109340629,0.7455460731639393,0.3419246048052616,0.3489219330214315,0,0,0,0,0,0,0.651685393258427,0.576271186440678,0.577306189854202,0.7610846599954018,0.9752833457574562,0.696988350243779,0.16979618529049242,0.5645560433678763,1,1,0.40299770953254255,1,0,0,0,0,1
5334,0.9,0,0.0,0.6666666666666666,0.8487317154569874,0,0.2344614977073552,0.5365387878944251,0.4955161497560437,0.8984504432090132,1,0,0,0,0,0,0.7528089887640449,0.4576271186440678,0.8080332521121029,0.7305233489639351,0.7514326933576232,0.5365389541449698,0.23219380155745872,0.33307374806401646,0,0,0.9789183874702501,0,0,0,0,0,0
5335,1.0,1,0.3333333333333333,0.3333333333333333,0.16505387910924746,0,0.15476562106402247,0.30297555902654694,0.0803131976875363,0.5772434133518844,0,0,0,1,0,0,0.797752808988764,0.1864406779661017,0.3891460894248769,0.9881603337473859,0.8362793885912106,0.6039684326171022,0.34254660344200016,0.2082031378849755,0,0,0.33750496079844594,0,1,0,0,0,1
5336,0.3,1,0.0,0.3333333333333333,0.74771786002927,1,0.3389470482400355,0.330268630070093,0.3770278412264471,0.496147130791748,0,0,0,0,0,0,0.6629213483146067,0.3389830508474576,0.5443521149388844,0.7998453573689245,0.48240688796718195,0.07684074904936972,0.07695943651008742,0.29527388963961715,0,0,0.9017841100927234,0,0,1,0,1,0
5337,0.4,1,0.0,0.6666666666666666,0.16426599303671793,1,0.26671541970888707,0.17892820415329197,0.3140258414913918,0.9910227121954607,1,0,0,0,0,1,0.39325842696629215,0.8813559322033898,0.19548258550487624,0.9903027993154762,0.7063855761969239,0.5903878696279126,0.1999266030092166,0.47372359885155263,0,0,0.8615290300131797,1,0,0,0,0,0
5338,0.1,1,0.0,0.6666666666666666,0.4625590659069744,0,0.6276539706614266,0.2992924580149999,0.39424421074105337,0.569703843043628,1,0,0,0,0,1,0.5168539325842697,0.4067796610169492,0.8325043984050969,0.08711095633483107,0.9701388547212271,0.00449797181212137,0.3092190246750236,0.0863676594274265,0,0,0.23497487660087518,0,0,0,0,1,1
5339,0.26666666666666666,1,0.3333333333333333,0.6666666666666666,0.47476611978829925,0,0.5518920082985177,0.3189908081066038,0.593376755026025,0.013096626465114053,0,1,0,0,0,1,0.48314606741573035,0.13559322033898305,0.28237659493017636,0.07802149483012805,0.7488589630943414,0.11809023802832244,0.13715929985485764,0.08119566053639354,0,0,0.1470991002370363,0,0,0,0,1,1
5340,0.4,0,0.6666666666666666,0.0,0.14047669208202157,0,0.8842898597883416,0.7303664263222377,0.524989145051406,0.45312011076560504,0,0,1,0,0,0,0.6292134831460674,0.6610169491525424,0.3488378361157547,0.17367984966781308,0.6290042584540881,0.07621309181078413,0.05306645956767286,0.062365721820007484,0,0,0.9461743612110651,0,0,0,0,0,0
5341,0.36666666666666664,0,0.0,0.3333333333333333,0.24961289289090985,0,0.5333861616832802,0.13257852691807367,0.43927400972837116,0.9005440087273361,1,0,0,0,0,0,0.033707865168539325,0.7288135593220338,0.3804135163175646,0.3119041884524136,0.8627282050773232,0.3337490329502805,0.5985560150393174,0.8457026019401076,0,0,0.5874093006677578,1,1,0,0,0,0
5342,0.0,1,0.3333333333333333,0.0,0.05062107225004062,0,0.18114473923089983,0.22990249268851934,0.14134475305479882,0.41477297496131466,1,0,0,0,0,0,0.38202247191011235,0.4406779661016949,0.8607815674409673,0.9693460115239008,0.5179539809089818,0.04757358338197669,0.1704317017150821,0.008997321493769942,1,0,0.04864378382398854,0,1,0,1,0,1
5343,0.8,1,0.3333333333333333,0.3333333333333333,0.16535702745086456,0,0.6527078838442408,0.8715364815591806,0.14771000806425402,0.5335876352158789,1,0,0,0,0,0,0.21348314606741572,0.7966101694915254,0.10285893254669416,0.011145339397024123,0.2898647868887436,0.6529051097736943,0.8446821580405945,0.21988707263976218,0,0,0.9906807145713358,0,0,0,0,1,0
5344,0.5333333333333333,1,0.0,0.6666666666666666,0.9510013856730525,1,0.4508823232934094,0.830662331173874,0.7891922635964681,0.3212001613477687,0,0,1,0,0,1,0.3146067415730337,0.3559322033898305,0.038408903204560696,0.4342918988601247,0.1588585310692318,0.29091717518900917,0.8472212882951818,0.8629969912841109,0,0,0.9414147073299615,0,0,0,0,1,0
5345,0.8333333333333334,0,1.0,0.3333333333333333,0.3477951727948956,0,0.4706328872091555,0.006464409175588342,0.04699060006057202,0.5725226119583932,0,0,0,0,0,0,0.16853932584269662,0.5932203389830508,0.49692958296673934,0.5793119617717172,0.035022956327753485,0.033605811649914434,0.9396620833063772,0.5331069073043564,0,0,0.10463840132084708,0,0,1,0,1,0
5346,0.16666666666666666,1,0.0,0.6666666666666666,0.6873568631608721,0,0.5429521539243138,0.20472132608929106,0.01942445687826806,0.6753357978519016,0,1,0,1,0,0,0.7752808988764045,0.4406779661016949,0.4982610098545107,0.05004601320613543,0.11412136633364998,0.3134576609828764,0.21952137856517323,0.6692479266443581,0,0,0.8672451149348076,0,1,0,0,0,0
5347,0.03333333333333333,0,0.0,0.0,0.9758686046856236,0,0.044248306738891505,0.0731965597717991,0.3952418099377658,0.1529217254963803,1,0,1,0,0,0,0.20224719101123595,0.3050847457627119,0.20074770980325352,0.8048261024956147,0.6894124018332561,0.8478834593150822,0.27243882332943664,0.238675997975591,0,0,0.43897942658556743,0,1,0,0,0,1
5348,0.2,1,0.0,0.6666666666666666,0.08920330534574622,0,0.04543468080099064,0.2183408916263695,0.21325297564558757,0.8881890081067912,0,0,1,0,0,0,0.33707865168539325,0.3050847457627119,0.650346269276242,0.09415729880938221,0.19649549281346912,0.11535908912337817,0.19654829054967918,0.6139917592119402,1,0,0.36599341727871054,0,0,0,0,0,1
5349,1.0,0,0.0,0.3333333333333333,0.0029759245731340073,0,0.5463796473741009,0.2551646275036914,0.39650606168441993,0.9655856126273962,0,0,1,1,0,0,0.5955056179775281,0.7796610169491526,0.6409812594237561,0.9435575729523543,0.4062650193879934,0.364229959457449,0.11799337900008741,0.10864878954225951,0,0,0.024712765337215354,0,0,0,0,0,1
5350,0.6333333333333333,0,0.0,0.3333333333333333,0.6505056154743903,0,0.5404795145425069,0.06921033899477194,0.26850303150338917,0.5160448585712235,0,0,0,0,0,1,0.5393258426966292,0.06779661016949153,0.171213594006194,0.0016693705755407465,0.02127075659319725,0.573146711795927,0.39274371403493036,0.8920368287277008,0,0,0.665089043273327,0,0,0,0,1,0
5351,0.43333333333333335,0,0.0,0.3333333333333333,0.6511619898722925,1,0.5274883176603266,0.5209950178791442,0.9629746781599754,0.23895926432899545,0,0,0,0,0,0,0.25842696629213485,0.5254237288135594,0.25836342623945685,0.8398357478401662,0.7307029347453642,0.6530241356393228,0.01717700719717457,0.13524358343610676,1,0,0.278373757538024,0,0,0,0,0,1
5352,0.43333333333333335,1,0.3333333333333333,0.6666666666666666,0.5144059676658608,0,0.10354425211787842,0.2942367629110453,0.012367242382026907,0.776791025071686,0,0,0,1,0,0,0.42696629213483145,0.15254237288135594,0.3180429039682607,0.7586121807116499,0.9181306746129065,0.3704214313100881,0.12185259218735983,0.757811640463608,0,0,0.3370995414301311,1,0,0,0,0,0
5353,0.3333333333333333,1,1.0,0.6666666666666666,0.880859369023221,0,0.7271675118586207,0.38047326929935804,0.9580185112328183,0.571314827361694,0,0,0,0,0,0,0.9213483146067416,0.423728813559322,0.6698843508468333,0.519776207254258,0.7757821370639921,0.48216348019570376,0.42310814194628077,0.059769548907517525,0,0,0.11669598889950775,0,0,0,0,0,1
5354,0.3333333333333333,1,0.3333333333333333,0.6666666666666666,0.4613211300426927,0,0.21986460585805237,0.3974764448585332,0.7100454632015791,0.9656221717182283,0,0,0,0,0,0,0.5730337078651685,0.3220338983050847,0.7992345618481792,0.4302642695478705,0.1609746464184025,0.9470404836521583,0.7098287979790613,0.5290204500510575,0,0,0.776574669088601,0,1,0,0,0,0
5355,0.0,1,0.0,0.6666666666666666,0.1630285269626717,0,0.9164570978733197,0.7626839841688292,0.5454481503941094,0.3589903317959142,0,0,0,0,0,0,0.7752808988764045,0.8813559322033898,0.38051860947758964,0.3553746595584934,0.4850486933606846,0.5078916911816937,0.7067237060687498,0.8668684023050215,0,0,0.6519286340560246,0,0,0,0,1,0
5356,0.26666666666666666,0,0.0,0.3333333333333333,0.7627041084052678,1,0.012407950595545792,0.15840347745306474,0.35138167199845427,0.4343979845631982,0,0,0,0,1,0,0.7528089887640449,0.8983050847457628,0.07684502273235615,0.5678678828446109,0.10606531542685099,0.2345835616083377,0.9005768953341853,0.531622860027349,1,1,0.5232038857987598,0,0,0,0,1,0
5357,0.43333333333333335,1,0.0,0.0,0.5274839165822708,0,0.4583832987992469,0.3666312474642429,0.5944141767144265,0.018604312393402996,0,0,0,1,0,0,0.16853932584269662,0.288135593220339,0.4802381484309962,0.20817823221691098,0.1261348165366496,0.3390487400561569,0.3522610929166891,0.8169547712790843,0,0,0.6683241534329006,0,0,0,0,1,0
5358,0.36666666666666664,1,0.0,0.0,0.4588607344590412,0,0.45881071585080435,0.15865192708262843,0.3569775467109331,0.1874316772131207,1,0,0,0,0,0,0.5168539325842697,0.3728813559322034,0.6060436425641845,0.10697029434736548,0.5005914040207773,0.980435388310065,0.29840442339247725,0.18579279978818844,0,0,0.13843762798357387,0,0,0,0,1,1
5359,0.23333333333333334,0,0.0,0.3333333333333333,0.9904327259053076,0,0.3079737887458863,0.48225598311012063,0.2587549965901888,0.22320327339325668,0,0,0,0,0,0,0.24719101123595505,0.711864406779661,0.7543658992785934,0.18652324852750984,0.15078184196838593,0.9435517826854686,0.10276168467803343,0.6543263218165891,1,1,0.8795309539957357,1,0,0,1,0,1
5360,0.5333333333333333,0,0.0,0.6666666666666666,0.1409418966399875,0,0.48129412997742366,0.1753010734472036,0.6936889635938225,0.5587849474499635,0,1,0,0,1,0,0.5280898876404494,0.6440677966101694,0.35259508858589916,0.25475185740477385,0.7869640975039397,0.9821269150707871,0.06418308986678217,0.5482713072237849,0,0,0.3218623483679071,0,0,0,1,1,0
5361,0.43333333333333335,1,0.6666666666666666,0.0,0.4502088876322093,0,0.3711971998615337,0.1316112585650311,0.9011725517008227,0.7827071572160004,0,0,0,0,0,0,0.1348314606741573,0.9661016949152542,0.6424794694077763,0.32247197894495905,0.8830875965778324,0.7591488314054795,0.7311076565014935,0.7387424516556265,0,0,0.41335101416707787,0,0,1,0,0,0
5362,0.16666666666666666,0,0.0,0.3333333333333333,0.23156839465390772,1,0.6684484410060221,0.5804729895857251,0.1759399654635904,0.07852311455460004,0,0,0,0,0,0,0.5955056179775281,0.6101694915254238,0.5817558262669295,0.0489600416175029,0.35484172320771434,0.3911991646873361,0.3800879413532607,0.7025522120412184,0,1,0.48504773449870087,0,0,0,0,1,1
5363,0.5333333333333333,1,0.0,0.0,0.16376763019052695,1,0.9520508262275011,0.7363289564942861,0.46042436420248906,0.12141565951265273,0,0,1,1,0,0,0.5168539325842697,0.4915254237288136,0.969864797315333,0.3658627127608729,0.18333736548493354,0.9901340869400472,0.2664894124236908,0.12916474770980643,0,1,0.4024708022165109,0,0,1,0,0,1
5364,0.03333333333333333,1,0.3333333333333333,0.0,0.5708347873817835,0,0.7394711573131665,0.7323722847018118,0.2970513314127793,0.5694033500061184,1,1,0,0,0,0,0.550561797752809,0.6610169491525424,0.15070295231446912,0.5866150648218283,0.2786564469220008,0.7327317439773594,0.16249149444300912,0.8875951391086856,1,0,0.07738366057509004,0,1,0,0,0,1
5365,0.13333333333333333,1,1.0,0.6666666666666666,0.9744570981348497,1,0.28514089906590806,0.3128064537336972,0.6165504637180289,0.3698475666595004,0,0,0,0,0,0,0.5056179775280899,0.1016949152542373,0.4325086556426104,0.34452649224629167,0.7668267154201119,0.1661348118180907,0.9452665778187738,0.3062339864407915,0,0,0.7652741971875506,1,0,0,0,0,0
5366,0.8333333333333334,1,0.6666666666666666,0.6666666666666666,0.26544595778351904,1,0.2017802151332368,0.2593046612763811,0.872163178016861,0.26217313070029863,0,0,0,1,0,0,0.651685393258427,0.847457627118644,0.22444322726616492,0.33848045050297826,0.6202269407447446,0.9738353489321849,0.4020944076680383,0.3263610581338967,0,0,0.1589888676848176,0,0,0,1,0,1
5367,0.7333333333333333,0,0.0,1.0,0.8065410366868144,1,0.6540062972676055,0.11565074589118403,0.6027035559971126,0.9296489658777699,1,0,0,0,0,0,0.651685393258427,0.06779661016949153,0.4319277550204435,0.7231483138575714,0.46811071334709203,0.0010532463867888916,0.2951735635500609,0.6658206740630779,0,0,0.1252061869931264,0,0,0,0,1,0
5368,0.23333333333333334,0,0.0,0.6666666666666666,0.20247273548038608,0,0.7560184144040241,0.8322604557817204,0.9089344068233858,0.28276337747380104,0,0,0,0,0,0,0.9438202247191011,0.8813559322033898,0.31676652654993853,0.21786838626904195,0.19521453942243291,0.4937576998796113,0.6708985842821608,0.46457380971651835,0,0,0.31903698212129333,0,0,1,0,0,1
5369,0.1,1,0.6666666666666666,0.6666666666666666,0.23996683725744655,0,0.5855335834223709,0.7627284183255326,0.9525098950937193,0.1454130498678208,0,1,1,1,0,0,0.651685393258427,0.7796610169491526,0.946815506775211,0.052898436436277334,0.9263226436529538,0.7584397352025438,0.23713174147945035,0.004454616577360707,1,0,0.524366902255273,0,0,0,0,0,1
5370,1.0,0,0.0,0.3333333333333333,0.27763470106024773,1,0.8140971698462532,0.4022061732948672,0.6464623248589848,0.16778501964586026,0,1,0,0,0,0,0.011235955056179775,0.8305084745762712,0.6109850806030074,0.4371616278693428,0.4641886534487152,0.012479567472310276,0.5152737791593517,0.5825374575975517,0,0,0.32285661118129094,0,0,0,0,0,0
5371,0.1,0,0.3333333333333333,0.0,0.09695258008878752,1,0.23063030283929584,0.3235059627351892,0.5355958658864514,0.5216285555025406,1,0,1,0,0,0,0.5842696629213483,0.3728813559322034,0.2984683523028489,0.7833274834103874,0.34874682271934215,0.8013813150444392,0.10843683333364254,0.04954635614633557,0,0,0.0007986949841950295,0,0,0,0,1,1
5372,0.8,0,0.0,0.3333333333333333,0.33876538694052544,0,0.796563264113592,0.757700646868119,0.3378372098957224,0.6797149920723483,1,0,0,1,0,0,0.8764044943820225,0.06779661016949153,0.5470149475254572,0.3507846128080247,0.019944994158323386,0.6538283713121323,0.3039449010713776,0.34147793622141126,0,0,0.6826879575082099,0,1,0,0,0,0
5373,0.7,0,1.0,0.6666666666666666,0.900240178496496,1,0.5721964816456007,0.14576270429330712,0.550849060838887,0.22815831413016774,0,0,0,0,0,1,0.7640449438202247,0.11864406779661017,0.8409450979812364,0.7611771488034684,0.8021569111695621,0.8476070818345794,0.6077494750961925,0.09369431576007138,0,0,0.17669132859425632,0,1,0,0,0,1
5374,0.9333333333333333,0,0.3333333333333333,0.3333333333333333,0.07195905374584353,1,0.09164345378249118,0.07990409702188743,0.2591585457927405,0.2806202733941079,1,0,0,0,0,0,0.38202247191011235,0.6440677966101694,0.6356622070934095,0.23598188076585347,0.7784828587123055,0.3917992450251115,0.1650847377803843,0.9623687879336227,0,0,0.5991813076752557,1,0,0,0,0,0
5375,0.6,0,1.0,0.3333333333333333,0.2601264157729432,0,0.7816385710304441,0.29854957886528355,0.2056579093758105,0.33351724113815495,1,0,0,0,0,0,0.5280898876404494,0.8305084745762712,0.07452528388257285,0.6101006210228815,0.17950397998590648,0.10846867507199642,0.13175058349812735,0.11770355895058913,0,0,0.4598262960408734,0,0,0,0,0,1
5376,0.13333333333333333,1,0.3333333333333333,0.6666666666666666,0.39792335671152756,0,0.9965439829878757,0.43788461219758845,0.8942391181848386,0.9341850037828466,0,0,0,0,0,0,0.6292134831460674,0.3728813559322034,0.8394593146066124,0.49466824664873205,0.37866112666486557,0.8793250509677285,0.7181668232194716,0.42058303963676597,1,0,0.6791792171677613,0,1,0,0,0,0
5377,0.8,1,0.0,0.6666666666666666,0.17588294807675245,0,0.5384513769443808,0.507156019564447,0.9384997553821152,0.8166864972408673,1,0,0,0,0,0,0.7303370786516854,0.22033898305084745,0.33310826723881176,0.395957400718714,0.3812038880603853,0.828951993479772,0.7689426890450318,0.8985810259957302,0,0,0.6039711160315483,1,0,0,0,0,0
5378,0.0,1,0.3333333333333333,0.6666666666666666,0.8398866363155727,1,0.45733389726792956,0.516800079508734,0.8439914976947194,0.6082121850626566,0,0,0,0,0,0,0.33707865168539325,0.3220338983050847,0.30792392961778564,0.3051892818745823,0.6852995667769017,0.4455167453468962,0.9231036384715946,0.4638339604203576,0,1,0.6441170299905,0,0,1,0,0,0
5379,0.3,1,0.0,0.3333333333333333,0.8446154112789447,0,0.8544935406422218,0.7116496352089149,0.1442429806693018,0.7278485395640937,0,0,0,1,0,1,0.0449438202247191,0.06779661016949153,0.5192019001106324,0.770284474209008,0.24923930706104488,0.8415228943049252,0.6764878345983544,0.7488531629609979,0,0,0.24173326326106562,1,1,0,0,1,0
5380,0.36666666666666664,1,0.0,0.0,0.871064117125703,0,0.27549312250727326,0.49077501493976977,0.19489670518000957,0.2667300633663498,0,1,0,0,0,0,0.47191011235955055,0.423728813559322,0.43373538937762945,0.3942772926088018,0.08369995625726082,0.613238095077359,0.6691774667987656,0.3688092293424923,0,0,0.17879338718971316,1,0,1,0,1,1
5381,0.3333333333333333,0,0.0,1.0,0.8841645429406518,0,0.0679531312146446,0.9254353247549456,0.1811899688399515,0.2026647661274052,1,0,0,0,0,0,0.6067415730337079,0.559322033898305,0.15249154147205848,0.8768895854849078,0.49817871783330925,0.6689052908136325,0.2763558115474358,0.5618614076710214,0,1,0.3883872746260292,0,0,0,0,1,1
5382,0.4,1,0.0,0.6666666666666666,0.9702511444990172,0,0.8525720392273551,0.7857786949902673,0.2620857214562485,0.3615504152558144,0,0,0,0,1,1,0.9550561797752809,0.0847457627118644,0.48336903151462324,0.9257548873377655,0.7658054712871759,0.02899183316486864,0.7765964579964079,0.8009236851975378,0,0,0.5472043249730516,0,0,0,0,0,0
5383,0.16666666666666666,0,0.0,0.0,0.6433223596145886,0,0.9511792004668764,0.7809751705509926,0.9010064958577313,0.6581211539581232,1,0,1,0,0,0,0.5280898876404494,0.3220338983050847,0.8325027872262172,0.7141206626819271,0.12402610018403001,0.07846254509194948,0.963171691504561,0.36710238552651486,0,0,0.5071918820097486,0,0,0,0,1,0
5384,0.23333333333333334,1,0.0,0.3333333333333333,0.5225169043595354,0,0.17412631175453924,0.3634769636661638,0.37289246338860116,0.600214907625919,0,0,0,0,0,0,0.10112359550561797,0.15254237288135594,0.47551985111821393,0.7530110439544061,0.021653412713053287,0.7586527836039517,0.6531638949536617,0.8788629172825814,0,0,0.7646238693285943,0,0,0,0,0,0
5385,0.9666666666666667,0,0.0,0.3333333333333333,0.9139865074888365,0,0.21593900641370345,0.6105674916080588,0.3668044846412444,0.9526385658507632,0,0,0,0,0,0,0.7191011235955056,1.0,0.7987145097418414,0.2418466158873682,0.3020110380377023,0.616977723072735,0.46638508335692797,0.1337503639534681,0,1,0.6599382384787408,0,1,0,0,1,1
5386,0.03333333333333333,1,0.0,0.3333333333333333,0.38279694234290224,0,0.04422347819104207,0.40858205217703175,0.9537364084923023,0.8048031266787412,1,0,0,0,0,1,0.6179775280898876,0.8135593220338984,0.1684331090175393,0.6971431901821471,0.18059744160342533,0.11847337948134508,0.6445421082215511,0.6278253802533186,0,0,0.5329885560646552,0,0,0,1,0,0
5387,0.3,1,0.3333333333333333,0.3333333333333333,0.8653823098477653,0,0.8503246061199272,0.513962428273944,0.9035660776629733,0.8056797757630126,0,0,0,1,0,1,0.34831460674157305,0.3220338983050847,0.043401324603528975,0.15231637737107107,0.9899944495484722,0.3532360802962044,0.7992957402993679,0.23454091015981693,0,0,0.03448903572841498,0,1,0,0,0,1
5388,0.0,0,0.3333333333333333,0.0,0.30834708769802516,0,0.11865428865907095,0.1779447852634189,0.26515311684305165,0.4217311431464143,0,0,0,0,0,0,0.23595505617977527,0.7796610169491526,0.010861916145708061,0.9041766538232928,0.8826434337010274,0.8933397361590281,0.6047263348762114,0.593533261607427,0,0,0.8623525863041401,0,0,0,0,1,0
5389,0.3333333333333333,0,0.0,0.0,0.9669821034804843,0,0.7384232281639334,0.6013058736805132,0.819490549149737,0.8154410643625811,0,0,0,0,0,0,0.7191011235955056,0.8813559322033898,0.7883689715226238,0.42287584637481634,0.6177234513256292,0.9467621336529651,0.7417074204968472,0.9809651257964485,0,0,0.6274506465226826,0,0,0,0,0,0
5390,0.8666666666666667,0,0.0,0.0,0.9681655680531353,0,0.46110993953622975,0.14763888404603973,0.604161722714265,0.9133737409272912,0,0,0,1,0,0,0.21348314606741572,0.6779661016949152,0.5131355912304816,0.3351716545535032,0.6299403815529827,0.6777212168434861,0.6258759342666373,0.1658685133932695,0,0,0.5205292814915905,0,0,1,0,1,0
5391,0.26666666666666666,1,0.3333333333333333,0.3333333333333333,0.7743019659039042,0,0.7873867966083621,0.09765161878126341,0.2818115951879441,0.5925850981632905,1,0,1,0,0,0,0.3258426966292135,0.6779661016949152,0.5047447452173024,0.7214860088446086,0.9269724854380815,0.6154792864929073,0.1114814256709989,0.8827661707963466,0,0,0.9140686991074424,0,0,0,0,1,0
5392,0.8666666666666667,1,0.0,0.3333333333333333,0.6674113897601974,0,0.47938929060961855,0.9540759446654588,0.801900970229671,0.6014229876764168,1,0,0,0,0,0,0.4157303370786517,0.01694915254237288,0.8068656233784327,0.08187169779275245,0.0071736693125671845,0.46461323591529907,0.7174934015038669,0.5732435633018018,0,0,0.34941141766822637,0,0,0,0,0,0
5393,0.2,0,1.0,0.3333333333333333,0.5296161969789096,1,0.6427899140201864,0.8930635935344532,0.6798354103321501,0.5966083994653176,0,0,0,0,1,0,0.6966292134831461,0.3898305084745763,0.5600331235292796,0.6501688729139046,0.8888246551055321,0.7444760459494577,0.6044549081893511,0.38354430560154845,0,0,0.6089396794230211,0,0,0,0,0,0
5394,0.8,0,0.3333333333333333,0.0,0.33748571737433386,1,0.40053803232394203,0.33221953222175354,0.9793079490365533,0.37864521042760046,0,0,1,0,0,0,0.033707865168539325,0.8813559322033898,0.42430453684530045,0.2948444154032397,0.28181347288686165,0.6078978600098203,0.13002504717934835,0.760539492162532,0,0,0.1705593304457962,0,0,0,0,0,0
5395,0.6666666666666666,1,1.0,0.6666666666666666,0.4358088707057339,0,0.4283011938100839,0.510566369207446,0.9114181872800677,0.6498216850988953,0,0,0,1,0,0,0.6629213483146067,0.05084745762711865,0.18061849616937514,0.9495555197495863,0.055070006228623014,0.2126454654975398,0.3289894723478845,0.738242342435964,0,0,0.7080880097087442,0,0,0,0,1,0
5396,0.26666666666666666,1,0.0,0.3333333333333333,0.6958411108715492,0,0.8650353691134529,0.5087528855481669,0.5304635018608437,0.11546172705016947,0,0,0,0,0,0,0.9101123595505618,0.3898305084745763,0.550652251717145,0.7797577274098746,0.032147596438141066,0.6932930588437092,0.9477366177142963,0.9432834234643672,0,1,0.08039156320376901,0,0,0,0,1,0
5397,0.9333333333333333,0,0.3333333333333333,0.3333333333333333,0.4925794929535033,1,0.7876638160001446,0.8773057902613456,0.7996132338438195,0.5395628082519047,0,0,0,1,0,0,0.42696629213483145,0.01694915254237288,0.33207449694013313,0.7241892313999041,0.8827858103568227,0.41296955830497895,0.03561078748891088,0.9285963144818229,0,0,0.6970054318460556,1,0,0,0,1,0
5398,0.26666666666666666,0,1.0,0.0,0.818920687677548,0,0.4508334165402062,0.1866798291328448,0.9621719312225631,0.6254319684348651,0,0,0,0,0,0,0.21348314606741572,0.7966101694915254,0.09969236661425461,0.21761454987086823,0.9978632911601031,0.14264581950713195,0.07482776727366232,0.32252497035676386,0,0,0.9063809114634231,0,0,0,0,0,0
5399,0.1,0,0.0,0.6666666666666666,0.9625265318967963,0,0.9435961403653512,0.43640692210858467,0.11181827712628024,0.4583389684627087,0,0,0,0,0,0,0.449438202247191,0.711864406779661,0.5320416527728938,0.518109181154854,0.150029006011955,0.5146276865638134,0.10288351447705374,0.5543773427599452,0,0,0.5414063809094467,1,0,0,1,0,0
5400,1.0,1,0.0,0.3333333333333333,0.9824857866423293,0,0.7996820443855864,0.6468265875436183,0.5522766988130545,0.6966364532130245,0,0,0,0,0,0,0.4044943820224719,0.23728813559322035,0.08287142475633169,0.7927540460951615,0.9528809698583,0.19825571832479644,0.3921364355291432,0.07374982024263659,0,1,0.3752912080677915,0,1,0,0,1,1
5401,0.9,0,1.0,0.3333333333333333,0.265079615000183,0,0.7378097802359102,0.5450684245205519,0.021558307883310125,0.6994245336830657,0,0,0,0,0,0,0.4943820224719101,0.7288135593220338,0.31608479206433643,0.15152731741402353,0.3616443280037221,0.5914586391254649,0.17752782061599257,0.11120104335681763,0,0,0.829252131426182,1,0,0,1,0,0
5402,0.13333333333333333,0,0.6666666666666666,0.3333333333333333,0.5439181432162791,1,0.277723906479051,0.7022003057651963,0.869929787455985,0.1302655207525655,0,0,0,0,1,0,0.2696629213483146,0.3220338983050847,0.9708022980557461,0.2964120629447,0.06770331963893576,0.9373792394383952,0.46417308236116284,0.2011266799658794,0,0,0.4714275198170485,0,1,0,0,0,1
5403,0.8333333333333334,0,0.0,0.6666666666666666,0.4300892890172019,0,0.04924378387570955,0.11938835527809492,0.18444445790142505,0.594183682978086,0,0,0,1,1,0,0.3146067415730337,0.576271186440678,0.9402153122918737,0.7188297661069792,0.058058374249422305,0.429298784941282,0.8756020324185467,0.8723596664937695,0,1,0.6135517729344687,0,1,0,0,1,0
5404,0.4,0,0.3333333333333333,0.0,0.8069313134852741,1,0.2952879392425277,0.9282863770492461,0.11967440658537466,0.6934945393874308,0,0,1,0,0,0,0.9213483146067416,0.2033898305084746,0.8834220600094155,0.5257306643350864,0.24931312264955835,0.4838042203472405,0.5346580256651745,0.11810707462940487,0,0,0.5554833079410458,1,0,0,1,1,0
5405,0.2,0,1.0,0.6666666666666666,0.049489052636215315,1,0.36801541246922537,0.31463712230430635,0.09221169727949381,0.8602010428018542,0,0,0,0,0,0,0.5730337078651685,0.4576271186440678,0.6690652382142088,0.9531453034429771,0.5803990800318233,0.1675315328571752,0.8846380484561186,0.5463553884010555,1,0,0.8166401851128287,0,0,0,0,0,0
5406,0.9,0,0.3333333333333333,0.6666666666666666,0.6073647298903914,0,0.05609637179389731,0.680962665991747,0.3360039414256375,0.19723808641817203,1,0,0,0,0,0,0.4044943820224719,0.3728813559322034,0.5465022062721028,0.8681396702615072,0.1117151694696846,0.5817321749121446,0.6407643465582655,0.4420716834287065,0,1,0.1569533768134655,0,0,0,0,0,1
5407,0.23333333333333334,1,0.0,0.3333333333333333,0.3177479690927945,1,0.047604668933625055,0.11585555398637215,0.292372062382598,0.46247206747053304,0,0,0,0,0,0,0.7752808988764045,0.3050847457627119,0.3971589280826072,0.7530865060839802,0.47964978379801804,0.4622873096870362,0.2684143176010949,0.22475862911823036,0,0,0.7425063204743331,0,0,0,0,1,0
5408,0.8,1,0.0,0.3333333333333333,0.5441547319834342,0,0.9466220711010195,0.15076800245666497,0.10514306753413992,0.8595027624885956,0,0,0,0,0,0,0.5955056179775281,0.3559322033898305,0.3245508893270188,0.14144766097079361,0.7322715346677791,0.502378415310421,0.0352529086691632,0.23357000268818767,0,0,0.8480304255159644,0,0,0,0,1,0
5409,0.4666666666666667,1,0.3333333333333333,0.0,0.23136254745056792,0,0.9090921507387795,0.04132864779963795,0.8529424115056646,0.7913233059360143,1,0,0,0,0,0,0.8426966292134831,0.6610169491525424,0.7525894333417887,0.24961805733651274,0.7111819689792962,0.10998542085221426,0.09050809819674603,0.9452303270483751,0,0,0.23683310810545408,0,0,0,0,0,0
5410,0.16666666666666666,0,0.6666666666666666,0.0,0.9709240247517827,0,0.2788361442102546,0.3072935458768979,0.1875899975506108,0.41002117413691674,0,1,0,0,0,0,0.7752808988764045,0.8813559322033898,0.004755528059958173,0.8272206105061398,0.8316025597573306,0.16744936810746763,0.2783798757854893,0.3796572608454452,0,0,0.022649279090438738,0,0,0,0,1,1
5411,0.6666666666666666,1,0.0,0.3333333333333333,0.1330852162174093,1,0.6589525693884478,0.03740470086136654,0.10183696434047382,0.9746442208600202,0,0,0,0,0,0,0.6629213483146067,0.6610169491525424,0.46930670581790385,0.5093309887575844,0.42214361896698255,0.33124851656316096,0.31330638920199927,0.7792199234158185,0,0,0.7092008828417002,0,0,0,0,0,0
5412,0.16666666666666666,1,0.3333333333333333,0.3333333333333333,0.8544040900322214,0,0.20699971732751987,0.05261495633559419,0.09125131089690422,0.08749413953433807,0,0,0,0,0,0,0.7415730337078652,0.8305084745762712,0.16440998851882485,0.6270399633784695,0.30689974877623327,0.0367159505997134,0.6301046147840887,0.24835917336556154,0,0,0.9554887687294646,0,0,1,0,1,0
5413,0.03333333333333333,1,1.0,0.6666666666666666,0.1039711476206466,0,0.22984444196227724,0.6204819376092119,0.6992285983800886,0.48022733485020797,1,0,0,0,0,0,0.1797752808988764,0.2542372881355932,0.15863930129701936,0.08145209544915404,0.5084055003074157,0.6159644938386418,0.5414542401908071,0.301687803346311,0,0,0.24530897453175435,0,0,0,0,0,1
5414,0.1,1,0.0,0.3333333333333333,0.38755620824425974,0,0.779861865969881,0.08315117595236306,0.49811402016965783,0.692119393989088,0,0,0,0,0,1,0.48314606741573035,0.576271186440678,0.7508368157503507,0.03567260824636466,0.2410513828697852,0.7851705738349998,0.8836761173226004,0.17272227097915677,0,0,0.8835697440787502,0,0,0,0,1,0
5415,0.3,1,0.0,0.6666666666666666,0.9197849875826613,0,0.2707187838351877,0.8671561052929215,0.8263590875692948,0.5071565484158013,0,0,0,0,0,0,0.8202247191011236,0.8813559322033898,0.3462703234572962,0.8595043124864754,0.8353057108946813,0.7206653514281223,0.6911529255816554,0.7812736291080012,0,1,0.5551433283294985,0,0,0,0,0,0
5416,0.6,0,0.0,0.6666666666666666,0.37882542849341133,1,0.09359167373122562,0.5963527017717128,0.8421735448277772,0.7459464472575632,0,0,1,0,0,0,0.06741573033707865,0.6271186440677966,0.17585160685932993,0.02288776734554424,0.5558881693065121,0.14084223259590217,0.28285700295174765,0.7238457572326137,0,0,0.9621460527126058,0,0,0,0,1,0
5417,0.6,1,0.3333333333333333,0.0,0.5607978654158047,0,0.8612872804022389,0.43276773558622356,0.8121240537586887,0.8556338037943981,0,0,0,0,0,0,0.7303370786516854,0.576271186440678,0.0071490172404267,0.9702074602227511,0.6165253792089969,0.5546654211738039,0.7281779141891378,0.04252200353619236,1,0,0.04199122456727502,0,0,1,0,1,1
5418,0.13333333333333333,0,0.0,0.0,0.6945780849678389,0,0.5152142730882201,0.7992308180772706,0.7155787552932364,0.5878681421359744,0,0,0,0,0,0,0.8426966292134831,0.4576271186440678,0.0,0.1258026259178838,0.19301930488701116,0.8257659244443984,0.2257052503363047,0.2882826677965425,0,0,0.7579039614805483,1,0,0,0,0,0
5419,0.5333333333333333,1,0.0,0.3333333333333333,0.8761250662010026,0,0.8775481341780058,0.7887852821663647,0.6556169593309367,0.9305241701341272,0,1,0,1,1,0,0.7415730337078652,0.5423728813559322,0.11717961483986601,0.9823478797833,0.06660489160162365,0.8515774810377327,0.11243809878723397,0.6219084036130381,0,0,0.25615896962398255,0,0,0,0,1,0
5420,0.7666666666666667,0,0.0,0.6666666666666666,0.21262659788715998,0,0.17939045803028145,0.35210864263117636,0.7683647748706935,0.4300039761606066,0,1,1,0,0,0,0.9887640449438202,0.6440677966101694,0.5481056184092159,0.8228122965576031,0.4688788464171129,0.11968658073220209,0.7743164894624421,0.8943982994429298,0,0,0.566777499768827,0,0,0,0,0,0
5421,0.36666666666666664,1,0.0,0.3333333333333333,0.11558296863204538,0,0.38301472094973377,0.18654134955915053,0.4469568555301436,0.135230276211773,0,0,1,1,0,0,0.5393258426966292,0.9830508474576272,0.4222645963217885,0.9963589337452858,0.30929483924735723,0.08812367790843331,0.05690874003794581,0.5011997319653848,0,0,0.3815565855434799,0,1,0,0,0,0
5422,0.5,1,1.0,0.6666666666666666,0.3740098914138787,1,0.7993929236470072,0.6612933495816744,0.5472713359930735,0.4127116700045959,1,0,0,0,0,0,0.30337078651685395,0.711864406779661,0.6661364809844116,0.38504051753705276,0.4865365603802499,0.51210069807786,0.04752554643514582,0.3854460484566368,0,0,0.07175636192244611,0,0,0,0,0,1
5423,0.6666666666666666,1,0.0,0.0,0.9548524846406664,0,0.3530981519993048,0.990581432628671,0.17652950987123495,0.1524529965904374,1,0,0,0,0,0,0.898876404494382,0.5423728813559322,0.15366889109791398,0.5962484069847712,0.5057669676450898,0.9165888806253324,0.10335567775245103,0.6165952199280363,0,0,0.9565211668884026,0,0,1,1,1,0
5424,0.5666666666666667,1,0.0,0.3333333333333333,0.47566125443759427,0,0.3729801922466727,0.07402390047455508,0.5226273270508321,0.2066355361019498,1,0,1,1,0,0,0.7528089887640449,0.5423728813559322,0.29307566796165635,0.39134308968414466,0.8424121852647685,0.7231577995684021,0.3940710182418789,0.7221040903424486,0,0,0.8979496408316361,0,0,0,0,0,0
5425,0.5666666666666667,0,0.3333333333333333,0.3333333333333333,0.970115316810472,1,0.6725824275669632,0.41613667799637105,0.03529555265219646,0.6077354532679973,0,1,0,0,0,0,0.19101123595505617,0.9152542372881356,0.3920811330501876,0.5209183212471754,0.9497856033381099,0.22230731178078103,0.397491416846127,0.010886002574757431,0,0,0.813903701147983,1,0,0,0,0,0
5426,0.03333333333333333,1,0.3333333333333333,0.3333333333333333,0.530420518486222,1,0.4191249127530668,0.6232675035040529,0.668029777506759,0.9027957068845679,0,0,0,0,0,1,0.1797752808988764,0.8983050847457628,0.1763826127486165,0.5648250399797766,0.2897917951989397,0.06740472689123968,0.31307347469243485,0.2671816043200626,1,0,0.05818649583205066,0,0,1,0,0,1
5427,0.9333333333333333,1,0.3333333333333333,1.0,0.3847281892061743,0,0.962230797345054,0.27227226728400516,0.3632046225684064,0.11274264542959145,1,0,0,0,0,0,0.4044943820224719,0.6949152542372882,0.7705693765864843,0.5616592742947194,0.27081713375840777,0.8538774905239496,0.2866672943312737,0.9860585690821274,0,0,0.6881985919324464,0,0,0,0,1,0
5428,0.6,1,0.3333333333333333,0.0,0.8487139368215408,0,0.1148769415966608,0.7324765701843874,0.3317727401565817,0.8999800029175619,1,0,0,0,0,0,0.7865168539325843,0.1864406779661017,0.8878692863112322,0.5414804453217965,0.04268819297335177,0.7984849434493151,0.1129457998559204,0.3066775084691167,0,0,0.7289266114409169,1,0,1,0,0,0
5429,0.0,1,0.0,0.6666666666666666,0.38476008317453986,1,0.06943971669178348,0.5744866530690272,0.9105815227867231,0.004154594534559845,0,0,1,0,1,0,0.7640449438202247,0.4576271186440678,0.7198057244515157,0.14012903685114803,0.5250717824540405,0.4859879372434099,0.8188351939920311,0.42517052351417284,1,0,0.043329113937092344,0,0,0,1,0,0
5430,0.26666666666666666,1,0.6666666666666666,0.3333333333333333,0.30997074036691885,0,0.6623916888599438,0.7793492257433738,0.9814092483144271,0.9665301416725053,1,0,0,0,0,0,0.20224719101123595,0.3898305084745763,0.6750149673843172,0.15940646378592419,0.9769027724211456,0.689187312280313,0.5433787279418403,0.17683933016826925,0,0,0.3364605732103807,1,0,0,0,0,1
5431,0.5333333333333333,0,0.0,0.0,0.3197431178632052,1,0.37641388924205993,0.304645439712986,0.6895820177564022,0.3054210766882927,0,1,0,1,0,0,0.7752808988764045,0.8305084745762712,0.042943009875263234,0.32829182551635594,0.6686370858630717,0.8191407519534856,0.9934740430986682,0.6990659407186609,0,0,0.8959222654599877,1,0,1,0,0,0
5432,0.06666666666666667,0,0.0,0.6666666666666666,0.4571112875559324,0,0.08324159902076836,0.8606193833358876,0.12282760253655807,0.2068238453446105,0,0,1,1,0,0,0.8202247191011236,0.576271186440678,0.21599809746405785,0.4970435944594915,0.9645771915774362,0.6853644665847902,0.8128939373443786,0.615863093884978,0,0,0.37955120732194203,0,0,0,0,0,0
5433,0.06666666666666667,0,0.6666666666666666,0.3333333333333333,0.714176494502924,0,0.09983808126367377,0.8116652794188659,0.5911938188554562,0.0638091875731183,0,0,0,0,0,0,0.9775280898876404,0.2033898305084746,0.23536138666679987,0.8235216944045896,0.7354583572855644,0.25520481235325104,0.8302381350244714,0.8558059269422658,0,0,0.68077518312096,1,0,0,0,0,0
5434,0.8,1,0.0,0.3333333333333333,0.6112956867937019,0,0.37071723141714846,0.03680890181623322,0.4009183478362818,0.8608570324026077,1,0,0,0,0,0,0.7640449438202247,0.559322033898305,0.5021599102602841,0.09416817970006565,0.16108444338755096,0.055073142724645606,0.6039867593907045,0.4359207171563359,0,0,0.4490142758658645,1,0,1,0,0,1
5435,0.13333333333333333,1,0.0,0.6666666666666666,0.914031262990864,0,0.1603464530153798,0.46224011334606907,0.07089902802924228,0.8751956274903233,1,0,0,0,0,0,0.42696629213483145,0.2033898305084746,0.4167157869969327,0.4619169248955091,0.6505393673591179,0.73697850875011,0.2876265211507727,0.7925243348537176,1,0,0.8400557591976053,0,0,0,0,1,0
5436,0.1,0,0.0,0.0,0.6228594650656364,0,0.7121427825856232,0.9817021270276903,0.1608059326402042,0.31556237232533507,0,0,1,0,1,0,0.8764044943820225,0.05084745762711865,0.1596206848665019,0.5414795273270628,0.7670699303658848,0.07421090613367524,0.25808316306290874,0.14204381753144862,0,0,0.2820654518906929,1,0,0,0,1,1
5437,0.16666666666666666,0,1.0,0.0,0.06650427746288716,0,0.02980254368745459,0.5772789824500787,0.5698293844320644,0.657891996721966,0,0,0,0,0,0,0.7303370786516854,0.8305084745762712,0.7017687021585999,0.3327391878779692,0.7892373018240206,0.6800377189720224,0.3624811677105846,0.24818852693237703,1,0,0.9860031405365969,0,0,0,0,0,1
5438,0.3333333333333333,0,0.6666666666666666,0.6666666666666666,0.750136337578727,1,0.5635864788480077,0.3686855813772894,0.49908847351258334,0.007181518446450781,0,0,0,0,0,0,0.24719101123595505,0.5423728813559322,0.7770253535750595,0.5905135940980321,0.2738239154663484,0.560394068587021,0.2764059450493478,0.5828677207962427,0,0,0.8570943629026507,0,0,1,0,1,0
5439,0.36666666666666664,1,0.0,1.0,0.5273466246064972,1,0.7857476989055591,0.6867487438482506,0.9461335421663023,0.16045472915041775,0,0,0,0,0,0,0.3595505617977528,0.8135593220338984,0.4863204169165995,0.714142603608492,0.1538740608382259,0.7923693293577241,0.6623572151308794,0.043339642304025545,0,0,0.7463494782556286,1,1,0,0,0,0
5440,0.06666666666666667,0,0.0,0.3333333333333333,0.9371351847389965,0,0.12529727455331427,0.5032572834157255,0.6037328257971524,0.5593683250962537,1,0,0,0,0,0,0.4044943820224719,0.7288135593220338,0.968249011682519,0.296447651049983,0.07075509686997955,0.8156956230593234,0.05025473685000408,0.0012756390726146268,0,1,0.8950409041410313,0,0,0,0,1,1
5441,0.5,1,0.0,0.3333333333333333,0.06164986858236758,0,0.4969983394962896,0.30421079871012136,0.4557675786052942,0.8923258316050787,1,0,0,0,0,0,0.39325842696629215,0.9322033898305084,0.07090436882349199,0.9884539398392092,0.5251282904719259,0.707931581348602,0.9423972427688095,0.13966692225946922,0,0,0.7340650678518257,0,0,0,1,0,0
5442,0.23333333333333334,0,0.0,0.3333333333333333,0.3564542895836704,0,0.05247420221710754,0.5729415821197269,0.15177657510453862,0.5993250983542134,0,0,0,0,0,0,0.9101123595505618,0.559322033898305,0.14603265940108257,0.2815563911694219,0.6411644389546298,0.9930247666456749,0.8022468145469291,0.9170171107916697,1,0,0.18643775280891295,0,0,0,0,0,0
5443,0.6,0,1.0,1.0,0.5068323487582937,1,0.2351011974858886,0.5876957199843119,0.4005236401385516,0.21456989979010208,0,0,0,1,0,0,0.47191011235955055,0.1016949152542373,0.8098620503283853,0.9279345105932433,0.4234100247619222,0.6104915970642848,0.4523807642988572,0.11481481405435988,1,0,0.7226225889754414,0,1,0,0,0,1
5444,0.06666666666666667,0,1.0,0.6666666666666666,0.9399009366854089,0,0.1318927573792528,0.1451436406886373,0.6466740075918147,0.7093832235394245,1,0,0,0,1,0,0.9662921348314607,0.6440677966101694,0.7875959278500215,0.9660642513011357,0.6966079606869982,0.9415246142110096,0.26751057938297323,0.6427264704514672,0,0,0.9604616054057075,1,0,0,0,1,0
5445,0.03333333333333333,0,0.3333333333333333,0.0,0.45280150368233424,1,0.8520762866841622,0.5383192077617422,0.7949633270295605,0.45191957814671513,0,0,0,0,0,0,0.3146067415730337,0.9491525423728814,0.9834440752586727,0.37037238737325034,0.7085072617621885,0.9118358812493825,0.4063504884369617,0.0758952424987154,0,0,0.4720506860100169,0,0,0,0,0,1
5446,1.0,1,0.6666666666666666,0.6666666666666666,0.7189758701328374,0,0.8835888357210995,0.007254778961497895,0.6634160255092157,0.3014853895813408,0,0,0,0,0,0,0.8202247191011236,0.7288135593220338,0.5694175444830238,0.07000399050515688,0.7262202132893685,0.362988260893982,0.15872512342356562,0.714312384008086,1,0,0.25566551106041013,0,1,0,0,0,1
5447,0.13333333333333333,1,1.0,0.0,0.7921929747764971,1,0.16578582614464576,0.3825370313359166,0.9723244999327588,0.7800042752249666,1,0,0,1,0,0,0.4157303370786517,0.4576271186440678,0.9642829029897555,0.4257143920422159,0.158499057018426,0.6421813074022549,0.12998903626159225,0.8682670371234698,0,0,0.61347770748281,0,0,0,0,0,0
5448,0.26666666666666666,0,0.3333333333333333,0.6666666666666666,0.8784225424696557,1,0.48723660281215597,0.6062506197136943,0.8088843263714987,0.0447275870161755,0,0,0,0,0,0,0.6292134831460674,0.423728813559322,0.5866264857767344,0.056783138832955306,0.14938516145051714,0.5738709961732059,0.9607007444794918,0.8797740838280553,0,0,0.9861356938622456,0,0,0,0,1,0
5449,0.4666666666666667,1,0.0,0.3333333333333333,0.4817103927817875,0,0.000837263513386757,0.46407346009959866,0.790655910980358,0.4754417680714446,0,0,0,0,0,0,0.02247191011235955,0.8983050847457628,0.5296533515957319,0.10992761311264067,0.9544547460203875,0.6880731877817226,0.11726726777327968,0.6261742843655427,0,0,0.772735066822834,0,0,1,0,1,0
5450,0.5333333333333333,1,0.0,0.3333333333333333,0.43137773219542314,0,0.41826471510175783,0.6382441488560162,0.6705979032161982,0.3188511035545287,1,0,0,0,0,0,0.5393258426966292,0.1694915254237288,0.5352716353196212,0.4589398739010187,0.3497828389662725,0.5277899604921432,0.7746739578685956,0.6313261791778493,0,0,0.11520554825347096,0,0,0,0,0,0
5451,0.26666666666666666,1,0.0,1.0,0.6181142061518389,0,0.22041094358588056,0.7784743465184047,0.9972828461803078,0.4546471130634719,0,0,1,1,0,0,0.07865168539325842,0.4915254237288136,0.6382613498286642,0.32914809028072944,0.41762156076929496,0.27988154504865354,0.1856393045440988,0.045390139094226296,1,0,0.9357951306877541,0,0,0,0,0,1
5452,0.9666666666666667,1,0.0,0.6666666666666666,0.8253010650453712,0,0.10305397173607611,0.6358291213510252,0.9857211441459703,0.649291188348247,0,0,0,0,0,0,0.3707865168539326,0.2033898305084746,0.001292184484944503,0.755964275966981,0.4840231178991762,0.8933916719804882,0.5898353947976656,0.41003948739618823,0,0,0.2266273495956397,0,0,0,0,0,1
5453,0.06666666666666667,1,0.0,0.0,0.453199511174351,1,0.9122567319774021,0.8116358946666403,0.7336522481879332,0.8526902537017106,0,1,0,0,1,1,0.8314606741573034,0.2711864406779661,0.10373853036195026,0.6166217887195535,0.1938861191988958,0.13892256719833979,0.8825203671354513,0.024023168397206175,0,0,0.18895946991027798,1,1,0,0,1,0
5454,0.5333333333333333,1,0.0,0.6666666666666666,0.11217837731485061,0,0.4219208689010595,0.5638506454059814,0.4600400569305193,0.8184399414085942,0,0,0,0,0,0,0.9775280898876404,0.7457627118644068,0.35204338242707567,0.540121100223087,0.5046731727690427,0.9210703564517067,0.662726172596465,0.993145081906793,1,0,0.07943146082028343,0,0,0,0,0,1
5455,1.0,0,0.6666666666666666,0.6666666666666666,0.27954984411622574,0,0.5383128177669421,0.6249062599974871,0.5059504374830063,0.5431256920603754,1,0,0,0,0,0,0.7865168539325843,0.3898305084745763,0.43514243139690084,0.4825015521175244,0.665770941291452,0.38782892539332026,0.9277155067849173,0.6102540909117042,0,0,0.2706035421722677,0,0,1,1,0,0
5456,0.0,0,0.0,0.0,0.6975286211684586,0,0.2951044116406352,0.8201068171255118,0.9342658926194647,0.23442886464679702,0,0,0,0,0,0,0.7640449438202247,0.3220338983050847,0.31692948062309867,0.7694522203651118,0.33968139046216567,0.7519643500863448,0.6492440479629161,0.5955919693977043,1,0,0.7541735853530094,1,0,0,0,1,0
5457,0.7333333333333333,0,0.0,1.0,0.709882503799896,0,0.03244965171745289,0.48421862898493667,0.8289962299882031,0.45898159797077637,0,0,0,0,0,0,0.6629213483146067,0.3389830508474576,0.576980011517201,0.9108012172987201,0.5298249338690604,0.003048997952839659,0.035829765194348065,0.8990117789115606,0,0,0.868751974988166,0,0,0,0,0,0
5458,0.6666666666666666,0,0.0,0.6666666666666666,0.2518940453981536,0,0.11815762074447039,0.1994146219384193,0.9383016136940073,0.0741673564680915,0,0,1,0,0,1,0.21348314606741572,0.3220338983050847,0.4126677229840487,0.14713233291299868,0.6706098508890705,0.20476973718638145,0.934213499915013,0.01572425969261334,1,0,0.3779014365256328,0,0,1,0,0,0
5459,0.16666666666666666,1,0.3333333333333333,0.6666666666666666,0.4524945778711832,0,0.4031131449464576,0.8633502341310197,0.4022475210388374,0.45549956212596027,0,0,0,0,0,1,0.6853932584269663,0.22033898305084745,0.317796064705015,0.8210318227394512,0.8948814778958722,0.916291883101589,0.12538890418383006,0.7407128853981865,0,0,0.9124877619806981,0,0,1,0,0,0
5460,0.06666666666666667,0,0.3333333333333333,0.3333333333333333,0.5281624660894891,0,0.5324924605733876,0.6884453695162813,0.39513323379539733,0.8833151893730435,1,0,0,0,0,0,0.2696629213483146,0.0,0.9563714798640682,0.6174429604516632,0.4849065245378525,0.19323650132915005,0.8948083462474924,0.3123341418138041,1,0,0.480125360911233,1,0,0,0,1,0
5461,0.7,0,0.3333333333333333,0.6666666666666666,0.8790462847969879,0,0.5483504161188825,0.35582194350841895,0.9824414808495694,0.6831968082900853,0,0,0,1,0,0,0.5730337078651685,0.7288135593220338,0.285917952763289,0.8899747445664838,0.3387724654173781,0.5072588384183381,0.9709010382108361,0.3243590545338752,0,1,0.6484076130201348,0,0,0,0,1,0
5462,0.0,0,0.0,0.0,0.21386985006742396,0,0.8399003580722236,0.3378638479315109,0.17292886920362918,0.6054384987628315,0,0,0,1,0,0,0.3707865168539326,0.288135593220339,0.27433176276183663,0.3867083090089016,0.5332209964112653,0.5214941919670925,0.7330331779220298,0.44980202094985683,0,0,0.6747195159619265,0,0,1,0,1,0
5463,0.23333333333333334,1,1.0,0.6666666666666666,0.185326877432825,0,0.20520082517214458,0.023016977407568147,0.03529617461384277,0.629419719763671,1,0,0,0,0,1,0.0449438202247191,0.9491525423728814,0.21123592710381042,0.3292776185291124,0.6544761646369447,0.2046557733380529,0.5853735485056065,0.9722420708724054,0,0,0.5652531139986241,1,0,0,0,0,0
5464,0.0,0,0.3333333333333333,0.0,0.8758854295326762,0,0.6213299123405062,0.5743791594054516,0.8970854435424063,0.020649293141472326,0,0,0,0,0,0,0.4606741573033708,0.3050847457627119,0.5008297926922962,0.8889862500500509,0.9216964861301284,0.027940964133408207,0.9726532202500522,0.1965811991970248,0,0,0.3353209416828371,0,0,1,0,0,0
5465,0.8666666666666667,0,0.3333333333333333,0.3333333333333333,0.3372923866403744,1,0.5476379988730847,0.7040599041949305,0.539479365726559,0.5110228790828906,0,0,0,0,1,0,0.9213483146067416,0.6440677966101694,0.9713253837935775,0.8879595436258733,0.39229257359983216,0.05309902235504547,0.5619730215347171,0.46048788860721857,1,1,0.456036985991882,0,0,1,1,0,1
5466,0.7,1,0.0,0.3333333333333333,0.7638296280596902,0,0.06894644246355965,0.3018662823975146,0.6761537016571172,0.9050982318147087,1,0,1,0,0,1,0.550561797752809,0.01694915254237288,0.49290936212110725,0.24497312899805954,0.6893472070517392,0.24722599416237925,0.16316078590481503,0.17193070321687728,1,0,0.5602391965030711,0,0,0,0,1,1
5467,0.3333333333333333,1,0.0,0.3333333333333333,0.9436603140440484,0,0.7209056488771719,0.30345322348865245,0.10615804008450565,0.06445191303941751,0,0,0,0,0,0,0.02247191011235955,0.01694915254237288,0.5270585072523165,0.8432292115731235,0.615876112365094,0.8588177705891992,0.1888339357399666,0.7556881963073855,0,0,0.7467220717765163,0,0,0,0,1,0
5468,0.8333333333333334,1,0.0,0.0,0.557301452928797,0,0.6442824117480492,0.33380926146805556,0.7459742831218072,0.014081029783636961,0,0,0,0,0,0,0.9438202247191011,0.8983050847457628,0.7311638704186987,0.4615305792897344,0.7373233152317371,0.6055659424304739,0.8103572294761942,0.8648066460617924,1,0,0.6389074236692629,1,1,0,0,0,0
5469,0.8,1,0.6666666666666666,0.0,0.7528105951823421,0,0.02434776853160013,0.47244426815386903,0.1996862785034623,0.9570512199768011,0,0,0,0,0,1,0.550561797752809,0.864406779661017,0.7049287376459287,0.8354279062576291,0.7652388442361455,0.6124168995204392,0.6876650886015059,0.3421250140013756,0,1,0.9179684893974742,1,1,0,0,0,1
5470,0.8,1,0.0,0.3333333333333333,0.8264044705610746,0,0.800753042728303,0.8347538103653499,0.35247296822959817,0.5713887258893859,0,0,0,0,0,0,0.9101123595505618,0.8135593220338984,0.03873097890898796,0.56381071947152,0.9301831148992069,0.8504670066928527,0.4454043426653868,0.45373986804598615,0,0,0.9098242215608775,0,0,0,0,1,0
5471,0.5,0,0.0,0.0,0.9724364945177834,0,0.06615718954639006,0.3288255918074716,0.48015166929797604,0.0038442985332014464,0,0,0,0,0,0,0.7640449438202247,0.2033898305084746,0.5542291048690765,0.8523430325348464,0.5609166622563343,0.022390096553840395,0.29701961163664087,0.15157878800089447,1,0,0.8573862122107442,0,0,0,0,0,1
5472,0.23333333333333334,1,0.0,0.6666666666666666,0.2142548083447427,1,0.5335400583044081,0.9068736004321443,0.7455010940969236,0.2939918311294261,0,0,0,0,1,0,0.2696629213483146,0.3220338983050847,0.6180316386285067,0.8095734122630037,0.5641621242201309,0.5923066777104667,0.16750023831569621,0.6080209592184173,1,0,0.764428343734863,0,1,0,1,0,0
5473,1.0,0,0.6666666666666666,0.6666666666666666,0.3776525359478805,0,0.2137277671559755,0.6332670313226892,0.36888275463058573,0.5252594850284933,0,1,0,1,0,0,0.056179775280898875,0.4576271186440678,0.27738474314401856,0.5037170443232,0.9659047356494757,0.3708329422035141,0.7158224488921692,0.4590265209801405,1,1,0.6847430570226257,1,0,0,0,0,1
5474,0.2,1,0.0,0.3333333333333333,0.3881456689805376,0,0.9254079033701501,0.6405164761209098,0.9795512728224463,0.6402598298435224,0,0,0,0,0,0,0.9213483146067416,0.423728813559322,0.23934201940186253,0.7001668673301225,0.8338357295551927,0.5006875924564393,0.8573836544304687,0.8109498623389599,0,0,0.07813946009313052,0,0,0,0,0,0
5475,0.43333333333333335,1,0.0,0.3333333333333333,0.029217885813065333,0,0.45129586371690383,0.643717897799372,0.497857310568974,0.9943952206095715,0,0,0,0,0,0,0.11235955056179775,0.9152542372881356,0.6745473610938799,0.2056951494469443,0.6974639313373998,0.8728679010597541,0.0753509464807269,0.9372856170575363,0,0,0.6516722998658686,1,0,0,0,0,0
5476,0.7666666666666667,1,0.6666666666666666,0.6666666666666666,0.4965669290268579,1,0.26055250441737404,0.3498507413494414,0.3103930415815845,0.1626891976268815,0,0,0,0,0,0,0.07865168539325842,0.0847457627118644,0.06600470694532229,0.8019257912044223,0.30987911330140067,0.19023316230293394,0.848023956856049,0.6031782302145636,0,1,0.1264835527021216,1,0,0,0,0,0
5477,0.43333333333333335,0,0.0,0.0,0.8039990111380845,0,0.2666090886933888,0.6050374539460321,0.49634420578019856,0.004707664138585448,0,0,0,0,0,0,0.47191011235955055,0.01694915254237288,0.8586975451352786,0.785625616153829,0.01849127686428842,0.7220668641559981,0.8238050397768818,0.9264061283330675,1,0,0.21451842395090798,0,0,0,1,0,0
5478,0.6666666666666666,1,0.0,0.3333333333333333,0.5190148634075343,0,0.6728613204341611,0.777939951184457,0.06808941612404831,0.9079481782773714,0,1,0,0,1,1,0.6741573033707865,0.4406779661016949,0.6405513587146432,0.6940024682434967,0.9269572559675532,0.5436340379153114,0.9860757007280253,0.375539333253301,0,1,0.33781789306785237,0,1,0,1,0,0
5479,0.26666666666666666,0,0.3333333333333333,0.0,0.4606096250083327,1,0.3589807540778761,0.39817076648613003,0.9274849799020122,0.03613102349595849,0,0,0,0,0,0,0.39325842696629215,0.11864406779661017,0.6649723111756363,0.2000270506945908,0.5581588746364442,0.6729513910454153,0.18376847420301443,0.9297917919145468,0,0,0.1692372413733692,0,0,0,0,1,0
5480,0.5333333333333333,1,0.0,0.3333333333333333,0.39411323319716046,0,0.1118997150118785,0.0003872844351214964,0.3265471587704324,0.3325008777818438,0,0,0,0,0,0,0.14606741573033707,0.3050847457627119,0.07073484215582881,0.18661272802764453,0.5687856800235274,0.24219388288139806,0.850808895543445,0.11175461778698058,1,0,0.5793897225450177,0,0,0,0,0,0
5481,1.0,1,0.0,0.6666666666666666,0.01535835931524127,0,0.20700928735687316,0.6655995980232635,0.769577686368913,0.43324894775021766,0,0,0,0,1,0,0.8651685393258427,0.1694915254237288,0.29990146779581184,0.5860743439832322,0.0045430214566847885,0.7520186789308952,0.03415324965243595,0.641934574738069,1,0,0.7602965411336065,0,0,0,0,0,0
5482,0.13333333333333333,1,0.0,0.3333333333333333,0.9828812984174861,1,0.3717842591557452,0.23121569604396108,0.7244412036949586,0.6832524000073905,1,0,0,0,0,0,0.033707865168539325,0.7457627118644068,0.6460518945207476,0.7233180774434103,0.44441938675484205,0.6445035699382826,0.08320771040414425,0.1763088919823292,1,0,0.48773098949496324,0,0,0,0,1,1
5483,0.9666666666666667,0,0.0,0.3333333333333333,0.3955624832643846,0,0.8197940943125477,0.7406934035893972,0.9203382443616186,0.3873035033460155,0,0,0,1,0,0,0.5280898876404494,0.6779661016949152,0.06840473740449134,0.18297916238656756,0.5674480601041653,0.9979911842501431,0.45856173775489745,0.2602966099979894,0,0,0.5526020757138107,0,0,0,0,0,0
5484,0.8666666666666667,1,0.0,0.3333333333333333,0.873718332089356,0,0.5722535385230677,0.41413084069888073,0.6476906935775342,0.33888904453051755,0,1,0,0,0,0,0.033707865168539325,0.7627118644067796,0.6667930911821265,0.7455535630441839,0.6549104391095483,0.6883108201162822,0.7509004798407565,0.4622698146906559,0,0,0.8350756943305778,0,0,0,0,1,0
5485,0.9666666666666667,1,0.3333333333333333,0.3333333333333333,0.6557098322657425,0,0.9557894448397269,0.35743241616484966,0.7050290145400631,0.20130406744979207,0,0,0,0,0,0,0.6404494382022472,0.5423728813559322,0.3605513220381607,0.09494529090696266,0.7363729571273183,0.005597782742733994,0.04218217824096468,0.5611266382544652,1,0,0.8538630236394036,0,0,0,0,0,0
5486,0.0,0,0.3333333333333333,0.0,0.5023994829425174,0,0.002039390028454724,0.8773648354426825,0.4576752595337761,0.010542064482505872,0,0,1,1,0,0,0.449438202247191,0.6779661016949152,0.8988742763785404,0.02846991546900396,0.9567135987305818,0.7571023101093689,0.793623568420287,0.9333676560809009,0,0,0.8015767270692948,1,0,0,0,0,0
5487,0.9,1,0.6666666666666666,0.3333333333333333,0.6846298214701325,0,0.31469297352570785,0.9326339672026579,0.7789264243959408,0.24957118783713061,0,0,0,0,0,1,0.9213483146067416,0.4745762711864407,0.6464969675636039,0.4197065412854634,0.4839166000610264,0.5286101986218547,0.017515092392864796,0.2729594830693658,0,0,0.4512247951465712,0,0,0,0,0,1
5488,0.2,1,0.0,0.6666666666666666,0.9770757744005433,0,0.5078308912779356,0.6503552126729969,0.3076236335738752,0.7351094333412197,0,0,0,0,0,0,0.4606741573033708,0.9491525423728814,0.4369556803907641,0.8397316064980211,0.7267358614439102,0.6739004108327687,0.782665705885791,0.494744017035043,1,0,0.49827647620161925,0,1,0,0,0,1
5489,0.16666666666666666,0,1.0,0.3333333333333333,0.21837120202309201,0,0.8952371352950985,0.6754072136404534,0.6158913394287167,0.06888397144655187,1,0,0,0,0,0,0.0898876404494382,0.559322033898305,0.815084950178254,0.12532742890610404,0.7473185319461967,0.35066821552718985,0.0867095840233279,0.7705482031293629,0,0,0.4680332578507946,1,1,0,0,1,0
5490,0.9333333333333333,1,0.0,0.3333333333333333,0.3573489282380013,0,0.8438199580187382,0.9568288834576267,0.7936477544192174,0.9491055494826492,0,0,1,0,0,0,0.8764044943820225,0.15254237288135594,0.930704358353577,0.7581321595153959,0.911658721096534,0.3400811558183862,0.7337256854132808,0.4021705120471593,0,0,0.22255906348350607,1,1,0,0,0,1
5491,1.0,0,0.3333333333333333,0.0,0.5684561295034386,0,0.7909884097975534,0.14298796089165133,0.9420073330617001,0.6436845578523668,1,0,1,1,0,0,0.2247191011235955,0.4745762711864407,0.4652069366765993,0.7817133696915521,0.337682641669712,0.9289414539148964,0.6316458466054885,0.018136767066322126,0,0,0.08018681167531427,0,0,0,0,1,1
5492,0.8666666666666667,0,0.0,0.0,0.8802768350630398,1,0.3462621290212702,0.2929138134652729,0.6491422843474022,0.4487311776712063,0,0,0,0,0,0,0.651685393258427,0.3728813559322034,0.33094325083606546,0.9496925188214529,0.19574952335122234,0.43016310877460645,0.4148778573310795,0.1329895897749277,0,0,0.019523291177207292,0,0,0,0,0,1
5493,0.8,1,1.0,0.3333333333333333,0.7081579001703054,1,0.09243782575116098,0.05660923641504255,0.2631940602218134,0.537098374721822,0,0,0,0,0,0,0.16853932584269662,0.15254237288135594,0.9508393059135404,0.3917577763310616,0.8426316595112979,0.2649832394155495,0.2892137731534632,0.15314018333925225,0,0,0.4971874790128763,0,0,0,0,1,1
5494,0.1,0,0.3333333333333333,0.3333333333333333,0.6101554243681659,0,0.9207694414146547,0.18551091602840167,0.1979910904263652,0.27604391328412925,1,0,0,1,0,0,0.47191011235955055,0.15254237288135594,0.2830848031660948,0.8968550930675293,0.3792962063319854,0.8961008332077323,0.07466068890464281,0.05486762845829857,0,1,0.8678488548407618,0,0,1,0,1,1
5495,0.43333333333333335,1,0.3333333333333333,0.3333333333333333,0.6003206234720593,0,0.6273031911508106,0.5846172589663365,0.4340986024216154,0.7474223258031915,1,0,0,1,0,0,0.23595505617977527,0.5254237288135594,0.35416524856155757,0.19337595452820558,0.4766098008256291,0.04544867533500278,0.7726684969530159,0.8671180488734412,1,0,0.7825017101661884,0,0,0,0,0,0
5496,0.8666666666666667,0,0.0,1.0,0.3009397144792676,0,0.03191093673045222,0.8150561189597794,0.44891299723125494,0.8436042603660251,1,0,0,0,0,0,0.06741573033707865,0.4406779661016949,0.6693272084938838,0.4584661454287259,0.916744020443066,0.712660169244758,0.4701534272535583,0.604430833351888,0,0,0.22175849235986067,0,0,0,0,0,0
5497,0.5,1,0.0,0.3333333333333333,0.6903418749405564,0,0.7226470549531471,0.2913621328061336,0.2798289952281601,0.5543302808295854,0,0,0,1,1,0,0.5730337078651685,0.2711864406779661,0.6193304314572026,0.250704664980945,0.11372039348560634,0.7563566224903931,0.6445415692970773,0.8847068629084541,0,0,0.40743830065476694,0,0,0,0,0,0
5498,0.4666666666666667,1,0.0,0.3333333333333333,0.1895736320207041,0,0.03572432073529468,0.21951802928441105,0.643277389745363,0.9778063906773262,0,0,0,0,0,1,0.0449438202247191,0.3559322033898305,0.26242602949242677,0.9228825936990828,0.8140595242525865,0.6148741702790156,0.7976784705944121,0.7498986626912292,0,0,0.8065447239336568,0,0,1,0,0,0
5499,0.0,1,0.0,0.3333333333333333,0.04737430768459729,0,0.4029024258163105,0.9815368967241362,0.31921555866935564,0.3689010814370054,0,0,0,0,0,0,0.29213483146067415,0.3389830508474576,0.5076373578032167,0.01351082378420475,0.7031967388892879,0.6130584109032265,0.6299991757928263,0.6226190327976656,0,0,0.9605639131273395,1,0,1,1,1,0
5500,0.4666666666666667,1,0.3333333333333333,1.0,0.00023247009142267214,1,0.582661005925078,0.1379368473673887,0.9506219989726926,0.5176249860434153,1,0,0,1,0,0,0.9887640449438202,0.7288135593220338,0.8664086101128207,0.1508968852967543,0.17442212374811783,0.7781683738330825,0.10851479423385986,0.5979835523924261,0,1,0.5760054701256481,1,1,0,1,1,0
5501,0.3333333333333333,0,0.3333333333333333,0.0,0.9520206147860644,0,0.41663954432542644,0.4312540035564104,0.11721941260277065,0.7117632583469624,0,0,0,0,0,1,0.7752808988764045,0.4915254237288136,0.6185263456824537,0.11141085170517794,0.7067206070095766,0.5303162835141452,0.6701266920092194,0.5150942638754902,0,1,0.6231473209473342,0,0,1,0,0,0
5502,0.23333333333333334,1,0.0,0.3333333333333333,0.4015539387427133,0,0.739583147394591,0.18289811285362098,0.869564528607423,0.959110808384512,0,0,0,0,0,0,0.0449438202247191,0.01694915254237288,0.7342052823729611,0.9831553119101343,0.8724792766968452,0.7390031717007147,0.9896067173996721,0.3570624339691544,0,0,0.8515136321892621,0,0,0,0,0,0
5503,0.9,0,0.0,0.0,0.6624782554790847,0,0.27735148511494373,0.3355845075077515,0.54753765402502,0.24584565639157527,0,0,1,0,0,0,0.056179775280898875,0.6610169491525424,0.9440378302882699,0.7183447815790275,0.3062022636964142,0.20769122691906383,0.6521871541884855,0.6829154070423501,0,0,0.20898995658030173,0,0,0,0,1,0
5504,0.7333333333333333,1,0.0,0.0,0.023743124068324906,0,0.061217907159265436,0.8395416001850032,0.7377186178553116,0.41686382111496756,0,0,0,0,0,0,0.9438202247191011,0.6271186440677966,0.9316240802707572,0.9242489502792322,0.48777954694323433,0.4680089124902163,0.39487515849674426,0.6747248891066745,0,0,0.5475174699530001,0,1,0,0,0,0
5505,0.4,0,1.0,0.3333333333333333,0.87522337185264,1,0.4661918618995957,0.3239094814602478,0.5409167210896594,0.6186840595063562,0,1,1,0,1,0,0.3146067415730337,0.5932203389830508,0.7620781380176198,0.025939709789484042,0.20032392077693853,0.5765902158245386,0.48234693841539333,0.30427309864366003,0,0,0.3892689985441785,0,0,0,1,1,1
5506,0.7333333333333333,0,0.3333333333333333,0.6666666666666666,0.33809039863111695,1,0.0786188387898289,0.871814003071431,0.884433241550861,0.7305935686861901,0,0,0,0,0,0,0.7640449438202247,0.9830508474576272,0.4982524565669182,0.33593045423748374,0.4128230542330815,0.3971064100019532,0.23932134584081247,0.38737851056725575,0,0,0.23733314112745804,1,0,0,1,0,1
5507,0.1,1,0.0,0.6666666666666666,0.037460615758662025,0,0.3080292521882459,0.5307021024420127,0.7682543962981508,0.6744469016983472,0,0,0,0,0,0,0.1797752808988764,0.288135593220339,0.09264450639739233,0.37281732926196903,0.6018324227157914,0.9169696255422781,0.7613615991901306,0.42663429662688657,0,1,0.6064717222255249,0,0,0,0,1,0
5508,0.26666666666666666,1,0.0,0.0,0.4256145281062165,1,0.1664690529135079,0.7257464922885546,0.22731483048607087,0.14617160630221818,1,1,0,0,0,0,0.011235955056179775,0.5084745762711864,0.15170812230351227,0.9460943958435992,0.20173928439959832,0.5714563475551518,0.7056095052588336,0.5600897166647443,0,0,0.4423809970762336,0,0,1,0,1,0
5509,0.5666666666666667,0,0.3333333333333333,0.6666666666666666,0.16158986171739184,1,0.30441600526848944,0.206519275656429,0.2785826324115664,0.6281140717868309,1,0,0,1,0,0,0.8089887640449438,0.2711864406779661,0.8631431913283099,0.019388464953743748,0.8334873343531989,0.010555179574975676,0.6166903899590794,0.47210120366018904,0,0,0.8069354214731871,1,0,0,0,1,0
5510,0.5666666666666667,1,0.0,1.0,0.8558746125392885,1,0.024846423938890777,0.7629808594884192,0.8649969643186215,0.7731601184130876,0,0,1,0,0,0,0.5280898876404494,1.0,0.7387483870033017,0.9833903223710104,0.4015690487907373,0.6463432236438615,0.43147527396211555,0.7829516322752526,0,0,0.3160307026998948,1,0,0,0,0,0
5511,1.0,1,0.6666666666666666,0.3333333333333333,0.6606467930342079,0,0.8469671650213387,0.656106608019338,0.6007238258340136,0.6120337352438403,0,0,0,1,0,1,0.4044943820224719,0.7627118644067796,0.06629480478022287,0.00867322697670304,0.3474595125891351,0.632018404192811,0.6437433794163543,0.8637940814388625,0,0,0.12020330092900312,0,0,0,1,0,0
5512,0.8666666666666667,0,0.0,0.3333333333333333,0.2758315901741892,1,0.04300657624063317,0.23494519564951385,0.16646424353686878,0.8261310516629892,0,0,0,0,0,0,0.07865168539325842,0.4745762711864407,0.3234910016192047,0.029769052125970925,0.18756950959042215,0.986447782014383,0.8555237578893117,0.7420218000943513,0,0,0.458649431455599,0,0,0,0,1,0
5513,0.26666666666666666,1,0.0,0.3333333333333333,0.29195587191229466,1,0.8643489462122821,0.4411478967219147,0.13405830266491447,0.2139569414197812,0,1,0,0,0,0,0.8651685393258427,0.1864406779661017,0.9041149703581759,0.6347554838649576,0.5247920271600431,0.4114667998824976,0.8123173765937466,0.4053521962452696,0,0,0.12324725509840169,0,0,0,0,0,0
5514,0.36666666666666664,1,0.3333333333333333,0.3333333333333333,0.06401726698806103,1,0.24343856478843384,0.6613483380613047,0.24001205955425406,0.8086578298850852,0,0,0,0,0,0,0.0449438202247191,0.0847457627118644,0.05917966232740786,0.08386749025368537,0.6351950007614287,0.6358728479765592,0.8241784653797748,0.9813951891975781,0,0,0.08518037520031808,0,1,0,0,0,0
5515,0.36666666666666664,1,0.0,0.6666666666666666,0.14267833513808262,0,0.8238104259159402,0.01645231163040822,0.8938826882855838,0.48822682319233823,0,0,0,0,0,0,1.0,0.8305084745762712,0.746788796394083,0.5625457705636907,0.4361925192323994,0.19979732539246625,0.8868075452864213,0.19376497977899337,0,1,0.042713538256083525,1,1,0,0,0,0
5516,0.26666666666666666,1,1.0,0.3333333333333333,0.8406148039229513,1,0.6954083939916368,0.08244940778592423,0.2106646039708359,0.9751077850832698,1,0,0,1,0,0,0.33707865168539325,0.576271186440678,0.04560548569948853,0.24615933087164193,0.1763628303628643,0.7843123022111924,0.33361376478028526,0.6794993838283566,0,0,0.8505296345329665,0,1,0,0,0,0
5517,0.03333333333333333,1,0.3333333333333333,0.3333333333333333,0.6566305927117874,0,0.7130653179528595,0.9263420837389291,0.09295744120417909,0.16271428187440232,1,0,0,1,1,0,0.25842696629213485,0.7457627118644068,0.7331619232158254,0.232115422879997,0.595544527173975,0.6689178509771803,0.999429120360466,0.0885129808156299,0,1,0.8638583854524556,0,0,0,0,0,0
5518,0.06666666666666667,1,0.0,0.3333333333333333,0.2177755035165428,0,0.07863674504821695,0.7459695252909796,0.01595890893344947,0.1936758082044678,0,0,0,0,0,1,0.8426966292134831,0.4576271186440678,0.7777414061749846,0.852140229191446,0.5063235888519042,0.6866466309283241,0.4260421063320658,0.6769063348849031,1,1,0.6716702744863716,0,0,0,1,0,1
5519,0.6,1,0.3333333333333333,0.0,0.21415743838401455,1,0.2629059779397216,0.8758522298969302,0.6294815195506379,0.31762366491489114,0,0,1,0,0,0,0.6629213483146067,0.6610169491525424,0.6378781695193874,0.8784586578085156,0.843461479664329,0.8702619682654347,0.9402437488793086,0.39590253697095545,0,0,0.7457903481970054,0,0,0,0,0,0
5520,0.03333333333333333,0,0.3333333333333333,0.0,0.175142926358976,0,0.3502834508309378,0.12806164544549573,0.7261568776588205,0.7355842200317443,0,0,1,0,0,0,0.25842696629213485,0.711864406779661,0.5470893468784204,0.11583358349966266,0.9997395519091815,0.2837148208637003,0.19845279934618565,0.028118706822267688,0,0,0.20379414868092785,0,0,0,0,0,1
5521,0.6333333333333333,1,0.3333333333333333,0.6666666666666666,0.8567263529988618,0,0.4167222292239434,0.2543728271530747,0.7273362828224562,0.9362347106940624,0,0,0,0,0,0,0.19101123595505617,0.2711864406779661,0.7348108344900688,0.9655049597448024,0.31194480860961926,0.08246023180874289,0.26306683495760314,0.49760661565730535,0,0,0.8599740353850397,0,0,0,0,0,0
5522,0.06666666666666667,0,0.0,0.6666666666666666,0.51069909553184,0,0.6367041832175998,0.553552733144987,0.9897873838615481,0.6714923609940625,0,0,0,0,0,0,0.3707865168539326,0.559322033898305,0.6308789883912934,0.19906799086631838,0.12085774247051853,0.2895686299504699,0.3686636429987296,0.9295833837785638,0,0,0.4511850894016187,0,0,0,1,0,0
5523,0.7,0,0.0,0.3333333333333333,0.6583451999851615,0,0.5951136644299789,0.9229408222692288,0.7420109759850713,0.8841899329525924,0,0,0,0,0,0,0.7752808988764045,0.7966101694915254,0.4170972134028801,0.9175656428985905,0.19180208825190756,0.32250701007279653,0.9634898132716242,0.9685983759454139,0,0,0.4127769002312857,0,0,0,0,0,0
5524,0.43333333333333335,0,1.0,0.6666666666666666,0.5606586505931076,0,0.5662438981829431,0.41838419981617947,0.5632496414913084,0.6424080443706637,0,1,0,0,0,0,0.24719101123595505,0.559322033898305,0.16517887971228906,0.5690967860826035,0.05331023903673794,0.7546279408221905,0.44169463112838536,0.6592653967443192,0,0,0.5711551160138983,0,0,0,0,0,0
5525,0.5333333333333333,0,0.0,0.3333333333333333,0.8354350401952846,1,0.8151575104760542,0.7126245388640581,0.0371336050952294,0.03900621123173279,0,0,1,0,0,0,0.10112359550561797,0.1864406779661017,0.566481740278394,0.06064188476542238,0.29186901011746486,0.873976797433649,0.39235533901361386,0.3752208702952694,0,0,0.8078781392763993,0,0,0,0,0,0
5526,0.06666666666666667,0,0.0,0.0,0.8976287990478079,1,0.6141670744643467,0.7070934244239404,0.36132928829825683,0.6682517628257024,0,0,0,0,0,0,0.4044943820224719,0.3220338983050847,0.3360296458530291,0.2620556743434735,0.5756038503123049,0.6868223697608336,0.7772689786640831,0.6945420061757783,0,1,0.055288805733131365,1,0,0,0,1,1
5527,0.3,1,0.0,0.6666666666666666,0.36117431988951904,0,0.7610704490380826,0.2660166059766151,0.7480698729278829,0.5264475631467143,0,0,0,0,0,0,0.0898876404494382,0.9491525423728814,0.5855908501084199,0.9475490064166513,0.4905433000359952,0.7318614270119806,0.6164614734465473,0.22744442790658534,0,0,0.7805911097476348,0,0,0,0,0,0
5528,1.0,1,0.6666666666666666,0.6666666666666666,0.0151411296778228,0,0.7914718178492347,0.03220859072000458,0.22333913484200654,0.37529358670730006,0,0,0,0,0,0,0.07865168539325842,0.01694915254237288,0.8943595253886024,0.12445038406501215,0.1749554733218024,0.030168056175024473,0.962810655722474,0.31373620849878503,0,0,0.3732630176252319,0,0,0,1,0,0
5529,0.9333333333333333,1,1.0,0.3333333333333333,0.10050968019541635,0,0.03453043926082338,0.791233311467485,0.2898816127475921,0.5894280634553084,1,0,1,0,0,0,0.25842696629213485,0.9322033898305084,0.7032032869472382,0.9552286632426579,0.3090101346461962,0.17009898336482154,0.1094693608083266,0.09478376306068681,0,0,0.7750699313390068,1,1,1,0,0,0
5530,0.5666666666666667,1,0.0,0.6666666666666666,0.6013081837436277,0,0.23852500015572306,0.03251653156130875,0.7857460917155795,0.02446324549068099,0,0,0,0,0,0,0.8202247191011236,0.2711864406779661,0.9887814676387754,0.7140763469875885,0.9942547787948681,0.22322427797791172,0.46754120339328764,0.5397748592110146,1,0,0.40716028263679627,0,1,1,0,0,1
5531,0.8666666666666667,0,0.6666666666666666,0.3333333333333333,0.5262229508809043,0,0.9319502942959738,0.6542566878448755,0.1308511879646185,0.9367623030567871,1,0,0,0,0,0,0.550561797752809,0.4406779661016949,0.519979249280429,0.019959068562527334,0.613887635522532,0.680938883798851,0.6871532748609765,0.5568637072757523,0,0,0.023168570988095685,0,0,0,0,1,0
5532,0.23333333333333334,0,0.0,1.0,0.607530627524453,0,0.4732768034554653,0.016759812514195976,0.41381639793207964,0.2619962392461828,0,1,0,0,0,0,0.48314606741573035,0.06779661016949153,0.24324740466556286,0.6684589174900885,0.9928941112630025,0.11956233291994987,0.8955602370904493,0.6202382820438803,1,0,0.9780958205639912,1,0,0,1,0,0
5533,0.7333333333333333,1,1.0,0.6666666666666666,0.3927971165230116,0,0.08143938618756835,0.5810061505362135,0.1466927854916873,0.5097805278812205,0,0,0,0,0,0,0.9775280898876404,0.423728813559322,0.27988261307562257,0.8215917036592987,0.40654535426514987,0.9469510445498504,0.5250253580243051,0.6567483384458828,0,0,0.7255545490176634,1,0,0,0,1,0
5534,0.06666666666666667,0,0.0,0.6666666666666666,0.3616336514586839,1,0.601563268506852,0.3262485153815373,0.16770985958585685,0.737689998354231,0,1,0,0,0,0,0.8314606741573034,0.711864406779661,0.16376899768608433,0.8308614713222086,0.43040253546950646,0.6395288320541409,0.8603396797462121,0.9894580572737631,0,1,0.19847957054846974,0,0,0,0,0,0
5535,0.06666666666666667,0,0.6666666666666666,0.6666666666666666,0.8884092782923554,1,0.7937373221480378,0.08322084893315278,0.7407225608021338,0.8183048122542391,0,0,0,0,0,0,0.43820224719101125,0.8813559322033898,0.45900968232289907,0.07534055474128855,0.7872130566083747,0.274006677935169,0.019654441417391436,0.7618744423273169,0,0,0.7948625803932886,0,0,0,1,0,0
5536,0.8,0,0.3333333333333333,1.0,0.7060097864773118,0,0.5161646339910053,0.7630883605941616,0.5409981915049529,0.11330739619292066,1,0,0,0,0,0,0.7640449438202247,0.3728813559322034,0.48721261088129836,0.6563130049006517,0.8321001125361605,0.4066678500493656,0.39469807432173676,0.9753207301032238,1,0,0.48202543721645424,0,0,0,0,1,1
5537,0.23333333333333334,0,0.0,0.0,0.9743357516673421,1,0.03936782546245231,0.5096630013789517,0.38553955406399776,0.5931261581781463,1,0,0,0,1,0,0.3146067415730337,0.11864406779661017,0.36144957011525275,0.39885325713660263,0.5553252508253469,0.24308994767800857,0.5890611271011956,0.7783992943022922,0,0,0.19047018466366528,0,0,0,0,1,0
5538,0.7,1,0.0,0.3333333333333333,0.6871136415647414,0,0.2248301599471716,0.09923359327545304,0.13209607984327496,0.7222179216443092,0,0,0,0,0,0,0.4044943820224719,0.9661016949152542,0.029719862587182157,0.1559361699794596,0.2896982975512185,0.28460969939960656,0.8488170602913391,0.1674701375501978,0,0,0.828693046424288,0,0,0,0,0,0
5539,0.5,1,0.0,0.6666666666666666,0.7353993360340458,1,0.14023818133602547,0.026543064231889173,0.2093581150718582,0.8879193597605358,1,0,0,0,0,0,0.38202247191011235,0.0,0.12589231710572524,0.32857434440267624,0.16093210811549633,0.3964474594792482,0.2923851326920554,0.011495914369354987,0,0,0.9776291270910388,0,0,0,0,0,0
5540,0.3,1,0.0,0.3333333333333333,0.7809430928045161,0,0.9544411846775575,0.13921315315069535,0.7963335011710264,0.8540094082511251,0,0,0,0,0,1,0.8202247191011236,0.13559322033898305,0.9573368363590138,0.011082096426254623,0.5758432560934357,0.06451914814086912,0.7654381607405749,0.050364435641131376,0,0,0.6671886730435801,1,0,0,0,0,0
5541,0.6,1,1.0,0.3333333333333333,0.8496508165183465,0,0.4695654871888345,0.4888260937071375,0.992450515572186,0.018344325453303854,0,0,0,0,0,0,0.19101123595505617,0.3728813559322034,0.729637706187962,0.2102225795027318,0.8110530539397467,0.6463070919015769,0.2244144485721655,0.8544408561300976,0,0,0.4606088556521312,0,1,0,0,0,0
5542,0.03333333333333333,1,0.0,0.6666666666666666,0.44775760791563046,0,0.7840715821582562,0.36366797258284156,0.9027785670932712,0.1892482413277845,0,1,0,0,0,0,0.9550561797752809,0.01694915254237288,0.00744697218285755,0.49595612834066777,0.31800852180086625,0.5996796825597348,0.45206192912011994,0.32172844490736346,0,0,0.23419091865189365,0,1,1,0,1,1
5543,0.06666666666666667,1,0.0,0.3333333333333333,0.98640905688154,0,0.6174019445323363,0.23939529001808552,0.4333670544117279,0.42609037180026316,0,0,0,1,0,0,0.9550561797752809,0.4576271186440678,0.5394388413218282,0.6226604646600702,0.07490081236906566,0.06352020610395177,0.004780511111718465,0.479431734862184,1,0,0.9432698016430318,1,0,0,0,0,1
5544,0.1,0,0.3333333333333333,0.6666666666666666,0.7197765289266166,0,0.3514121883031363,0.2591193383627463,0.2804182224670267,0.05395775096669008,0,0,0,1,0,1,0.9887640449438202,0.13559322033898305,0.581876300932715,0.9461278611655978,0.30420420776608115,0.4642968586453101,0.2865279760901482,0.3841694349628531,0,0,0.5909212883197205,0,0,0,0,0,0
5545,0.7333333333333333,1,0.0,0.6666666666666666,0.9310918649536836,1,0.054762196633097567,0.06016831185299338,0.43592108230286336,0.3701427284971519,0,0,0,0,0,0,0.011235955056179775,0.9661016949152542,0.008549815602687295,0.021870392628743643,0.060668565253187125,0.17349716239565235,0.6647284789819982,0.43112079003951614,0,0,0.9906465021928702,0,1,0,0,1,0
5546,0.9,1,0.0,0.3333333333333333,0.14410772069639546,0,0.08503877671864407,0.01506592532488469,0.6326047860195938,0.20937558825301555,0,0,0,0,0,0,0.011235955056179775,0.423728813559322,0.5141156972613655,0.3394602827262555,0.24856118805494162,0.43541326674895947,0.27458846582031643,0.35946303347066055,0,0,0.7357254229304558,0,0,0,0,1,0
5547,0.2,0,0.0,0.3333333333333333,0.6402083118319283,0,0.8461159497332308,0.015559506670682179,0.039353689155581004,0.11287890624446714,0,0,0,0,0,0,0.9213483146067416,0.13559322033898305,0.4878122460393763,0.19590223175738383,0.3622872523368029,0.3086833854697473,0.11534188498977503,0.41060486722712214,0,0,0.8213929414177376,0,0,1,0,1,0
5548,0.4,0,0.6666666666666666,0.3333333333333333,0.1782413186969159,1,0.3724642247017257,0.8324916000791572,0.26165213950396765,0.9229837050519786,0,0,0,0,0,0,0.12359550561797752,0.423728813559322,0.014738019279575831,0.07742172986616065,0.7831042956197435,0.9081374946255109,0.11693911435977913,0.9418410262549263,1,0,0.7730371955514269,0,0,0,0,0,0
5549,0.7333333333333333,0,0.3333333333333333,0.6666666666666666,0.3039594243491282,0,0.09032287665848862,0.7085378350503015,0.9539538497882187,0.999039359002949,0,0,0,0,0,0,0.449438202247191,0.9830508474576272,0.0869427346841522,0.27926717418472863,0.22530558655083027,0.4945229674809473,0.29848974264030326,0.6064188602219701,0,0,0.30513197278193,0,0,0,0,1,0
5550,0.1,0,0.6666666666666666,0.3333333333333333,0.36416791926892206,0,0.24446333347724597,0.8607722017630753,0.6177129805912192,0.897953028849562,1,1,0,1,1,0,0.34831460674157305,0.01694915254237288,0.567018517554891,0.7242061575065768,0.5942850605143537,0.6037705619852362,0.18004245377770825,0.7690971404694094,0,0,0.643239242615175,0,0,0,0,0,0
5551,0.8,0,0.0,0.0,0.15756581480083698,0,0.4925687092867504,0.3523712785588748,0.8378040403918087,0.08732828437089427,0,0,0,0,0,0,0.5168539325842697,0.6101694915254238,0.17107326124467784,0.35189308249868173,0.6043724678084663,0.7927038934506663,0.07297189011768151,0.1908397973134963,0,0,0.4342288682971422,1,0,1,0,0,1
5552,0.6333333333333333,1,0.0,0.0,0.6774703875729251,0,0.3197216884351793,0.8936830016755702,0.41534011275020183,0.5846473118683337,0,0,0,0,1,0,0.48314606741573035,0.9830508474576272,0.8732057609485627,0.2968801721907135,0.5119532019016215,0.48512747567693293,0.10896342397980491,0.4922982740073095,0,0,0.8254836716038736,0,0,1,0,0,0
5553,0.23333333333333334,1,0.0,0.6666666666666666,0.0800952010722266,0,0.3035435045767176,0.360808119868996,0.49276234818803377,0.08555848853226551,0,0,0,1,0,0,0.0449438202247191,0.03389830508474576,0.8240517291517985,0.7674206474982779,0.3408024441104561,0.6572845786236297,0.34539650891213663,0.7564519459404138,0,0,0.10635812089654785,1,0,0,0,0,0
5554,0.7,1,0.0,0.6666666666666666,0.9957630683026741,1,0.530093325634346,0.8352018632862013,0.6970589852049214,0.0682703683434949,0,0,0,0,0,0,0.8539325842696629,0.6101694915254238,0.007720477359795615,0.6745586705360127,0.07371572581879858,0.19614282693570256,0.35165852569756995,0.21785434632783104,0,0,0.7557107024425403,1,0,0,0,0,0
5555,0.0,0,0.3333333333333333,0.6666666666666666,0.2654868644921678,0,0.0464549471196014,0.27154817172476237,0.5121403576456909,0.4616207023391179,0,0,0,0,0,0,0.3258426966292135,0.6610169491525424,0.8892727378735277,0.9555726208687086,0.03080903315550123,0.7883581147435729,0.4307216639061904,0.2983059553952409,0,0,0.180670759319252,0,0,1,1,0,0
5556,0.5,0,0.0,0.6666666666666666,0.6129802939284106,1,0.8510746719755031,0.5933794382308927,0.35963162094986584,0.779712049985792,0,0,1,0,0,0,0.011235955056179775,0.1016949152542373,0.3091876859551183,0.9418075267143047,0.3251462177906546,0.8366244594343888,0.11347613603108495,0.7661999027923254,0,0,0.1779356166253801,0,0,1,0,0,0
5557,0.3333333333333333,1,0.6666666666666666,0.3333333333333333,0.8076274257708226,0,0.7726289617816202,0.3282161481108233,0.7246306676209482,0.974041521424192,0,0,0,0,0,1,0.3258426966292135,0.5254237288135594,0.7344989882499383,0.30297012399350426,0.8772176391541803,0.5360725642189782,0.9079846084370762,0.4977343469378628,0,0,0.9005801782245778,0,0,1,0,1,0
5558,0.6333333333333333,1,0.6666666666666666,0.3333333333333333,0.4035696793713403,0,0.22905817316974514,0.8485925232134127,0.20872560439283633,0.2805970230912135,0,0,0,1,0,0,0.43820224719101125,0.0847457627118644,0.9839972647018936,0.8386889867855558,0.9973740424285333,0.4488580868119563,0.6415079816777335,0.9734434316657233,1,0,0.950128006561158,0,0,0,0,1,0
5559,0.7666666666666667,0,0.0,0.3333333333333333,0.09841432505787993,0,0.40673148755763533,0.786022470912304,0.5047832978655233,0.19974319101338836,0,0,0,1,0,0,0.9887640449438202,0.4406779661016949,0.10512485615649846,0.32394524238940553,0.8345068555957575,0.09326328037348885,0.004388154972765185,0.17352276849497672,0,1,0.3808684514616491,0,0,0,1,0,1
5560,0.5,1,0.0,0.0,0.11945040378678867,0,0.9317730772949134,0.36064470274274113,0.6313823080912958,0.4083600935136035,0,1,0,0,0,0,0.6629213483146067,0.13559322033898305,0.4936364420193439,0.6132814717434809,0.16408216363294806,0.9898911624948256,0.8352435933510263,0.17857812267301582,0,1,0.33340065442879263,1,0,0,0,0,0
5561,0.9,0,0.0,0.6666666666666666,0.606994008999086,0,0.08265121984593074,0.7284862093678953,0.5157215231808961,0.3696109511773401,0,0,0,1,0,0,0.550561797752809,0.4576271186440678,0.5839110982210237,0.6484762651417474,0.09014472448617657,0.8458582391076426,0.6190501870875107,0.33184810054961744,0,0,0.2807615087192678,0,0,0,0,0,1
5562,0.8333333333333334,0,0.0,0.3333333333333333,0.5594193489193787,0,0.5411059754419659,0.28271149685656954,0.3094501502867924,0.7007826582750954,0,0,0,0,0,0,0.3595505617977528,0.9322033898305084,0.32241486973324845,0.8843643823980525,0.4410298699719815,0.38939176903906186,0.2166330071360539,0.6092663166907735,0,0,0.7632516317357823,0,1,1,0,0,0
5563,0.3,0,0.0,0.0,0.1661460443194495,0,0.0384910003655965,0.4641204916561517,0.9405151917256296,0.2771450523865512,0,0,0,0,0,0,0.10112359550561797,0.03389830508474576,0.2659070406384617,0.010232997157312764,0.4315609239063464,0.8191084094034997,0.04392015359780547,0.3851718723735498,0,0,0.6854184790420973,1,1,0,0,0,0
5564,0.26666666666666666,0,0.3333333333333333,0.6666666666666666,0.4072467452905865,0,0.9686756636649673,0.799200819346985,0.9409295592828893,0.9499788934607508,0,0,0,0,0,0,0.9213483146067416,0.01694915254237288,0.2263699966148588,0.049007289070015676,0.5420692170232219,0.6862268957321874,0.9827382294781382,0.8343223627790606,0,0,0.4684805423448597,0,0,0,1,1,0
5565,0.36666666666666664,1,0.0,0.6666666666666666,0.5505056481991829,0,0.09788700006901539,0.5296767180983817,0.5824273280318585,0.9911935799846415,1,1,0,0,0,0,0.29213483146067415,0.559322033898305,0.2609225047550659,0.4660750399922276,0.17079333055317586,0.9943138730240159,0.22285753986425794,0.3959048427392179,1,0,0.3757421938386092,0,1,0,0,0,1
5566,0.6,1,0.0,0.6666666666666666,0.9595543114230344,0,0.04282522511964037,0.25545977799568764,0.4410137217265337,0.08539431255472911,1,0,0,1,0,0,0.34831460674157305,0.3389830508474576,0.18658076424655817,0.13135933441062636,0.5448130951739164,0.058843638372051775,0.45953917767130437,0.19603929008533214,0,0,0.7483863547698849,0,0,1,1,1,0
5567,0.8333333333333334,0,1.0,1.0,0.3251412993161126,0,0.5863472313939904,0.8004254875463034,0.06894966488554395,0.9954410092196209,0,0,0,0,0,1,0.449438202247191,0.6779661016949152,0.26837072620694147,0.631663954680615,0.2654866243212919,0.9259683380856093,0.12299659659639155,0.6045343766861654,1,1,0.5511864328867889,0,1,0,0,0,1
5568,0.6666666666666666,1,0.0,0.0,0.2527498547343089,1,0.4915092425037282,0.9326985921773606,0.09361635176200812,0.038051672237893054,0,0,0,0,0,0,0.449438202247191,0.9152542372881356,0.883741899719483,0.5245545668232212,0.10037674692497499,0.6080162578549476,0.4005056174281528,0.15770284179618815,0,0,0.27196743068151785,0,0,0,0,0,1
5569,0.4666666666666667,0,0.0,0.0,0.34832804100343207,0,0.22769207567871536,0.3285616909901427,0.05640722987993672,0.14066456584421422,0,0,0,0,0,0,0.8202247191011236,0.8983050847457628,0.7972024984999364,0.9590250600071702,0.7285330930119446,0.7956123580273907,0.015845361032422085,0.3938385920981618,1,1,0.7168151541251337,0,0,0,0,0,1
5570,0.9666666666666667,0,0.0,0.3333333333333333,0.15539130766951242,0,0.19262288560694574,0.9943894544529155,0.6473722356276503,0.8107814616182624,1,1,0,0,0,0,0.1348314606741573,0.5084745762711864,0.6767098308402874,0.48555512435804477,0.7086282832614561,0.22673162818676923,0.16777057125948394,0.5553616108856245,1,1,0.05020431062224697,0,0,1,0,0,1
5571,0.5,0,0.0,0.0,0.4155743714807193,0,0.4226502781983505,0.9561229073061477,0.17669834852199734,0.6584813918492177,0,1,1,1,0,0,0.34831460674157305,0.9661016949152542,0.5086943267377969,0.6172250272298719,0.043223621860082564,0.29611517520550706,0.3989705990242822,0.4002832411781985,0,0,0.49176154075173284,0,0,0,0,0,1
5572,0.3,0,0.6666666666666666,0.3333333333333333,0.25773655821400426,0,0.3627882226598152,0.2983745143652779,0.8947547754391041,0.7513695952883576,0,0,1,0,0,0,0.1797752808988764,0.7457627118644068,0.7187262190239291,0.7644739272608683,0.013772281219714567,0.7335179535110518,0.718987202780922,0.9116291265539042,0,0,0.2612308651450364,0,0,0,1,0,0
5573,0.1,1,0.0,0.6666666666666666,0.2525586857737401,0,0.17055286309894666,0.9804323612517095,0.9099870189073315,0.5972543007000518,0,0,0,1,0,0,0.6741573033707865,0.9152542372881356,0.7316448687894815,0.9822886385431997,0.08108328591384543,0.4261095242319111,0.8515967608533351,0.4777775265378396,0,0,0.2826144781878307,0,0,1,1,0,0
5574,0.13333333333333333,0,0.6666666666666666,0.3333333333333333,0.6141995251433487,0,0.12021354578817474,0.3971579970084196,0.30458401044429767,0.7133998072571222,1,0,0,0,0,0,0.5280898876404494,0.9491525423728814,0.8991041865975874,0.04499902317878914,0.0386101549743518,0.23855167986084538,0.44289915623378207,0.4888647065173391,1,0,0.17394252544693126,1,0,1,0,1,1
5575,0.8333333333333334,0,0.0,0.3333333333333333,0.6795594169642356,1,0.8722389069557588,0.910993127843998,0.8927900650265911,0.40956033056558655,0,0,0,0,0,1,0.21348314606741572,0.2033898305084746,0.15146825142551854,0.07030983763400936,0.7006563686480828,0.8990294638073691,0.1909952579546367,0.1827157886906305,0,0,0.8985021733211547,0,0,0,0,0,0
5576,0.2,1,0.0,0.3333333333333333,0.39338735801840985,1,0.07340959644581867,0.34844134242259567,0.0885424462328834,0.8500599390256982,0,0,0,1,0,0,1.0,0.6949152542372882,0.7836820270528558,0.048829911823934743,0.7829251267605214,0.10844227560052015,0.7740457590774372,0.5100285704316497,0,0,0.6547000431252503,1,0,0,0,0,0
5577,0.06666666666666667,0,0.0,0.3333333333333333,0.2156314606347408,1,0.37214660951613754,0.692606251471268,0.5497369597705244,0.39432016893331545,1,0,1,0,0,1,0.02247191011235955,0.1864406779661017,0.575097657072039,0.4167286933891898,0.5200237406854052,0.2875099262043889,0.9428650903213026,0.7663052424522351,0,0,0.9608862321655148,0,0,0,0,0,0
5578,0.5,0,0.3333333333333333,1.0,0.8684964962091072,0,0.0038679795371734296,0.464777546554367,0.6811045254807475,0.5824301367369603,0,0,0,0,0,0,0.4943820224719101,0.9152542372881356,0.3436488279644245,0.09838916744896371,0.1426269509230044,0.9917993467443054,0.950867922501773,0.06894407329976991,0,0,0.33907724668830974,0,0,0,0,0,0
5579,0.36666666666666664,1,0.0,0.3333333333333333,0.9873691761169303,1,0.5671157230492831,0.8872516707812661,0.2100527759844065,0.8936703242023216,0,0,0,0,1,0,0.38202247191011235,0.3898305084745763,0.5010439646579958,0.7089726106856602,0.7375580584860085,0.09428792640391367,0.3055743657423213,0.5205760894368379,0,0,0.39047866972749096,0,0,0,0,0,0
5580,0.16666666666666666,0,0.3333333333333333,0.3333333333333333,0.5056493995487416,0,0.42517443530803883,0.3504147511446214,0.5190354398190085,0.2846350356852383,0,0,0,0,0,0,0.8539325842696629,0.864406779661017,0.9657828071264184,0.04812226675534672,0.3391021472225502,0.8684201763343196,0.267213720174037,0.042543875349887676,0,0,0.1199697060745875,0,0,0,0,1,1
5581,0.03333333333333333,1,0.3333333333333333,0.3333333333333333,0.6578781326571411,1,0.7754473858499483,0.7872191158513382,0.3122396536960863,0.3613086080368191,1,0,1,0,0,0,0.0449438202247191,0.9491525423728814,0.3053098759329376,0.05547953658998349,0.9741172822793777,0.6359670938107603,0.35719777406865855,0.1310933958673987,1,1,0.4239573839618606,1,0,0,0,0,1
5582,0.0,0,0.0,0.3333333333333333,0.9276322789257513,0,0.8463843061687186,0.06370691341458869,0.9194237665842597,0.6181832936528526,1,0,0,1,0,0,0.7303370786516854,0.7288135593220338,0.6092469475189217,0.1803544532503015,0.2560746951788795,0.15729826836876437,0.9680277575922395,0.832129549204374,0,0,0.9565055696701793,0,0,0,0,1,0
5583,0.2,0,0.0,0.6666666666666666,0.9666477317162103,0,0.49546078706653884,0.7243046631857487,0.9352370669159785,0.36439564712906203,0,0,0,1,0,0,0.12359550561797752,0.2711864406779661,0.6584088118649004,0.773320861170162,0.9251231095490279,0.912058617620032,0.26616456893701174,0.9918144549120891,1,0,0.36587920618176273,0,0,0,0,1,1
5584,0.6,1,1.0,0.6666666666666666,0.07106813786431009,0,0.9938013239971659,0.30446172074961,0.5716629187171557,0.40313744899175746,0,0,0,0,0,0,0.38202247191011235,0.01694915254237288,0.31719441644408425,0.45567682926796643,0.5147334200305327,0.15804167830350763,0.976483418570945,0.72385042390357,0,0,0.9517092830758301,0,0,0,0,1,0
5585,0.8,0,0.6666666666666666,0.0,0.2655614718608205,0,0.03000164189258848,0.4126222328716051,0.507230193157833,0.5540990186390338,0,1,0,1,0,0,0.8651685393258427,0.4576271186440678,0.2328905679253058,0.7216252720158428,0.16221113406907461,0.37483484792503496,0.6617659069431234,0.4523507497647202,1,0,0.7444301689663361,1,0,0,0,1,1
5586,0.5333333333333333,1,0.3333333333333333,1.0,0.7400624645038384,0,0.29824123257684126,0.3509642946785827,0.5452933633236265,0.8164227431981997,0,0,0,1,0,1,0.6966292134831461,0.864406779661017,0.04717421635836799,0.4797069415534053,0.11136239153008995,0.2690090724950902,0.6752074526217531,0.08097267541587633,0,0,0.2599151995751358,0,1,0,0,0,1
5587,0.03333333333333333,0,0.6666666666666666,0.0,0.30170988822957995,1,0.3172419797930817,0.568138787638083,0.5122856455480599,0.15016190100043017,0,0,0,0,0,0,0.24719101123595505,0.15254237288135594,0.30000534741975643,0.44016277164507084,0.10032331773504156,0.5923113456798238,0.15336742153866192,0.23136802069573603,0,0,0.15126262038631694,1,0,1,0,0,1
5588,0.26666666666666666,1,0.0,0.6666666666666666,0.34981793422669155,0,0.3302830987080505,0.26108573478076863,0.15479371621476648,0.5668183541818334,0,0,0,1,0,1,0.056179775280898875,0.9661016949152542,0.6076362613982152,0.4376352427701886,0.8664575927534852,0.11621856283172714,0.7354145463980784,0.8525586212990447,0,0,0.1671392257731158,0,0,0,0,0,0
5589,0.6,1,0.0,0.3333333333333333,0.18770628075620197,0,0.7204975044194043,0.5723748243594844,0.3090150830340159,0.2927347773173329,1,0,0,0,0,1,0.4606741573033708,0.8305084745762712,0.25518133487227207,0.5879117950155667,0.28605300623124824,0.4823522942342988,0.4424427644190155,0.3305804857167344,0,0,0.38437183694804367,0,0,0,0,0,1
5590,0.7333333333333333,1,0.0,0.0,0.22334411023310918,0,0.868092412971823,0.11661641956745769,0.31400124020311243,0.791054530455464,0,0,0,1,1,0,0.42696629213483145,0.8983050847457628,0.4833483959200498,0.5491967720785819,0.2845443903156508,0.36239201557915207,0.007033767168181848,0.5696796808958592,0,0,0.777295184233928,1,0,0,0,0,0
5591,0.0,1,0.0,0.3333333333333333,0.9363113435278761,0,0.9266839448954453,0.16255021963885924,0.1262720989801738,0.015697990613144766,0,0,0,0,0,0,0.8539325842696629,0.7966101694915254,0.4880760536565741,0.5705463144644701,0.834196024811881,0.5330179926911679,0.2624824467250764,0.8285463995355915,0,0,0.39155523072338716,0,0,0,0,0,0
5592,0.4666666666666667,0,0.3333333333333333,0.6666666666666666,0.8230311222636937,0,0.15542202528558832,0.30141677663224453,0.6602906331494984,0.10840747826214847,0,0,0,0,0,0,0.8539325842696629,0.559322033898305,0.30868524381783535,0.11188404395143747,0.5001766813438705,0.12784934423029284,0.2508182063800571,0.2438490985030294,1,1,0.6374597635983255,0,0,0,0,0,1
5593,0.1,1,0.3333333333333333,0.6666666666666666,0.7532547807589138,0,0.686432603242635,0.8638935810371149,0.1798186626303699,0.8285714255776476,0,0,0,0,0,0,0.033707865168539325,0.15254237288135594,0.7881008957625977,0.9749058219666199,0.0763348195016898,0.18651428478827223,0.19414972377316772,0.3547393355930169,0,0,0.3203103302465112,0,0,0,0,0,0
5594,0.9333333333333333,1,0.0,0.0,0.880039830723337,0,0.5885398447911527,0.16828219131198702,0.4268241775718604,0.1395953876871174,0,0,1,0,0,0,0.4606741573033708,0.2542372881355932,0.4088362515061779,0.4245063434069763,0.32205916528389433,0.6477104506168117,0.16033210449289442,0.8626317831039189,0,0,0.7795423912533533,0,0,0,0,0,0
5595,0.9,1,0.0,0.0,0.38285091080930383,1,0.28772500053588856,0.24698974645591923,0.7156316098759156,0.6230504546359269,0,1,0,0,0,0,0.9775280898876404,0.01694915254237288,0.8251728293525503,0.6017570012435445,0.1981283284998042,0.6774079283312433,0.1874763770684748,0.8547991344571301,0,0,0.883575659572354,0,0,0,0,0,0
5596,0.9,1,0.0,0.0,0.18972096654719023,0,0.6547428822089009,0.7093038411824846,0.48952699657957266,0.9857417924261389,0,0,0,0,0,0,0.16853932584269662,0.1694915254237288,0.5580310110760832,0.6458615655584452,0.08378612154278255,0.1281761374065165,0.36161970352221734,0.5120446000229278,0,0,0.11774340153263929,0,1,0,0,0,0
5597,0.4666666666666667,1,0.0,0.3333333333333333,0.7924722160277525,0,0.9041468865442901,0.1862611851867911,0.1333661277600259,0.08739977774869043,0,1,0,0,0,1,0.9887640449438202,0.3898305084745763,0.9007907464232986,0.888077541547485,0.02289682252627209,0.4495653338437135,0.09302985340491547,0.013792462044157789,1,0,0.3600850105221342,0,0,0,0,0,1
5598,0.5,0,0.0,0.3333333333333333,0.01721726715678543,0,0.5498399731646353,0.9235588369382337,0.518602537815156,0.637941134807893,0,0,1,0,0,0,0.16853932584269662,0.9152542372881356,0.942760101064832,0.7253699052237425,0.12624001699537207,0.02047772083440949,0.3396263515734689,0.5077971283067556,0,1,0.8332880354689028,0,0,0,0,0,0
5599,1.0,1,1.0,0.6666666666666666,0.10117488486999389,1,0.04509806439716777,0.6784881613705159,0.735634008166509,0.5698991558805448,0,0,0,1,0,1,0.5168539325842697,0.8983050847457628,0.7648701388832698,0.7812335499195905,0.10065338057240476,0.8446755642208141,0.08973492499673483,0.5145299098492514,1,0,0.5532632060179222,0,0,0,0,0,0
5600,0.4,1,0.6666666666666666,1.0,0.22438517408648878,0,0.050699571406725256,0.811552208491761,0.8665220814318302,0.5562274623205814,0,1,0,0,0,0,0.06741573033707865,0.05084745762711865,0.3591361872509296,0.6228226171598051,0.5694930134691137,0.7939051874641264,0.4157933377450399,0.028964430079489723,1,0,0.9075826221000712,1,1,0,0,0,1
5601,0.23333333333333334,1,1.0,0.6666666666666666,0.4243408276348845,1,0.8898185932318295,0.7465535739260595,0.32289202690797075,0.3755544472612214,0,0,0,0,0,0,0.8876404494382022,0.5254237288135594,0.29595772960537264,0.16280760404924463,0.2699297560885046,0.10369121830361117,0.3940481872747032,0.8756567672657833,0,0,0.9048408758788252,0,0,0,0,0,0
5602,1.0,1,0.0,1.0,0.3795146503791875,0,0.4482900473175976,0.7701563637247538,0.8319261492340039,0.8821145145570375,0,0,0,0,0,1,0.29213483146067415,0.576271186440678,0.7139172715557573,0.1422703013903412,0.1873508343389188,0.05416833328878745,0.4857108239017543,0.016581577843769093,0,0,0.33647364817051767,0,0,0,0,1,1
5603,0.6666666666666666,1,0.3333333333333333,0.3333333333333333,0.07309170441455093,0,0.9531838174492214,0.43557065734717426,0.34264528267563654,0.560065360918885,0,0,0,0,0,0,0.4044943820224719,0.8813559322033898,0.8029600533516434,0.664021568741899,0.5031809579291978,0.5713832051269988,0.4133426007484631,0.6267826355668757,0,0,0.16106644885577104,0,0,0,0,0,0
5604,0.5,0,0.3333333333333333,0.0,0.733190378010905,0,0.5651190983386544,0.8462726035859002,0.1780398496849833,0.9728455575662333,0,0,0,0,0,0,0.3595505617977528,0.9322033898305084,0.19354908423976955,0.07356842714043262,0.13858870108350108,0.3449977007961004,0.5128966073315644,0.9553149011429863,0,0,0.7548356042941731,0,1,0,0,0,0
5605,0.36666666666666664,0,0.3333333333333333,0.3333333333333333,0.974048883958995,0,0.8778394407632016,0.34551327923586955,0.6705865104486642,0.10183663187981452,0,0,0,0,0,0,0.1797752808988764,0.4406779661016949,0.9308735407390849,0.2728884941628558,0.28796900166501865,0.1389907820172014,0.2946359478322129,0.3316718832660739,0,0,0.7036224126413296,0,0,0,1,0,0
5606,0.3333333333333333,1,0.3333333333333333,0.3333333333333333,0.5243294506404944,1,0.4345408432830788,0.12152200402626964,0.027556797867395205,0.5254430725140701,0,0,0,0,0,0,0.5617977528089888,0.5084745762711864,0.04095383614630482,0.5382977067889849,0.2772390114020485,0.5172337199325543,0.2106179102706028,0.021755906595500297,0,0,0.025018034591734645,0,0,0,0,0,1
5607,0.06666666666666667,0,0.3333333333333333,0.3333333333333333,0.792040546390034,1,0.6319322506229373,0.029285897192037787,0.7932831557270863,0.27142942357803196,0,0,0,1,0,0,0.3595505617977528,0.2542372881355932,0.8094457230040187,0.03210042408846772,0.6736445481125141,0.9273710591755422,0.6166475527444013,0.3476801774356306,0,0,0.49322479954163156,0,0,0,0,0,1
5608,0.9666666666666667,0,0.0,0.0,0.3431367550699879,0,0.0969227852451881,0.1320986725793747,0.8758977097442251,0.877136075888689,0,0,0,0,0,0,0.898876404494382,0.1864406779661017,0.45773587078691924,0.21790750177044463,0.9419153599821467,0.743576009136667,0.9218701445926524,0.9703488001116077,1,0,0.5156696667854642,0,1,0,0,1,0
5609,0.13333333333333333,0,0.0,0.6666666666666666,0.5609399071546477,0,0.6031693308017673,0.17758712991862816,0.2978449501049674,0.22406046318710615,0,1,0,0,0,0,0.25842696629213485,0.11864406779661017,0.6848045359829217,0.43737451862248544,0.8435840433157717,0.0551005594417501,0.2695174562746597,0.3400852722132425,0,0,0.7605467824962361,0,0,0,0,1,0
5610,0.7333333333333333,1,0.0,0.0,0.29974107063828265,0,0.2126795086653041,0.5790049536306653,0.8075894516837872,0.8970543531210271,0,0,1,0,1,0,0.39325842696629215,0.4576271186440678,0.31366756942159935,0.483727440543916,0.3611532273163972,0.9502431969070233,0.32311667402629735,0.422100250774138,0,1,0.905246300923781,0,0,0,0,1,1
5611,0.36666666666666664,0,0.6666666666666666,0.6666666666666666,0.04287527816450427,1,0.9953880453413342,0.9987144968558193,0.6016995828215611,0.6970008080792862,0,0,0,0,0,0,0.4943820224719101,0.2033898305084746,0.15026486549901566,0.24460599936142513,0.20831121925641224,0.8384634291957525,0.23554994778655622,0.9133834301657542,0,0,0.05657927246031732,0,0,0,0,0,0
5612,0.16666666666666666,1,0.0,0.6666666666666666,0.5675255916302043,1,0.026577198195141222,0.8770149839471921,0.6361940200716951,0.3715917672219944,0,1,0,0,0,0,0.7640449438202247,0.9661016949152542,0.9489290618327448,0.5022135373763793,0.7860022497341805,0.7017187094181414,0.22085020498570007,0.7523902231822395,1,0,0.5193195315280488,1,0,0,0,1,0
5613,0.7333333333333333,1,0.0,0.3333333333333333,0.7259687493504341,1,0.5549443519960084,0.8849765803933409,0.9728913075716878,0.9687760664209328,0,0,1,1,0,0,0.6853932584269663,0.22033898305084745,0.1952699496079583,0.4038678284242011,0.497681769468748,0.43107325329903234,0.030508936152583065,0.6246334064255552,1,0,0.6281487916052575,0,0,0,0,0,0
5614,0.7333333333333333,1,1.0,0.3333333333333333,0.8106674258490076,0,0.37185112784491453,0.4643483319346623,0.2558389316881729,0.8943913494237262,1,0,0,0,0,1,0.7303370786516854,0.1016949152542373,0.24577693717452606,0.3366488402618404,0.009028848306705098,0.9034278219235349,0.815562774092288,0.6071970320153266,0,1,0.4814755941564714,0,0,0,0,1,0
5615,0.0,1,0.0,0.3333333333333333,0.19566501112232876,0,0.7517957105864874,0.4644596180118062,0.2580230560958302,0.7616896327788509,0,0,0,0,1,0,0.06741573033707865,0.06779661016949153,0.7754759097397694,0.48127073630540834,0.9902474500202788,0.19870553591552342,0.9004787601230152,0.47562368484268674,0,1,0.5191282938663285,0,0,1,0,1,0
5616,0.9666666666666667,1,0.0,0.3333333333333333,0.9157429155729531,0,0.6311759484982067,0.3933442705995016,0.5728727625627666,0.7035882994399633,0,0,1,1,0,0,0.7415730337078652,0.9322033898305084,0.9041379278852779,0.4004764578394087,0.8468929543006033,0.20449591265744338,0.5814100016658512,0.8493296280576484,1,1,0.9748089746260871,0,0,0,0,1,1
5617,0.2,0,0.0,0.6666666666666666,0.370858764195071,1,0.7011636103709715,0.6327533269386397,0.5224801362886314,0.7418519378890583,0,0,0,1,1,0,0.1797752808988764,0.9491525423728814,0.3947389926781598,0.2563894168156635,0.3487778837602396,0.9168945873986878,0.9572367229927246,0.8800794952479467,0,0,0.151268887985351,0,0,0,0,0,0
5618,0.9666666666666667,0,0.3333333333333333,0.0,0.3602857649343762,0,0.8402133606721127,0.6811861561761017,0.9949599566830774,0.5325886257937237,1,0,0,0,0,0,0.2696629213483146,0.4576271186440678,0.52179996889841,0.18024951742042436,0.9463756503002742,0.9152468488096414,0.07504722531517106,0.051253265685552954,0,0,0.22670662725384275,1,0,0,0,0,1
5619,0.26666666666666666,0,1.0,0.3333333333333333,0.00432758136720689,0,0.2775760561288579,0.006197811459837291,0.6830292191585614,0.1846780460079712,1,0,0,0,0,0,0.5056179775280899,0.711864406779661,0.18986786104504644,0.8858605302281959,0.9262138476554432,0.859732554706879,0.7796755701017447,0.012288808192517665,0,0,0.045436222549913446,0,0,0,0,0,1
5620,0.6,0,1.0,0.3333333333333333,0.7022953892977054,1,0.7987005411165257,0.6339227814059104,0.9247926437028086,0.3332000899216714,1,0,0,0,0,0,0.5617977528089888,0.9491525423728814,0.2049237812436197,0.4033132580665621,0.8007551499723816,0.4788919857526778,0.6192054222028436,0.11243429307291249,1,0,0.7997794789069823,0,0,0,0,0,1
5621,0.5333333333333333,1,0.3333333333333333,0.6666666666666666,0.4726311399899217,0,0.5476576396179412,0.30001093978901094,0.5883505474502448,0.4886420923859718,0,0,0,1,0,0,0.8202247191011236,0.9152542372881356,0.13918360190520118,0.5430702696784995,0.6670621448099717,0.15927604165783263,0.3620705976957154,0.4789232758740033,1,0,0.8786853839523484,0,0,0,1,1,1
5622,0.16666666666666666,0,0.0,0.0,0.28283536246427476,1,0.26658852169940966,0.2194351842707115,0.060354558481521596,0.04072685285834182,0,0,0,0,0,0,0.9550561797752809,0.7966101694915254,0.7122442300180535,0.715288679060382,0.750580251859953,0.9507010184193516,0.830929899931199,0.7619514821931619,0,0,0.804439737022407,0,0,0,0,1,0
5623,0.1,0,0.0,0.3333333333333333,0.9576416905941368,0,0.04512869466649861,0.21227578266431696,0.5055430479403983,0.5697306218995847,0,0,0,0,0,0,0.8089887640449438,0.1864406779661017,0.13084212230163655,0.43327995035401673,0.5411297709014078,0.4915568736596197,0.8068139737094817,0.13668116597331167,0,0,0.13171830138008972,0,0,1,0,1,0
5624,0.8,1,0.0,0.3333333333333333,0.15584515158539503,1,0.839746718698568,0.6639274905613581,0.37306557887674496,0.20340027824860504,0,0,0,0,0,0,0.30337078651685395,0.423728813559322,0.15505816258404867,0.7924355919528591,0.7226823831798332,0.812991253831884,0.7564010450418057,0.2566846140152538,0,0,0.028857166533628575,0,0,0,0,0,1
5625,0.36666666666666664,0,0.3333333333333333,0.0,0.9719481584974402,1,0.9080801159216201,0.008150960432663432,0.08799176040714096,0.6330650397920845,1,0,0,1,0,1,0.12359550561797752,0.7796610169491526,0.32350568835045446,0.220488384593208,0.6156863645352622,0.5335216476378369,0.9777259859788651,0.8749317576411386,0,0,0.6050383434639947,0,0,0,0,0,0
5626,0.7333333333333333,1,0.0,0.3333333333333333,0.4118493948587369,1,0.2525458349439661,0.004185722304858524,0.3112103690929799,0.5814234183615726,0,0,0,1,0,0,0.7078651685393258,0.6779661016949152,0.3345745194799252,0.10932164433128001,0.2847669340685507,0.6678038811548243,0.5706815343840531,0.7858756398687342,1,0,0.8537792145864563,0,0,0,0,0,0
5627,0.7,1,0.6666666666666666,0.3333333333333333,0.08179326041773596,0,0.8118034016398066,0.8266114273319618,0.8419056600008468,0.9881758044554851,0,0,0,1,0,1,0.6404494382022472,0.7966101694915254,0.14926935533508762,0.5552744912965907,0.8230373452669215,0.9795944914221734,0.09973651678942602,0.8864952091121102,0,0,0.7149003641721585,0,0,0,0,0,0
5628,0.2,1,0.0,0.3333333333333333,0.8596146354173959,0,0.4439428069156448,0.9591274798955055,0.04264780981975658,0.7877798740739188,1,0,1,0,0,1,0.42696629213483145,0.4576271186440678,0.4168277842523294,0.3225700915317868,0.19132610673171388,0.9131224607795004,0.04341534602453827,0.2773980610994324,0,0,0.8308895137809115,0,0,0,0,1,0
5629,0.7,0,0.0,0.3333333333333333,0.6175387646291225,0,0.06963650393678968,0.4666710029848021,0.27596564562111214,0.816515223151346,0,0,1,0,0,1,0.2808988764044944,0.288135593220339,0.48879507641935777,0.5691649691127583,0.13562148782875744,0.19688685453456953,0.6045069827877024,0.8042742069289726,0,0,0.43328734028714083,0,1,0,0,0,0
5630,0.6666666666666666,1,0.0,0.3333333333333333,0.7987552788774752,1,0.44725777939133393,0.8514722220555928,0.7293558570385696,0.3273686477815554,0,0,0,0,1,0,0.898876404494382,0.5932203389830508,0.7706645104544282,0.8601975809685217,0.7624375687046938,0.18275898907477922,0.2802560060511226,0.060061758248509074,0,1,0.16912911157209526,1,0,0,0,1,1
5631,0.23333333333333334,0,0.3333333333333333,0.6666666666666666,0.5890973776136422,1,0.7825270872544065,0.4609833491216332,0.7870830382944366,0.6524048663381997,1,0,0,0,0,0,0.2247191011235955,0.03389830508474576,0.019168326929786678,0.6315375604133694,0.6034210524485599,0.14416001301900577,0.875362338450452,0.6090424525003071,1,0,0.9105906613120021,0,0,0,0,0,0
5632,0.23333333333333334,1,0.0,0.3333333333333333,0.0697937850958169,0,0.18112813590236895,0.6117597531911962,0.10313772078394677,0.6404212270015526,1,0,1,1,0,0,0.38202247191011235,0.423728813559322,0.8181226696647136,0.513698703177805,0.4070724815491087,0.3979579217738325,0.5492411198286499,0.8441358058751011,0,0,0.045060418167191536,0,0,0,0,1,0
5633,0.7333333333333333,1,0.0,0.3333333333333333,0.9519953929696181,1,0.19192462634655685,0.980816566040841,0.1520500906346623,0.39833014478708156,0,0,0,0,0,0,0.4044943820224719,0.711864406779661,0.772506113706342,0.929775040114217,0.511369075996125,0.21481130825467964,0.7971526057758463,0.23420650083282707,0,0,0.7861194303771093,0,0,0,0,0,0
5634,0.8,0,0.0,0.0,0.9837558120005176,1,0.9323293924895101,0.8042171191678588,0.3549753928277818,0.5494296499871075,1,1,1,1,0,1,0.5955056179775281,0.5932203389830508,0.9423499525552483,0.7966653714799498,0.9125278987789128,0.45713838862166956,0.4582070066267845,0.0822164078550359,0,0,0.2286588136916494,0,0,1,0,0,1
5635,0.9,0,0.0,0.3333333333333333,0.45674917389606623,1,0.08052905771661424,0.5371043620711807,0.25244033007964833,0.9655911343375428,0,0,0,0,0,0,0.6292134831460674,0.7288135593220338,0.18392931805027551,0.38130708744013725,0.8539854786702934,0.4281081425536684,0.048485049253804174,0.7466049975830946,0,0,0.2670600103140695,0,0,0,0,0,0
5636,0.8666666666666667,1,0.0,0.0,0.5666455411034158,1,0.4633533288802071,0.6131724512470265,0.09669619720777924,0.5792562676841665,0,0,0,0,0,0,0.19101123595505617,0.576271186440678,0.5960502934249943,0.11258315069448292,0.08880971112898343,0.6273702346002309,0.9299903558014724,0.6380894285781432,0,0,0.3702689978262389,0,0,0,0,1,0
5637,0.5666666666666667,1,0.3333333333333333,0.3333333333333333,0.8534569906512329,0,0.8599160103376694,0.3736810576390359,0.626388233993808,0.0673090498083551,0,0,0,0,0,0,0.5730337078651685,0.4067796610169492,0.9130962142830927,0.36922450918208166,0.057872955569960916,0.1591631971372799,0.6138311480990668,0.0666872982855793,0,0,0.5333232270642563,1,1,0,0,1,0
5638,0.8,1,0.0,0.3333333333333333,0.768889588255472,0,0.9181815205388074,0.2973977809529392,0.27985950062782977,0.8352730597534234,1,0,0,0,0,0,0.42696629213483145,0.06779661016949153,0.3423399329243827,0.6540876545019157,0.6452154900582032,0.9059190182741825,0.3737687353872477,0.9639741734006756,1,0,0.8810453446149394,0,0,1,1,1,0
5639,0.16666666666666666,1,0.0,0.3333333333333333,0.5837080426162555,0,0.482759476374303,0.12646716061594254,0.05409248784857202,0.12931600175810498,0,0,0,1,0,0,0.651685393258427,0.423728813559322,0.7432702490935222,0.18524420175142103,0.43418358329650125,0.4843159224225243,0.33340648312007964,0.2563322430542565,1,0,0.24067461472534538,0,0,0,1,0,1
5640,0.6,1,0.0,0.3333333333333333,0.3540994641719804,1,0.8840302401542172,0.14548188783955643,0.4562573474696621,0.43808965303395253,0,0,0,0,0,0,0.48314606741573035,0.8135593220338984,0.20214192400111833,0.4431543758056779,0.2208524897141883,0.2534499563898969,0.9962888750732852,0.2823855483494664,0,0,0.35741043772697284,0,1,1,0,1,0
5641,0.9333333333333333,0,0.6666666666666666,0.3333333333333333,0.9959212635763323,1,0.11545237232768299,0.22486592045668166,0.9423171071615778,0.6484839758424712,0,0,0,1,0,0,0.7078651685393258,0.0847457627118644,0.726947748779935,0.9024425698340168,0.5196113195848571,0.8911134648440074,0.9597643445680896,0.49048775022222624,0,0,0.44746544554920453,0,0,1,1,0,0
5642,1.0,1,0.0,0.6666666666666666,0.3821491772890629,0,0.4856382432798871,0.2136885870821223,0.37361210687471536,0.05014506656855261,0,0,0,0,0,0,0.033707865168539325,0.7627118644067796,0.8616674323461951,0.30364440664340636,0.01569856029745076,0.41206577929577665,0.5688603865392002,0.08624989678335812,0,0,0.24373248420194105,0,0,0,0,1,1
5643,0.1,1,0.3333333333333333,0.3333333333333333,0.026729759294925375,0,0.7171687915068294,0.4165577864528313,0.3001208784976692,0.13426004002525074,0,1,0,0,0,1,0.5617977528089888,0.2711864406779661,0.5079638009668729,0.04656727133622423,0.5228183678713523,0.3698950972544953,0.5740224039489632,0.4874996355155762,1,1,0.8340167026642992,0,0,0,0,0,1
5644,0.1,1,0.3333333333333333,0.6666666666666666,0.9066932734238092,0,0.33511966712526314,0.4618450855459473,0.1488238804818065,0.7540903647949502,0,0,0,0,0,0,0.6292134831460674,0.8305084745762712,0.6755048354843337,0.7623151603026311,0.6529751579196708,0.2743923329417982,0.7448059274263115,0.8180516929401065,0,0,0.9105584842633895,1,1,0,0,1,0
5645,1.0,0,0.0,1.0,0.22949262058341374,0,0.031119479649453417,0.6146576650143927,0.6609396101890384,0.29601809419334923,0,0,1,0,0,1,0.7303370786516854,0.22033898305084745,0.12773815602795338,0.46506419073833155,0.9554529638693494,0.0458321732416421,0.15142270358393833,0.5648066509067126,0,0,0.5917108445604805,0,0,0,0,0,0
5646,0.06666666666666667,1,0.6666666666666666,0.0,0.33083582266810235,0,0.15196164161048833,0.447830720273391,0.7251657232514293,0.30158108283141016,0,0,1,1,0,1,0.29213483146067415,0.576271186440678,0.9038107589878793,0.059219388335558815,0.09896955780154561,0.327820574515766,0.24063272038515474,0.18013799184048696,0,1,0.250583456971603,0,0,0,0,0,1
5647,0.13333333333333333,1,0.0,0.3333333333333333,0.8279178589261088,1,0.8337870736342459,0.3122876686244713,0.7807836525504449,0.5022254956693518,1,0,1,0,1,0,0.6067415730337079,0.01694915254237288,0.846595558404478,0.23390659652354898,0.11004651814185198,0.16979819953442746,0.6861142511124471,0.6721008163505711,0,0,0.011440939503601663,1,0,1,0,0,0
5648,0.6,1,0.0,0.6666666666666666,0.6338455367968773,1,0.526151645534281,0.8770745485870602,0.0998759916282776,0.4133906518276959,0,0,0,0,0,0,0.29213483146067415,0.5932203389830508,0.6638692319656491,0.038581880895280966,0.7238597746433727,0.7517882920068664,0.4339375285935632,0.1385432153187835,1,0,0.14186285904331855,0,1,0,0,0,1
5649,0.7666666666666667,1,0.0,0.6666666666666666,0.7487590638739414,0,0.2667692473965641,0.28801357681073014,0.5312069429741824,0.1125755511125722,0,0,0,0,0,1,0.6853932584269663,0.4915254237288136,0.9536682249166152,0.3450841214773882,0.904321112204686,0.22277706456421317,0.4972308139524555,0.32134986903231716,1,0,0.7246063500208595,0,0,0,0,0,1
5650,0.4,0,0.0,0.3333333333333333,0.025514217121619,0,0.4352802653563677,0.30441748234222415,0.5075842942522559,0.914202047259219,0,0,0,0,1,1,0.6067415730337079,0.9830508474576272,0.4803451633229798,0.4810888097335713,0.6521501019840871,0.8185820905938541,0.232341826639113,0.5326435123501915,0,0,0.1842518757938572,1,1,0,1,1,0
5651,0.8,0,0.0,0.3333333333333333,0.6735746182760707,1,0.5794200354125867,0.049189108436132056,0.17074804962967666,0.43389457755715805,0,0,0,0,0,0,0.2696629213483146,0.6949152542372882,0.7038950219277739,0.11037588411259022,0.8101001350003915,0.23726550119980924,0.11897643281402846,0.5270132622096765,0,0,0.8657224454499068,0,0,0,0,0,0
5652,0.5333333333333333,1,1.0,0.6666666666666666,0.8907848857864052,1,0.014376992934208056,0.12144354257613861,0.5182074398932861,0.6456240915131687,1,0,0,0,0,0,0.8426966292134831,0.9152542372881356,0.8057673030983195,0.23668744479159806,0.9631243270992574,0.07331034466562937,0.9364413897389644,0.48959006480483386,0,0,0.0256505019478451,1,0,0,0,1,0
5653,0.5333333333333333,1,0.0,0.3333333333333333,0.9981409574635731,1,0.25896643239952655,0.6129748160961337,0.5170312745538161,0.45076177064232426,0,0,0,0,0,0,0.16853932584269662,0.6949152542372882,0.29043442974307176,0.7881740216066322,0.2724473181831244,0.8742852504725852,0.2710538332359823,0.9499115796784531,0,0,0.3391060927897033,0,0,0,1,0,0
5654,1.0,0,0.0,0.3333333333333333,0.30361051113773163,1,0.2781924912693603,0.954363431605969,0.03273644809067596,0.374699356387669,0,0,1,0,0,1,0.33707865168539325,0.6779661016949152,0.024082921572831206,0.9810158109899271,0.20710680145428784,0.02267427347999217,0.8996021891140006,0.48050552262260404,0,0,0.012241894570950498,0,0,0,0,0,0
5655,0.43333333333333335,0,0.0,0.6666666666666666,0.47055220893876465,0,0.8684869954169235,0.26404652310736404,0.18162148695267044,0.5050156842194109,0,0,0,0,1,0,0.25842696629213485,0.7627118644067796,0.10029252087878772,0.07742853033621605,0.9378619608994578,0.4522758774476628,0.7762678804229407,0.7213301127089972,0,0,0.1361461387072713,0,0,0,0,0,0
5656,0.03333333333333333,1,0.3333333333333333,0.6666666666666666,0.7814084178519202,0,0.06475065726709868,0.9186111846807983,0.16491047888576138,0.7985467897541012,1,0,0,1,0,0,0.39325842696629215,0.864406779661017,0.2349339563478735,0.17432839701169509,0.19975954208676366,0.04174308591993971,0.06418661248430559,0.49920048758249586,0,0,0.9856310757818403,0,0,0,0,0,0
5657,0.2,0,0.3333333333333333,0.6666666666666666,0.43299043358095324,0,0.5572836180770637,0.7785449774305718,0.6030166452834637,0.3076577181794141,0,0,0,0,1,0,0.011235955056179775,0.2542372881355932,0.2913891339288502,0.16599251213635965,0.6900353608588465,0.7606557089809504,0.6612374118826148,0.49630731851198673,1,0,0.7504849988666537,0,0,0,0,0,1
5658,0.16666666666666666,0,0.0,0.0,0.7745906427033762,0,0.20445698159428966,0.8767473324964571,0.0010566708561458044,0.11295215961279942,0,0,0,0,1,0,0.14606741573033707,0.423728813559322,0.06744003002249589,0.3572853636284391,0.42095372597443226,0.23371741072553062,0.1835643499283212,0.5932256441032684,1,0,0.39318839012418344,1,0,0,1,0,1
5659,0.03333333333333333,0,0.6666666666666666,0.6666666666666666,0.5877350491466187,0,0.914812217350687,0.4770530133221827,0.846907388820709,0.37067223334257265,0,0,0,1,0,0,0.0,0.22033898305084745,0.747051518674633,0.1333397645820164,0.9563310878378594,0.1144900405334902,0.2576421320443353,0.6168038178037545,0,0,0.3005703030524629,0,1,0,0,0,0
5660,0.36666666666666664,0,0.0,0.6666666666666666,0.8987262696581552,0,0.30467947493265746,0.502111570438923,0.8701113776555822,0.47233470764260865,0,0,1,0,0,0,0.7752808988764045,0.711864406779661,0.3771423928315261,0.4479789624863433,0.7452641537662996,0.02569381483998971,0.3510710925563566,0.28916548567297856,1,0,0.0856126446394202,0,0,0,0,0,1
5661,0.7666666666666667,1,0.0,0.0,0.6578039079465873,0,0.7742100263905981,0.21776100151090688,0.1845514747788099,0.08729763986741285,0,0,0,0,0,0,0.1348314606741573,0.5254237288135594,0.8191086194679934,0.6986574583509215,0.3678686077917684,0.030832455206403302,0.3459467496745302,0.8791573687419377,0,0,0.5864190047852625,1,0,1,0,0,0
5662,0.7666666666666667,1,0.0,0.3333333333333333,0.9080351565731415,1,0.6437532510402468,0.07106699293949335,0.7634790476690442,0.018087831149978646,0,0,0,0,0,0,0.6404494382022472,0.4406779661016949,0.18516567989998675,0.08189516262931507,0.3153013338870562,0.8716576179784863,0.04439617133120088,0.4548117890761136,1,1,0.18772226347258206,0,1,0,0,0,1
5663,0.36666666666666664,0,0.6666666666666666,0.3333333333333333,0.5192369450272346,0,0.5120009509364737,0.5610409133940629,0.19973652565062625,0.8124980432191594,0,0,0,0,1,0,0.2696629213483146,0.1694915254237288,0.9185580110068288,0.6046156057199273,0.48286147948982194,0.7291332942052751,0.2281872183891667,0.9737884095478859,0,0,0.3687106615705136,0,0,0,0,0,0
5664,0.7333333333333333,0,0.6666666666666666,0.3333333333333333,0.5396641597303744,0,0.09378986795684907,0.1366436163894849,0.04045676088630288,0.6962218860328043,0,0,0,0,0,0,0.5842696629213483,0.3220338983050847,0.02381836730298081,0.7352534608029481,0.20870880362787056,0.19332206388402234,0.9375365823551699,0.12678104098340717,0,0,0.06548737735434956,1,1,0,0,0,0
5665,0.3333333333333333,0,1.0,0.6666666666666666,0.7201153530297248,1,0.6477025249250166,0.14591945153158148,0.29719481983252777,0.5538985931143369,0,0,0,1,0,0,0.48314606741573035,0.9152542372881356,0.9326042796605835,0.366457601988272,0.8724377224106944,0.3156009940792164,0.014614091315248243,0.132435711828602,0,0,0.989445767649812,0,0,0,0,0,0
5666,0.6333333333333333,1,0.6666666666666666,0.0,0.6628553649384727,1,0.5850670061397627,0.2874402374358746,0.8713071062362968,0.7986844084459713,0,0,0,0,0,1,0.7078651685393258,0.3559322033898305,0.4382869878325935,0.3626514216545958,0.9270439703918356,0.5402097728545447,0.2779710104139373,0.6034038940616301,0,0,0.26346073037450063,0,0,0,0,0,0
5667,0.16666666666666666,0,0.0,0.3333333333333333,0.5611673260267827,0,0.36220147985947576,0.8604179260139547,0.9872716848460776,0.18383915682239,1,0,0,0,0,0,0.8539325842696629,0.9322033898305084,0.08407371005779944,0.592245694543152,0.9143374909904785,0.5538583674698773,0.8808767026979633,0.9016708996435232,0,0,0.1286776576283728,0,0,0,0,0,0
5668,0.26666666666666666,1,0.3333333333333333,0.3333333333333333,0.15037249068672712,0,0.8448306510787331,0.7396916452833168,0.2740645421747616,0.6513657937545797,0,1,0,1,0,1,0.9887640449438202,0.6949152542372882,0.8143250991458457,0.04022863515080906,0.781365556559271,0.012927719297135121,0.08374010080734426,0.24189900578639223,0,0,0.27332338847778764,1,1,0,0,0,1
5669,0.16666666666666666,1,0.0,0.3333333333333333,0.39599464705291854,0,0.7621157207906489,0.7195968161175194,0.5364334431668164,0.18450062088010252,0,0,0,0,0,0,0.6179775280898876,0.2542372881355932,0.8227353290349475,0.16114751528315963,0.07434599915835377,0.48162781406114263,0.7012781596425692,0.10231047121602967,0,0,0.03593517263693139,0,0,0,0,0,1
5670,0.6666666666666666,0,0.0,0.6666666666666666,0.7698232353063337,0,0.7741680728872934,0.5772913407870853,0.5448108035525459,0.5502464808711585,0,0,1,0,0,0,0.0898876404494382,0.6440677966101694,0.6073897291081448,0.18016139620378485,0.4434331941228995,0.94508096235016,0.4782973402632192,0.061828866610526036,0,0,0.15798863541552463,0,1,0,0,0,1
5671,0.5333333333333333,0,1.0,0.0,0.2772913248032189,1,0.43910945936045515,0.5966572715040404,0.4357764303325828,0.4943956812885951,1,0,0,0,0,0,0.9438202247191011,0.9152542372881356,0.7065549179972119,0.21359636248257155,0.5621225636977933,0.6499178719100522,0.29257123862988726,0.8993433392349671,0,0,0.7675839312182994,0,0,0,0,0,0
5672,0.1,1,0.0,0.0,0.008242832115450951,0,0.8322554339784085,0.4911685466927142,0.7667514651759881,0.9768989243241015,1,0,0,1,0,0,0.10112359550561797,0.5932203389830508,0.671339648931517,0.9532928294879143,0.12129014468406282,0.742099660492813,0.413372258237543,0.8641583721840085,0,0,0.7418847184500057,1,0,0,0,1,0
5673,0.23333333333333334,1,0.0,0.6666666666666666,0.14408934970320034,0,0.4872175773317431,0.439688068945958,0.6120523792829784,0.16561330547225703,0,0,0,0,0,0,0.6966292134831461,0.22033898305084745,0.6214140049930252,0.20236517798479015,0.028302404012935878,0.2742838448732504,0.333528366408585,0.22119972078309155,0,0,0.11107695206230961,0,0,0,0,0,1
5674,0.0,0,0.0,1.0,0.8649356954688335,0,0.8974321831290181,0.8023267935319927,0.7595331676160231,0.08964772298707124,0,0,0,0,0,1,0.6966292134831461,0.2542372881355932,0.3348612164533044,0.39769111713543864,0.6503406283660895,0.9512963745667842,0.05846259343938976,0.1648718141245618,0,0,0.42180617387191777,1,1,0,0,0,1
5675,0.5666666666666667,1,0.6666666666666666,0.0,0.43903018705449265,1,0.6422071952914709,0.9404227827086152,0.9731434513100046,0.09505810812856721,0,0,1,1,0,0,0.39325842696629215,0.4067796610169492,0.43031282466905485,0.17514123998678882,0.1250561959519772,0.027574914399918864,0.09263713848375003,0.7445811417983299,1,0,0.1627510046844753,0,0,0,1,0,1
5676,0.4,0,0.3333333333333333,0.3333333333333333,0.1650889347377246,1,0.05820108214304139,0.28753139812849177,0.6233837022976578,0.6235402563483129,0,0,0,0,0,0,0.12359550561797752,0.01694915254237288,0.7550103762816305,0.15349350399658143,0.37034969195468936,0.3184415623424802,0.8006792387016535,0.7362638351368291,1,0,0.5593551456238469,0,0,0,1,1,0
5677,0.9333333333333333,0,0.0,0.6666666666666666,0.08259010324462195,0,0.5229654847100195,0.13281272662763086,0.13177633259902086,0.8363597226472202,0,1,0,0,0,0,0.9101123595505618,0.3559322033898305,0.3205441603307593,0.5854034501287488,0.04334386319303718,0.19175360457775578,0.3560628560984317,0.27452825444923734,0,0,0.6730513138542125,0,0,0,1,0,0
5678,0.5666666666666667,1,1.0,0.0,0.094458779387591,0,0.8397463290964572,0.8363418933277996,0.5641853431211594,0.5212208793945746,0,0,0,0,0,0,0.25842696629213485,0.1016949152542373,0.42245561666796866,0.3454633585911037,0.4084436828443253,0.36228964357498405,0.766962150458281,0.19713255029593293,1,0,0.8048942287572958,0,1,0,0,0,1
5679,0.36666666666666664,1,0.0,0.6666666666666666,0.0,0,0.15846130956372476,0.5869016338182881,0.7920326085221345,0.6023028378844703,1,0,0,0,1,0,0.7303370786516854,0.4915254237288136,0.0758532569045705,0.8110417413797336,0.23346348379295176,0.10932401165833522,0.9292319033525019,0.6428655818544693,0,1,0.41565630596979286,1,0,0,1,0,0
5680,0.6,1,0.6666666666666666,0.6666666666666666,0.9545581332646677,0,0.7209169661973958,0.7136304913008887,0.21697057962927502,0.32721942037967305,0,1,1,0,0,0,0.10112359550561797,0.4067796610169492,0.6128288349974051,0.9396226201321982,0.41940163418294435,0.6424994913410563,0.8545272833528846,0.5292137792526773,0,0,0.41159789351971154,0,0,0,1,0,0
5681,0.8333333333333334,1,0.3333333333333333,0.0,0.16441316901414346,0,0.3809540724324315,0.9941400098848032,0.6703033927057722,0.07781920021566004,1,0,0,0,0,1,0.19101123595505617,0.11864406779661017,0.5444616841476128,0.2972564286360843,0.7572868689013117,0.24972358075198564,0.7379201175805139,0.1736160708985626,0,1,0.6266187475470982,0,0,0,0,0,1
5682,0.8666666666666667,0,0.0,0.6666666666666666,0.8597473545670351,1,0.6704282269698999,0.14212119255081862,0.4486992840105117,0.7528917067775016,0,1,0,1,0,0,0.24719101123595505,0.1016949152542373,0.6438174187636195,0.7920603481636869,0.6510644587854805,0.1090090253391972,0.9543917731920142,0.3236984939977599,1,0,0.22838124218787187,0,0,0,1,1,0
5683,0.1,1,1.0,0.0,0.9911388786462667,0,0.11789440773326161,0.036936341706968065,0.1899648385893518,0.13871071211804056,0,0,0,0,0,0,0.07865168539325842,0.3050847457627119,0.7775109081187069,0.7087437254152449,0.6429520453119393,0.7395152319806719,0.7226787366375267,0.32940307419755416,1,1,0.5079529288154412,0,0,0,0,0,1
5684,0.1,1,0.0,0.0,0.8080019550499176,1,0.21099650060334996,0.952530451666218,0.5691448078296591,0.5895733708332141,0,0,0,0,0,0,0.5955056179775281,0.5254237288135594,0.7229699013193188,0.8625466467974438,0.18246057486144895,0.01621991189027171,0.17189203138856948,0.9118810828181476,0,0,0.6865229656601797,1,1,0,0,1,0
5685,0.8,0,0.0,0.3333333333333333,0.5561363654852547,1,0.5658913158290265,0.8680046368308831,0.40131736763258324,0.70652196069809,0,0,0,1,0,0,0.9775280898876404,0.23728813559322035,0.6222668031542058,0.3707350575823301,0.2529350437582545,0.9339465438557587,0.8390435727099901,0.15453077683902555,0,0,0.07095252914170123,0,0,0,0,0,0
5686,0.36666666666666664,1,0.0,0.3333333333333333,0.6483334424014217,0,0.19413116776318612,0.41438039943643007,0.6854875724971864,0.3116060125388578,1,1,0,0,0,0,0.5730337078651685,0.711864406779661,0.2866485886623041,0.7132984056077745,0.6444584979762261,0.4579173599897451,0.918502045163247,0.2965913528812911,1,0,0.48775990214353987,0,0,0,0,0,0
5687,0.5666666666666667,0,0.0,0.3333333333333333,0.17623673297801815,1,0.6212132575215491,0.4077418335487853,0.23026439554113384,0.40538449916952435,0,0,0,0,0,1,0.34831460674157305,0.9491525423728814,0.4865564339146241,0.9752069505607937,0.3701658522223689,0.7399962678950565,0.8829159986784263,0.6184369858523714,0,0,0.5200257894588092,0,0,0,0,1,0
5688,0.9666666666666667,0,0.3333333333333333,1.0,0.9830823899494103,0,0.07878492318112909,0.571765252141181,0.10178768594108585,0.11132094134433171,0,0,0,0,0,0,0.7303370786516854,0.6610169491525424,0.07745984533690796,0.4145393197637867,0.7693763440745256,0.7619206070998963,0.31089803759214724,0.029314721146693284,0,0,0.13062086204381787,0,0,0,0,1,1
5689,0.4,1,0.6666666666666666,0.0,0.5885718049449941,0,0.3433917622277172,0.7986848467123465,0.7993682196438873,0.6179398507329231,0,0,0,0,0,1,0.4606741573033708,0.01694915254237288,0.9861094013733894,0.11300148759932611,0.6235405810245561,0.10789959702344203,0.528932171962683,0.18619634022132522,0,0,0.5754170900063336,0,0,0,0,0,0
5690,0.23333333333333334,1,0.0,0.6666666666666666,0.022598124777982898,1,0.9358816343805354,0.8900978997630831,0.16263198997801892,0.12626448798067427,0,0,0,0,0,0,0.5730337078651685,0.3220338983050847,0.05055336222535963,0.43682132966380266,0.6574485715338804,0.14857637327015769,0.7646288446602102,0.49625783087507375,0,1,0.925809564136081,1,0,1,0,0,1
5691,0.6,0,1.0,0.0,0.48159046911823405,0,0.4012916272126606,0.40644082454002,0.28706443992217734,0.002240728383088264,0,0,0,0,0,1,0.8202247191011236,0.3389830508474576,0.5015577936555606,0.23167538065981538,0.7691315543903752,0.7167522563752655,0.8863626725909315,0.2513140866493575,0,0,0.3809132885259052,0,0,0,0,0,0
5692,0.8666666666666667,0,0.0,0.0,0.7574041581422053,0,0.6904529828057333,0.7129201710737878,0.9814348597232364,0.7774366205110809,1,0,0,0,1,0,0.25842696629213485,0.23728813559322035,0.9112828426731195,0.36745724161084053,0.46915119382447745,0.6796491170579149,0.3212406606688431,0.4208976805574399,0,0,0.46719503429281645,0,0,1,1,0,1
5693,0.8333333333333334,1,0.6666666666666666,0.3333333333333333,0.415530333094095,1,0.9424971399378514,0.42048111580296366,0.034372751008286184,0.9257449639245243,0,0,0,0,0,1,0.39325842696629215,0.6271186440677966,0.25683249164238514,0.6073322433899185,0.2808824458273931,0.7711880459333822,0.9291466810237741,0.7316521168880056,0,1,0.3401930762384363,1,1,0,0,0,0
5694,0.0,1,0.6666666666666666,0.6666666666666666,0.7675100393913684,1,0.8644252236209913,0.2266157865430278,0.5421194787484956,0.8821933688525055,0,0,0,0,1,0,0.15730337078651685,0.11864406779661017,0.41883346066155364,0.08198254014562788,0.4203434223827835,0.5624730727890235,0.3182271191300514,0.3073853392619186,0,0,0.17097304131641908,0,0,0,1,0,1
5695,0.03333333333333333,0,0.0,1.0,0.8566899694252593,0,0.4122447815016783,0.9515530022536353,0.5870995281256096,0.008360141667985847,0,0,1,0,0,0,0.39325842696629215,0.9322033898305084,0.09730071145654627,0.24411997974419658,0.2521570745083576,0.8405642231489546,0.6150325358418572,0.30427926921426224,0,0,0.04548797690520622,0,0,0,0,0,1
5696,0.9333333333333333,1,0.3333333333333333,0.0,0.10434065699308362,0,0.7133351606807984,0.3468467354014958,0.9953439365206315,0.6834418681502658,0,0,1,1,0,0,0.5393258426966292,0.5084745762711864,0.22982470772817787,0.1702689893751094,0.47339452276365496,0.5969650263294835,0.2035638652817052,0.7365797921513265,0,0,0.8498064099551527,0,0,0,0,0,0
5697,0.36666666666666664,0,0.0,0.0,0.9155881231955549,0,0.30938716627635393,0.5041587845831799,0.3275721857765269,0.662790498783349,0,0,0,1,0,0,0.5280898876404494,0.3728813559322034,0.813560279323041,0.46740715018856943,0.8878942851432943,0.8812709102313269,0.69838835940121,0.6791412195585913,0,0,0.43486860993596205,0,0,0,1,1,0
5698,0.5,1,0.3333333333333333,0.3333333333333333,0.5258058717058555,0,0.7347208157501902,0.9374373947284087,0.6890177079745873,0.039227987748335774,0,1,0,1,0,0,0.5393258426966292,0.6610169491525424,0.18296187304039385,0.05000696918685421,0.43636119271075186,0.3814924607281038,0.04447144309369331,0.9565922048741766,1,0,0.2539463983694773,0,0,0,0,1,1
5699,0.3333333333333333,1,0.0,0.3333333333333333,0.4189770060437299,1,0.9513269243945315,0.44671041971887293,0.5941426785237992,0.07356781247769185,0,0,0,0,0,0,0.07865168539325842,0.6949152542372882,0.4142452015112745,0.17161320894277138,0.9410976018138847,0.6156647582952521,0.42317165275265683,0.45750662809002635,0,0,0.35626352038940623,1,0,0,0,0,1
5700,0.36666666666666664,0,0.0,0.6666666666666666,0.059537408369085755,0,0.5824243475141857,0.3977474065043689,0.6459079388645093,0.06783826802698673,1,0,0,0,0,0,0.7303370786516854,0.3559322033898305,0.06596022637660066,0.35328331813699865,0.40387870726398784,0.06868290149603343,0.16197380040255505,0.24719356577822021,0,0,0.9788676079978821,0,0,0,0,0,0
5701,0.36666666666666664,0,0.0,0.3333333333333333,0.982729440122942,0,0.542584263880214,0.8141878667480055,0.419283492543559,0.06977113785575602,0,0,0,0,0,0,0.8651685393258427,0.8135593220338984,0.577918095821936,0.8999768172796286,0.07653821882469052,0.7900176509368154,0.8205192938850766,0.40126073654236877,0,1,0.6500890180505304,0,0,0,0,1,0
5702,1.0,1,0.0,0.3333333333333333,0.49101582806058425,0,0.16218497005177432,0.5817914586632897,0.17993064152628224,0.6944034406000128,0,0,0,1,0,0,0.38202247191011235,0.5084745762711864,0.6757423915649569,0.9866846935928181,0.9604684268933686,0.4826093150944196,0.4379574828367317,0.3912723695147917,0,0,0.546843768144275,0,0,0,0,1,0
5703,0.7,1,0.6666666666666666,0.6666666666666666,0.869110520987446,0,0.6976759356199981,0.26095943486762435,0.047961382134673096,0.008876092674928228,0,0,0,0,1,0,0.8876404494382022,0.7627118644067796,0.23705886365715972,0.592656388163366,0.9506030216659096,0.04753019903843035,0.4115638372008666,0.8138113196845411,0,1,0.7038875053558543,0,0,1,0,1,0
5704,0.5,1,0.3333333333333333,0.6666666666666666,0.04141954460762995,0,0.26255952649433173,0.598210214617518,0.5498622353714276,0.214822566683731,1,0,0,0,0,0,0.8314606741573034,0.6271186440677966,0.9432750545478056,0.598111495897093,0.021498175441599477,0.5974808990977539,0.3829459265268177,0.3134476480032418,0,0,0.5653601081330053,0,0,0,0,1,0
5705,0.36666666666666664,1,0.0,0.6666666666666666,0.14005284744992294,0,0.9197034769043092,0.7162649031822826,0.01175399557649207,0.08162513104926475,0,0,0,0,0,0,0.0898876404494382,0.1694915254237288,0.9347542166158679,0.12726790553997108,0.587318172279953,0.3651974216008142,0.6942120024620523,0.8670523490867307,0,0,0.11955801483027814,0,0,0,0,1,0
5706,0.4,0,1.0,0.6666666666666666,0.6542636740534368,0,0.516377381530421,0.8095057034192651,0.6243993666979776,0.40451755966846326,1,0,0,0,0,0,0.29213483146067415,0.11864406779661017,0.9649612370283596,0.6878072707490422,0.20102736192225418,0.8870390691492391,0.4599620372458619,0.60194650032857,0,0,0.7949103770154905,0,0,0,0,0,0
5707,0.0,0,0.0,1.0,0.5573307001285093,0,0.48373357967017394,0.6019544259596811,0.2993864580594719,0.5549737808255389,0,1,0,1,0,0,0.1797752808988764,0.6440677966101694,0.04748774771260714,0.39442710493288685,0.12575730812990643,0.7902697687767354,0.43423427664569036,0.27682085719312616,0,0,0.6943678712918304,0,0,0,0,0,0
5708,0.26666666666666666,1,0.0,0.3333333333333333,0.765813170284148,0,0.20540177472689983,0.4713995218907463,0.22533822716038188,0.6259980824041864,1,1,0,0,0,0,0.4044943820224719,0.15254237288135594,0.8959738371043231,0.9182034903902572,0.7027219822341902,0.2030996026987353,0.06406767985759414,0.4332441113009311,1,0,0.8386892074884529,0,0,0,0,0,1
5709,0.6,1,0.0,0.3333333333333333,0.7174287435345098,0,0.11914954261133273,0.3963268151209356,0.06862419432928554,0.1736793601463919,1,0,0,0,0,0,0.7528089887640449,0.8305084745762712,0.10372209997599743,0.2516526607175683,0.2851479279599064,0.20987033877072767,0.4731865242838864,0.31640469881297445,0,0,0.31714989269789184,0,0,0,1,0,1
5710,0.8333333333333334,0,0.0,0.3333333333333333,0.48697465859955436,0,0.3020846932462799,0.1934820415649864,0.3013429055545416,0.24633357939799083,0,0,1,0,0,0,0.449438202247191,0.7796610169491526,0.9156602450367197,0.30878260487138076,0.8989105087113388,0.06906581588096304,0.22441813145194492,0.7016028709524644,0,1,0.8001934614747329,0,1,0,0,0,0
5711,0.13333333333333333,1,0.0,0.6666666666666666,0.605708721731415,1,0.3569605815475027,0.0807832371293814,0.9130656811264369,0.5102092941931686,0,0,0,0,0,0,0.7415730337078652,0.3050847457627119,0.11085818415361999,0.8424505148299641,0.43229005960695643,0.572854761754468,0.16594282596210722,0.43427986264083956,0,0,0.9462736501431154,0,0,0,0,1,0
5712,1.0,0,0.0,0.3333333333333333,0.0537049453129759,0,0.5175531886939415,0.5197838696373427,0.7809958115394318,0.019590865312635833,0,0,0,0,1,0,0.8426966292134831,0.711864406779661,0.43526529083866033,0.8228925701455768,0.6803346908564729,0.8879682505858486,0.4892738874255994,0.3143460120821856,0,1,0.019304465688860573,0,0,0,0,0,1
5713,0.3333333333333333,1,0.0,0.3333333333333333,0.2677636893196868,0,0.9670182060517736,0.4243246726701475,0.06140215720852212,0.6990119958672244,0,0,0,0,0,0,0.797752808988764,0.288135593220339,0.33928361432391446,0.5659165445745167,0.8793397836136021,0.8285828466147721,0.20955946996821417,0.2854104821129817,0,0,0.0330432681984549,0,0,1,0,0,1
5714,0.9666666666666667,0,0.0,0.6666666666666666,0.4583928409297568,0,0.3925551467878783,0.4805519298188094,0.14757503783935877,0.37276375015690866,0,0,0,1,0,0,0.7752808988764045,0.05084745762711865,0.051449865681477074,0.34332411008852803,0.4154033674800344,0.6219942938445728,0.23693208512655592,0.4171732821916025,0,0,0.32839820812389503,0,0,0,1,0,1
5715,1.0,1,1.0,0.6666666666666666,0.5300570144718131,0,0.5005357496729823,0.24129880201143514,0.0830956809734983,0.6138297545394024,1,0,0,0,0,0,0.2808988764044944,0.5084745762711864,0.2850038794251306,0.6771320394834103,0.3285182295469512,0.8789657898822082,0.45038950235790376,0.8554967902873044,0,0,0.5307027796480485,0,1,0,0,0,0
5716,0.9,1,0.3333333333333333,0.6666666666666666,0.8889231874622088,0,0.36821473168862207,0.7374192390384551,0.5107757812812536,0.683171903073279,0,0,1,0,0,0,0.9438202247191011,0.0,0.09619045325638001,0.5053099955079893,0.3775328747758968,0.11578702313087748,0.3884405228190017,0.3590564890699892,0,1,0.038677312575486414,0,0,0,0,0,1
5717,0.4,0,0.6666666666666666,0.6666666666666666,0.6913777376715564,0,0.25254258052983275,0.2414888336643224,0.38146069735003046,0.630642720226024,0,0,0,0,0,0,0.5168539325842697,0.5932203389830508,0.8281952876770855,0.10621670779028206,0.9344021445507305,0.07370785599212108,0.29017697259064423,0.43569955163557106,0,0,0.6352612980057514,0,0,0,0,1,0
5718,0.6666666666666666,0,0.0,0.3333333333333333,0.28109124534902924,0,0.9783627080370739,0.6970798523218422,0.9466441877233152,0.26566998864668273,1,0,0,1,0,1,0.449438202247191,0.0847457627118644,0.26520871116781547,0.26821402234848934,0.02422807047751608,0.17204027973145175,0.8508525840069819,0.2004307361760029,0,0,0.945578248416503,0,0,0,1,0,0
5719,0.9666666666666667,1,1.0,0.3333333333333333,0.9549087914457005,0,0.43140170162841934,0.9882076267548616,0.4365472732408892,0.48309400047973444,0,1,1,0,0,0,0.23595505617977527,0.9661016949152542,0.8204045641665072,0.9581241233548886,0.10460626319325977,0.22535908653845063,0.47060573662400446,0.010644099456585739,0,0,0.17168966511690897,0,0,0,0,0,1
5720,0.13333333333333333,0,0.0,0.0,0.6444242890183133,0,0.07474017460994356,0.5162429153419918,0.7726489496728246,0.7894924622280171,1,0,0,0,0,0,0.20224719101123595,0.4576271186440678,0.07103442918015579,0.4870890312253951,0.4491871488714932,0.9480657485037898,0.689838250648771,0.8313495612828788,0,0,0.5214013313133226,0,0,0,0,0,0
5721,0.7666666666666667,0,1.0,0.0,0.5612950344592343,1,0.4244147638699015,0.3737425745652488,0.2309663294282071,0.423682951006256,0,0,0,0,0,0,0.4606741573033708,1.0,0.5789906582797644,0.6451365293683967,0.4052698062110161,0.2070615953473309,0.18389803562587206,0.7549535882016838,0,0,0.5338842711880403,0,0,0,1,1,0
5722,0.3333333333333333,0,0.6666666666666666,0.0,0.5386725833660698,0,0.843345820735323,0.09715092665219995,0.2196027624931414,0.9689017899070251,0,1,1,0,0,0,0.5168539325842697,0.6440677966101694,0.22515461719275937,0.08819735260274406,0.06556919923839796,0.6575578399377289,0.511649741124425,0.3419300269152665,1,0,0.553060427721594,0,0,0,1,0,1
5723,0.7,0,0.0,0.0,0.7619960412042335,0,0.24358595319981888,0.1892477301380328,0.7641318650839242,0.09867292583297756,0,0,0,0,0,0,0.4606741573033708,0.2542372881355932,0.5090987986461137,0.47979445465590714,0.7137636119901172,0.21876333595975977,0.2567761261567977,0.9524331347140454,1,0,0.39813331124184126,0,0,0,0,1,1
5724,0.6666666666666666,1,0.3333333333333333,0.3333333333333333,0.9018980957975187,1,0.6171347872633408,0.7568085055845514,0.10025504961042507,0.6482629079236221,1,1,0,0,0,0,0.7528089887640449,0.9322033898305084,0.561134940682876,0.31687118488576604,0.4972036728526812,0.9437852036691504,0.1591633017087018,0.9096793798466839,0,0,0.6950612447509508,0,1,0,0,1,0
5725,0.5333333333333333,1,0.3333333333333333,1.0,0.14451294532650918,0,0.48186318405594797,0.4146478352263399,0.6378625531913298,0.9981236868248204,0,1,0,0,0,0,0.9887640449438202,0.3220338983050847,0.4500465392030983,0.7310322228229758,0.7879852349056763,0.07483802370706273,0.7643317349827069,0.3689607411956319,0,0,0.422288341687022,0,0,0,0,1,1
5726,1.0,0,0.0,0.3333333333333333,1.0,0,0.8775682677008088,0.2886569160541459,0.6517412942097551,0.4674719808676419,0,0,0,0,0,0,0.8426966292134831,0.9661016949152542,0.8625002996282467,0.512927995406921,0.7095899490594983,0.6311462115315596,0.35263067689369454,0.22492741029871732,0,0,0.29542020566592014,1,0,0,0,0,1
5727,0.0,0,0.3333333333333333,0.3333333333333333,0.9457215464915532,0,0.780524467118663,0.41219624633459023,0.46173764338173995,0.3859351062173825,0,1,1,1,0,0,0.9887640449438202,0.01694915254237288,0.5838682268616695,0.965769150262826,0.45974984257485757,0.7415939969281986,0.02626487203008916,0.640729428273596,0,0,0.38519367720313147,1,0,0,0,0,0
5728,0.03333333333333333,0,0.0,0.0,0.16357268500522465,0,0.1866250239247591,0.036724947350078314,0.41206330801995045,0.18523400910590662,0,0,1,0,0,0,0.9101123595505618,0.9322033898305084,0.3482995906616161,0.5230920564601489,0.5957396249669029,0.197196922236477,0.16492340479303597,0.31812132440843466,0,0,0.4426007940037178,0,0,0,1,1,1
5729,0.43333333333333335,0,0.0,0.3333333333333333,0.16217689001100588,0,0.9794017973396939,0.93016222655533,0.6152941162738786,0.7453965022918037,0,0,0,0,0,0,0.7865168539325843,0.3898305084745763,0.9834009730707374,0.918469401002665,0.8420924038182799,0.29815427926248417,0.3603649001709471,0.9016826842326746,1,0,0.6165945403167258,0,0,0,1,1,0
5730,0.5,0,0.6666666666666666,0.6666666666666666,0.7153795837217082,0,0.6650310196564551,0.49402592713783755,0.25165281808338646,0.4368315441698468,0,0,0,0,1,0,0.6966292134831461,0.5254237288135594,0.5937849806258085,0.7590454124826099,0.6032833405658047,0.9865984782721926,0.7898965322922821,0.3657926116720137,1,0,0.603567971097515,1,0,1,0,1,1
5731,0.5,0,0.3333333333333333,0.3333333333333333,0.2539369916610932,1,0.2965735976060517,0.9531380641949552,0.0004953085489596908,0.0014855605231084623,0,0,1,0,0,0,0.7078651685393258,0.6779661016949152,0.15821442565026747,0.28860029749799954,0.6786964563804956,0.6302433753802104,0.8626969876556808,0.7426201490258644,0,0,0.19465366017710373,0,0,0,1,0,0
5732,0.6333333333333333,0,0.0,0.3333333333333333,0.9175104347978207,0,0.0902137753024118,0.2902704593813991,0.1629718293912215,0.3123490298737835,1,0,0,0,0,0,0.9775280898876404,0.03389830508474576,0.5231068202537446,0.0037558362592060896,0.2589821031010017,0.136331762837834,0.5077406979313452,0.3722483282943638,0,0,0.39621019795260076,0,1,0,1,0,1
5733,0.8333333333333334,1,0.0,0.6666666666666666,0.760965479760422,0,0.44714044307585055,0.057503451915589025,0.18387365404821332,0.39526948675849816,0,1,0,0,0,0,0.6067415730337079,0.6440677966101694,0.20079579416403692,0.837656049647839,0.23879130538561813,0.9720209952372869,0.9837407178398283,0.4825535344485626,1,1,0.21719682714837082,0,0,0,0,0,1
5734,0.26666666666666666,0,0.0,0.0,0.7573221212597196,1,0.18422094422205312,0.5828240194987813,0.7601613687946993,0.740007386818064,0,0,1,1,0,1,0.39325842696629215,0.9661016949152542,0.6066129714174194,0.9710222633263675,0.21299197461840214,0.6406082685454825,0.5652665481964774,0.21918019922796325,0,0,0.3977590297983335,1,0,0,0,1,1
5735,0.9,1,0.0,0.3333333333333333,0.016191515799737956,0,0.3773990671474543,0.18055260716245686,0.5899533209694516,0.41429192932474695,0,0,0,0,0,0,0.2247191011235955,0.5254237288135594,0.6277211447307083,0.1745033392406451,0.2756672453288452,0.3489232878490752,0.34746284954816076,0.9399032114625606,0,0,0.851565513128567,0,0,1,1,0,0
5736,0.3333333333333333,0,0.0,0.0,0.18624390020437698,1,0.6741198608408562,0.30950654599618144,0.5137906249479438,0.41244798876203037,0,1,0,0,0,1,0.5955056179775281,0.1016949152542373,0.34366928291916987,0.6195696616418097,0.25325593033319366,0.34339281049015763,0.11984617896313919,0.2432745641359036,0,0,0.3464062272163604,0,0,0,1,1,1
5737,0.5333333333333333,1,0.0,0.6666666666666666,0.8961308542196468,1,0.335323592366882,0.8217781674207126,0.7709691106003886,0.37825605028855475,0,0,0,0,0,1,0.15730337078651685,0.864406779661017,0.524576274406122,0.5662778156021112,0.39464630260627914,0.9498324475160168,0.949658960087352,0.4755811708442819,0,0,0.7931179908029145,0,0,1,1,0,0
5738,0.8,0,0.3333333333333333,0.3333333333333333,0.16356427382402103,0,0.41080462717879573,0.12858175793721882,0.5535713045255778,0.34951229806850476,0,0,0,1,0,0,0.056179775280898875,0.4745762711864407,0.3553091422768152,0.6351714607425215,0.16120959508815894,0.8437279084669407,0.5385096145018036,0.6605782246341027,0,0,0.1934894529818178,1,0,1,0,1,0
5739,0.26666666666666666,1,0.3333333333333333,0.6666666666666666,0.8015752987826229,0,0.2742832230168947,0.3004931723206541,0.41917036341671027,0.3112957981686703,0,0,0,0,1,0,0.29213483146067415,0.6271186440677966,0.03198476045772329,0.40511537860282903,0.25059490086196357,0.031828209744969554,0.23626099712872076,0.5273924156598776,0,0,0.35585342339561477,0,0,0,0,0,0
5740,0.23333333333333334,1,0.0,0.3333333333333333,0.4326270343612323,1,0.9018149851299103,0.6867165962882391,0.29857798807667824,0.47826195631439034,0,0,0,0,0,0,0.9101123595505618,0.11864406779661017,0.8817611874606383,0.670581948634174,0.8286923328998461,0.7063321900809003,0.9682883772779318,0.8167722832262782,0,0,0.5097082659527623,0,1,0,0,0,0
5741,0.26666666666666666,0,1.0,0.0,0.9065870757411664,1,0.9966026492229116,0.2467411180782735,0.4075202101575754,0.0034712650150485803,0,0,0,0,0,0,0.898876404494382,0.23728813559322035,0.7049294814186703,0.18514825801843768,0.23009274154146622,0.8128696841212265,0.6946567544400973,0.21984221012818586,1,1,0.1159054524435682,0,1,0,0,0,1
5742,0.7,1,0.3333333333333333,0.0,0.14101818865302532,0,0.8502231637712936,0.23812450504307367,0.4414252926683565,0.0758486922957304,0,0,0,1,0,0,0.12359550561797752,0.7966101694915254,0.8277643460496665,0.18812526771819166,0.07727983601796834,0.2434246548414675,0.31592539884349097,0.13621631103125226,1,1,0.4526372179438263,1,0,0,0,0,1
5743,0.6666666666666666,0,1.0,0.3333333333333333,0.21963926945744394,0,0.556500307085772,0.7463899254087462,0.7576270618523728,0.13083408478941894,0,0,1,0,0,0,0.7865168539325843,0.5423728813559322,0.8558403996233034,0.8601357571950999,0.20761000258381557,0.9666044956604447,0.41672235128649093,0.3211453904299069,0,0,0.6497363891140924,0,0,0,0,0,0
5744,0.9666666666666667,0,0.0,0.0,0.255989222476991,0,0.44248889104584427,0.9562529202114097,0.47479208153651137,0.867488065128993,0,1,1,0,0,0,0.011235955056179775,0.3050847457627119,0.7144821434754958,0.5259188755846959,0.5195680613718089,0.8361787249304403,0.657506901858995,0.1922127471769752,1,0,0.6331696083679141,0,0,0,1,0,1
5745,1.0,1,1.0,0.6666666666666666,0.8587483445873763,1,0.03385440744691539,0.2573849342093119,0.442157942689338,0.6146695874494994,1,1,0,0,0,0,0.449438202247191,0.2711864406779661,0.6248230298718923,0.5207511168909359,0.5234471584203206,0.8519207005290056,0.3810615833560328,0.9989939223768509,0,0,0.4288741724345277,0,0,0,0,1,0
5746,0.3333333333333333,0,0.0,0.6666666666666666,0.7674861829749662,1,0.059721850377496465,0.6254980106130223,0.9141615576280478,0.23535201829323166,1,0,1,0,0,0,0.8876404494382022,1.0,0.05973083946545246,0.16798527741832808,0.6448748038713754,0.1785435860453888,0.5228927327976146,0.581548490564792,0,0,0.9158417163681992,1,0,1,0,0,0
5747,0.7666666666666667,0,1.0,0.3333333333333333,0.7193123479889517,0,0.9406236284646792,0.7436319687005052,0.2273934703952186,0.9692345296035074,0,0,0,0,0,0,0.0898876404494382,0.5932203389830508,0.6546660768123547,0.8889705099154829,0.7106615630731198,0.5779901286903913,0.44442551296658694,0.404524028303022,0,0,0.8797482992220309,0,0,0,0,0,0
5748,0.0,0,0.6666666666666666,0.6666666666666666,0.32486605036870003,0,0.8209780388321366,0.8751041024722848,0.4938832206770991,0.9804128373175485,0,0,0,0,0,0,0.6067415730337079,0.9830508474576272,0.7251857714836962,0.8777582683822163,0.7002731259096984,0.478479613965587,0.9035068405552561,0.004452888885701006,0,1,0.5168463943865641,0,0,1,1,0,0
5749,0.36666666666666664,0,0.0,0.3333333333333333,0.8630705886318804,1,0.5620630924068594,0.25357071969314715,0.6441760432902984,0.544271469744767,0,1,0,0,0,0,1.0,0.8813559322033898,0.520781738070849,0.8717192647378599,0.12605488662361608,0.13942838242243658,0.13497657675478295,0.9021112109169889,0,0,0.5472140805756844,0,0,0,0,1,0
5750,0.7333333333333333,0,0.0,0.6666666666666666,0.11351681701375399,0,0.8124844148549998,0.11108940292184881,0.22109318827390345,0.6904357729282327,1,0,0,1,0,1,0.9887640449438202,0.3389830508474576,0.47370741789807147,0.5979551631700972,0.7121145515787303,0.3296327100425916,0.17501776902864186,0.5706789145949428,0,1,0.7053300671734386,1,0,1,0,1,0
5751,0.4666666666666667,1,0.3333333333333333,0.0,0.6613440766506492,1,0.7276228772662728,0.6734684310502582,0.4879259495222002,0.933289375603912,0,0,0,0,0,1,0.449438202247191,0.288135593220339,0.49877637966345834,0.019782248419338712,0.46503314894439274,0.08539196789769313,0.5661259324157351,0.3322009118763237,0,0,0.3134879184821579,0,0,0,0,0,1
5752,0.5666666666666667,0,0.0,0.3333333333333333,0.0163971976678666,0,0.6652892896027598,0.21635089242819985,0.02927074344018351,0.6914977386210793,0,0,0,1,0,1,0.7865168539325843,0.1016949152542373,0.7287211088093899,0.22007168352719939,0.7991627912578902,0.6652762635684982,0.6424856384935769,0.4310903436539154,0,0,0.4419211211560354,0,0,0,0,0,1
5753,0.4666666666666667,1,0.0,0.6666666666666666,0.04525810497702268,1,0.9801468694288034,0.7093599676527913,0.3045802963145376,0.4945493413107445,0,0,0,0,0,1,0.9101123595505618,0.8305084745762712,0.7482027735232993,0.8664480540308874,0.45961354835442714,0.14041593528651888,0.24718720333673946,0.1803748746484021,0,0,0.7356945386381216,0,0,0,0,0,0
5754,0.3333333333333333,0,0.0,0.0,0.81601081541974,1,0.7275790062042963,0.8368921941514753,0.5262734284201602,0.7464149338213271,1,0,0,0,0,0,0.25842696629213485,0.7288135593220338,0.13653949545815733,0.7057780515326866,0.444894076875708,0.9952381860184875,0.1793105589344497,0.04324013893618039,0,0,0.4380882622030035,0,0,0,0,1,1
5755,0.6666666666666666,0,0.0,0.6666666666666666,0.21128384939716954,0,0.8880128001079195,0.24490603008368528,0.8650567449338276,0.6979645132576302,0,0,0,0,0,0,0.7528089887640449,0.3898305084745763,0.8312667928361087,0.19474077612240123,0.5286282993950708,0.025253470679251426,0.8645461292149477,0.09336080119125638,0,0,0.1608360302567198,1,0,0,0,0,0
5756,0.8,1,0.3333333333333333,0.3333333333333333,0.16582999746265756,0,0.06492540912599053,0.6330620634193024,0.8622960789423841,0.6416799453403947,0,0,0,0,1,0,0.449438202247191,0.3050847457627119,0.8120834794068053,0.8854367118481248,0.37549724292932835,0.023011816753501963,0.16957818564166388,0.4714069415255988,0,0,0.843556759861279,0,1,0,0,0,0
5757,0.8,1,0.0,0.3333333333333333,0.5806164457551752,0,0.5815632151535219,0.8016051432497712,0.8732841418358566,0.7239689178134185,0,0,0,0,1,0,0.5955056179775281,0.9322033898305084,0.5216273671231211,0.22906959871228286,0.5968306578269733,0.18809710456413262,0.301984855483699,0.8592290945844644,0,0,0.7876886993460417,0,0,0,0,0,0
5758,0.43333333333333335,1,0.3333333333333333,0.3333333333333333,0.7632817123642366,0,0.21931114250548167,0.6156311850900255,0.027880115659031212,0.6944220938287433,0,1,1,0,0,0,0.056179775280898875,0.3728813559322034,0.1655425730789914,0.9735605025542504,0.5473032932282881,0.5672475369963347,0.6301057249174097,0.45873606746605955,0,0,0.1981416997435142,0,0,0,0,0,1
5759,0.43333333333333335,0,0.0,0.3333333333333333,0.9327817736465749,0,0.4935126076434936,0.875256190410362,0.5144919409223969,0.627639735666348,0,0,0,1,0,0,0.0898876404494382,0.3389830508474576,0.6053299035658283,0.5303695606236297,0.02445557859325349,0.34904872206093085,0.23432712899943678,0.9905663331658522,0,0,0.1263171823471046,0,0,0,1,1,0
5760,0.16666666666666666,0,0.3333333333333333,0.3333333333333333,0.292622020067626,0,0.9341264140794833,0.32132297345211513,0.3323309697766025,0.0,0,0,0,0,0,0,0.9438202247191011,0.6101694915254238,0.6517548288433203,0.552038160668861,0.08553559933853158,0.8513304293025183,0.3502081484613811,0.38766711175683205,0,0,0.9447537616924859,0,0,0,0,0,0
5761,0.0,0,0.3333333333333333,0.0,0.12821979997736935,0,0.48431217898768025,0.7767222455614899,0.9241871268109152,0.8846523955508679,0,1,0,0,0,0,0.7415730337078652,0.5084745762711864,0.386749881672676,0.1413012198939508,0.10963339440504465,0.5488771158610645,0.5696310170215186,0.7802043580359158,0,0,0.8208113141309155,0,0,1,0,0,0
5762,0.3,1,1.0,0.0,0.7406554627327148,0,0.9961423487488957,0.2029594014701328,0.9153537602025001,0.8753479225150868,0,0,0,0,0,0,0.6966292134831461,0.1864406779661017,0.28544816527193834,0.18958704418481748,0.38106092357809984,0.672348034275313,0.7788881829589404,0.7899217693326772,1,0,0.8866482077107611,0,0,0,0,0,0
5763,0.7333333333333333,0,0.3333333333333333,0.3333333333333333,0.33975528898272783,0,0.46799051739028386,0.4844671163640551,0.7360594134612951,0.9424550159570614,0,0,1,1,0,1,0.651685393258427,0.06779661016949153,0.33521567350901255,0.03731849689024293,0.565665481342811,0.15835390936132565,0.6428730851051007,0.7033665532248259,0,0,0.04462388493863421,0,1,0,1,0,0
5764,0.0,0,0.0,0.3333333333333333,0.8634165055100113,1,0.09341268227135426,0.34629727336456106,0.207180132678323,0.9217867738268701,0,0,1,0,0,0,0.9887640449438202,0.6610169491525424,0.8637043795013978,0.3729700894734437,0.017384093469916085,0.19987147416493883,0.0015110805925967262,0.310979363936643,0,0,0.22581410400093274,0,1,0,0,0,1
5765,0.6,1,0.3333333333333333,0.3333333333333333,0.8513835795554973,0,0.21716566428277007,0.035946030727972846,0.3748908558709357,0.1883446354575059,1,0,0,1,0,0,0.6853932584269663,0.7457627118644068,0.4010595701974832,0.06262293084249146,0.5643732690961792,0.5885456133008911,0.30494841062039,0.2803780784053519,0,0,0.8803145931198451,0,0,0,0,1,0
5766,0.3,1,0.0,0.0,0.23145442315831766,0,0.28058614741643306,0.5685876806007044,0.1353484541356328,0.5647495097309941,1,0,0,1,0,0,0.7191011235955056,0.559322033898305,0.9991988409980946,0.7628274811500408,0.5345785862179832,0.08605126130258105,0.1607009257064312,0.8984975691579085,0,0,0.9192025841044217,1,1,0,0,0,0
5767,0.4666666666666667,1,0.0,0.0,0.6080406927750376,0,0.7884400681977835,0.1313096886664628,0.1695557994792969,0.15224112691397604,1,0,1,0,0,0,0.797752808988764,0.1694915254237288,0.47492401674129214,0.5541276345994534,0.5628888363029488,0.8469289942613771,0.19446399133327352,0.5882256474932621,0,0,0.8007012232529203,0,0,0,0,0,0
5768,0.0,0,0.0,0.6666666666666666,0.5434434020185682,1,0.5723449850926281,0.48892467521443234,0.34469648970497396,0.14842501622478754,0,0,0,0,0,1,0.7303370786516854,0.7288135593220338,0.4574854020796391,0.5684872855099756,0.2257300635254985,0.07447515461402038,0.5363223780252201,0.8987286473974373,0,0,0.9016924614389171,1,0,0,0,1,0
5769,0.7,1,0.0,0.0,0.785794415460907,0,0.36928966459749624,0.24738677590329566,0.5277024346177419,0.8357985263568225,0,0,0,0,0,0,0.07865168539325842,0.288135593220339,0.7662262753240837,0.9496010940536376,0.7333616047208996,0.5487808840746856,0.33311551113730364,0.7193893542283677,0,0,0.3388290352262703,0,0,0,0,0,0
5770,0.3,0,0.3333333333333333,0.6666666666666666,0.5873858748382097,1,0.09006296198744483,0.34284322451485144,0.004766094176465708,0.7067432889691653,0,0,0,0,0,0,0.5168539325842697,0.1864406779661017,0.9744563613796612,0.14754954004135776,0.2855934716576121,0.005664523383610252,0.1909806093389037,0.09153332553437014,0,0,0.7550138512478667,1,0,0,0,1,0
5771,0.1,0,0.0,0.3333333333333333,0.1638595729007228,0,0.9400916584125099,0.6275422921969281,0.7274106884939464,0.7394432465827697,0,0,0,0,1,0,0.7752808988764045,0.9491525423728814,0.4251688860561041,0.6175008105354575,0.03539745511396112,0.7706266634962695,0.5490060377706806,0.4040545641437376,0,0,0.2687027270671956,0,0,0,0,0,1
5772,0.7,1,0.0,0.0,0.9109475036480634,1,0.5991345767154711,0.0,0.9190475025541368,0.8347246062870399,0,0,0,0,0,0,0.5393258426966292,0.4406779661016949,0.3126786428664799,0.31634382440832765,0.8803356613192151,0.4658557542600743,0.5904375923917018,0.008241345316429186,0,0,0.6651069741809345,1,0,0,0,1,0
5773,1.0,0,0.6666666666666666,0.6666666666666666,0.28742453864304385,0,0.7323778001471796,0.6866077964972519,0.10107889560095518,0.8174666722231104,0,0,0,0,0,0,0.1797752808988764,0.7457627118644068,0.5121754202787494,0.4945672083772093,0.9398516442776434,0.8065344003859491,0.29083796341594464,0.9489918990169548,0,0,0.49639908638143276,1,0,0,0,0,0
5774,0.3,0,0.0,0.6666666666666666,0.22424839773891178,0,0.7043229681938001,0.2896897709097073,0.31613116590762114,0.6008254082132315,0,0,0,0,0,0,0.7191011235955056,0.0,0.4456781206775041,0.19046377471504816,0.4298205853627801,0.6918856136959067,0.019715449317262417,0.7255545905017436,0,0,0.630328119600237,0,0,1,0,1,0
5775,0.0,1,0.0,0.6666666666666666,0.4876134882612452,1,0.4642819745146862,0.8519607263569773,0.8552274058521467,0.7277484360402316,1,0,0,0,0,0,1.0,0.1694915254237288,0.8926937025250455,0.6342131428216923,0.15320552404957613,0.7473728381840449,0.26851087498865966,0.44394013536057536,1,0,0.9298985968008678,1,0,0,0,1,1
5776,0.5666666666666667,1,0.3333333333333333,0.3333333333333333,0.49560398928686855,1,0.8462074333275087,0.8063664784661031,0.8995422017583035,0.13461500328466608,1,0,0,0,0,0,0.0,0.6949152542372882,0.4649343635863247,0.7294934956798357,0.15732597535673196,0.6978281216452187,0.599562146043749,0.8985096240526326,0,0,0.09001588471432576,0,0,0,0,1,0
5777,0.2,1,0.0,0.0,0.5474192797796819,1,0.37730937836397,0.3081715567313754,0.19983246937963745,0.7435138352634251,0,0,0,0,0,1,0.1348314606741573,0.6779661016949152,0.37804196052736666,0.8649236510215743,0.089313426420687,0.2485226367732073,0.9779194867153442,0.36411460702144816,1,0,0.4296818513521553,0,1,0,0,1,0
5778,0.6666666666666666,1,0.6666666666666666,0.3333333333333333,0.6970407597833663,0,0.9654938193734528,0.3584803675339518,0.9482170912334449,0.3259075932366457,0,0,1,0,0,0,0.10112359550561797,0.8813559322033898,0.7167774405970724,0.5237895043399784,0.05703689438355352,0.09951690716294179,0.22377384610579096,0.2500356158051218,0,1,0.03865051242464187,0,0,0,0,0,1
5779,0.0,0,0.0,0.6666666666666666,0.23634352582584278,0,0.2256221221828698,0.7112185876274428,0.06767593545756326,0.053494311860393204,0,0,0,1,0,0,0.43820224719101125,0.4915254237288136,0.5351547290946603,0.2558766589410969,0.42405861665565864,0.9943932525399892,0.3177959848844087,0.21426771147194107,0,0,0.7080348031204443,0,0,0,0,1,0
5780,0.9,1,0.0,0.6666666666666666,0.13487359051630288,0,0.22980185910150713,0.202200877614514,0.8844915039996706,0.6650094986691301,0,0,0,0,0,0,0.9887640449438202,0.7966101694915254,0.3085727305937472,0.6042189670230272,0.5748473537456669,0.5434917304238641,0.2601828497562014,0.3587332955746529,0,0,0.031950713825917534,0,0,0,0,0,1
5781,0.7666666666666667,1,0.0,0.3333333333333333,0.08942257931660946,0,0.9196188182006187,0.508636673123648,0.1952594005221738,0.3535338763584958,1,0,1,0,1,0,0.42696629213483145,0.847457627118644,0.6413625666967225,0.6988192237815651,0.2382972151156712,0.5948531309500172,0.7819169762424273,0.29883399814452916,1,0,0.10698698821395136,1,0,0,0,0,1
5782,0.9,0,0.3333333333333333,0.3333333333333333,0.06834023733508239,1,0.6745559605906771,0.548670638928472,0.15630420179742543,0.4985183127603516,0,0,0,0,0,0,0.8089887640449438,0.01694915254237288,0.1724679152444012,0.09923100070789623,0.10039501368877567,0.08003463684994795,0.4623603180576041,0.347075116734104,0,0,0.022484559153543932,1,0,0,0,1,1
5783,0.3,1,0.6666666666666666,0.0,0.6271546833755901,0,0.021772224005839627,0.20678419339487647,0.720385321628773,0.13673083642886266,0,0,0,0,0,0,0.8764044943820225,0.9830508474576272,0.42047784579437114,0.5182608557939995,0.0220553458902694,0.3694371314860687,0.6175240882984201,0.6199292620417814,0,0,0.10718941689231831,0,0,0,0,0,0
5784,0.9333333333333333,1,1.0,0.3333333333333333,0.11415293705749244,0,0.17395503068855703,0.9996654712326756,0.9861326423404885,0.8891787421561608,0,0,0,0,0,1,1.0,0.847457627118644,0.13200553286012864,0.6431057207967379,0.20498744677030153,0.3145254586610791,0.020884397196313863,0.7359982842290774,1,0,0.40503166749461783,0,0,0,1,0,1
5785,0.3333333333333333,0,0.3333333333333333,0.3333333333333333,0.29395506088765994,1,0.04390365253801578,0.4238859771089839,0.046818400860124065,0.6891618781872721,0,0,0,0,0,1,0.3258426966292135,0.23728813559322035,0.7231435787586082,0.8879703827624615,0.39045516009268183,0.06506950795936366,0.39906791490389987,0.972696857888357,0,0,0.045820210410148665,0,0,0,0,0,0
5786,0.7,0,0.3333333333333333,0.0,0.4578635184771451,0,0.10753286065317054,0.014281709944352938,0.16000702412505,0.7801965251458034,0,0,0,0,0,0,0.1348314606741573,0.6101694915254238,0.893095064325129,0.9022901933848552,0.13212188864597585,0.8915002379396199,0.43803835459695617,0.7352689003942239,0,0,0.29925236499526886,1,0,0,0,0,0
5787,0.6333333333333333,1,0.0,0.0,0.579781162740108,1,0.7769099837429665,0.002828706484320245,0.801161195610866,0.8249517800947819,0,0,0,0,0,0,0.4606741573033708,0.3728813559322034,0.9344601927006725,0.0031814232945333626,0.888807485512023,0.03540901973187171,0.3624426880277014,0.3344300025670676,0,0,0.49921604588783475,0,0,0,0,1,1
5788,0.9666666666666667,1,0.0,0.3333333333333333,0.20391255172630782,1,0.6635244010342649,0.4901753794987875,0.3792022657634955,0.1009669824322003,0,1,0,1,0,0,0.25842696629213485,0.3220338983050847,0.7691841863531049,0.8118991170886538,0.5755460299639117,0.5899757150598817,0.21842077837203902,0.4090043077628993,0,0,0.07506776498020347,0,0,0,0,0,1
5789,0.23333333333333334,0,0.0,0.3333333333333333,0.8675719696686813,0,0.45988089272034743,0.2922738682975683,0.4610456842431356,0.17503768444320658,0,0,0,0,0,0,0.8539325842696629,0.3559322033898305,0.23732865748339146,0.8146831859354893,0.9479601190434133,0.09888342731899305,0.9348439979978153,0.5871139876696726,0,0,0.7134754506797916,0,0,0,0,1,0
5790,0.1,0,0.0,0.6666666666666666,0.13329044883885358,0,0.8403785616715658,0.5778188546619135,0.0149246821127007,0.25664422339908083,0,0,0,0,0,0,0.12359550561797752,0.06779661016949153,0.27579716237907076,0.24092756570670323,0.5672048708562741,0.41432099973782494,0.22032798114317298,0.17565779778944113,0,0,0.9673886331062649,0,0,0,1,0,0
5791,0.36666666666666664,0,0.0,0.6666666666666666,0.07159803200772612,0,0.5009004658993881,0.30709872463824317,0.23378074379043506,0.2544775169128406,1,0,0,0,0,0,0.9887640449438202,0.6101694915254238,0.8965761121167423,0.4504620850614485,0.2741266295249817,0.734610995105594,0.184387300220693,0.6231091446020879,0,0,0.15787382197114305,0,0,0,0,0,0
5792,0.6333333333333333,0,0.6666666666666666,0.6666666666666666,0.05752704610513022,1,0.7828836464422829,0.54223030136746,0.29353481016000765,0.503101404948008,0,0,1,0,0,0,0.8539325842696629,0.8135593220338984,0.7005914567617546,0.6953401274118722,0.8625200527276576,0.04938487488818438,0.4195775920043983,0.8578872848643139,0,1,0.5616275360901299,0,0,0,0,0,0
5793,0.06666666666666667,1,1.0,0.0,0.060591766102606796,0,0.5178852011070568,0.9311874281282739,0.8165108948432525,0.922619146633784,0,0,0,1,0,0,0.9662921348314607,0.3220338983050847,0.3867216886083078,0.05563588255278618,0.5451444408466113,0.01189333366652144,0.1966456168295745,0.04825852895846862,0,0,0.10157491520424183,0,0,0,0,1,1
5794,0.6666666666666666,1,0.0,0.3333333333333333,0.7566518066683346,0,0.28691237087912486,0.2971208840189445,0.05808885575444306,0.3923505041096376,0,1,0,1,0,0,0.5730337078651685,0.4745762711864407,0.22319010645094292,0.4523231659453101,0.3742439313676373,0.3647449167511325,0.34039247467298744,0.3939247956016073,1,0,0.20756663174859077,0,0,0,0,1,1
5795,1.0,0,0.0,0.6666666666666666,0.1360867285374427,0,0.49241843880813196,0.5928680177028107,0.6335130749601836,0.04491527842104241,0,0,0,0,0,0,0.38202247191011235,0.3898305084745763,0.5131597712321058,0.2687532432606082,0.4340012770538072,0.15359394933693118,0.42568280728265834,0.8799495558572554,0,0,0.40319593748645244,1,0,0,0,0,0
5796,0.2,0,0.3333333333333333,0.3333333333333333,0.8949722843191085,1,0.1318323799291777,0.8829043358336798,0.2732491593486871,0.3428415067419553,0,0,0,0,1,1,1.0,0.4406779661016949,0.5691974540333116,0.9642106018794504,0.2959626319598733,0.6896907116683324,0.4139223846692206,0.1323757015701273,0,0,0.22215499563272872,0,0,0,0,1,1
5797,0.5,1,0.0,0.0,0.182732882000387,1,0.09983556720104869,0.572210581601359,0.513772023405662,0.17470838750802892,1,0,0,1,0,0,0.7865168539325843,1.0,0.0325021086267391,0.5825832563623505,0.12073410667728943,0.6079482892473401,0.5277151332182611,0.026087764995512432,1,0,0.4129122963633994,0,0,0,1,1,1
5798,0.3333333333333333,1,0.0,0.3333333333333333,0.28286622493709634,0,0.1801563057822027,0.88490685215256,0.5418781267715171,0.443809953887238,0,0,1,0,0,0,0.1348314606741573,0.11864406779661017,0.8026823527109518,0.32988354875733084,0.8657604580223844,0.8804480047766112,0.24595483571464172,0.3119224621945519,0,0,0.6617041388678001,1,0,0,0,0,0
5799,0.8666666666666667,0,0.3333333333333333,0.3333333333333333,0.12563928621184456,0,0.8374463018099713,0.5288038028107382,0.7090139371253794,0.01963252121420634,0,0,0,1,0,0,0.4044943820224719,0.6610169491525424,0.8520959608654899,0.7191952858243408,0.7060165540757716,0.35165870493244594,0.014953489642345857,0.02465884117425177,0,0,0.8880748223316303,1,0,0,0,1,0
5800,1.0,0,0.3333333333333333,1.0,0.6573049964731835,0,0.049756266601713485,0.7116628145673464,0.5325103393719751,0.16256044544625867,0,0,0,0,0,0,0.6741573033707865,0.5084745762711864,0.5968981468312824,0.37059684086799904,0.6748196324941882,0.23053238879689644,0.647184300628358,0.08802470050462104,0,0,0.7805324868031855,0,0,0,0,0,0
5801,0.3333333333333333,1,0.0,0.3333333333333333,0.6066703372702708,0,0.9687649509782322,0.10893163306322445,0.8332410558785772,0.8078862889472845,0,0,0,0,0,1,0.7303370786516854,0.288135593220339,0.22502973468465745,0.597860226076087,0.9567400249617921,0.5447752072650127,0.8389551019787563,0.5972504863237735,0,0,0.8545653901056576,0,0,1,0,1,0
5802,1.0,0,0.0,0.3333333333333333,0.2585103638967775,0,0.4933902368805444,0.12367376543085963,0.1478784345373248,0.8444497470562713,0,1,0,1,0,0,0.6292134831460674,0.3050847457627119,0.5764126661315886,0.5325677225482559,0.7446969828570242,0.8373071488293998,0.7098831018261721,0.14717225483035468,0,1,0.6692173281439513,0,0,0,0,1,1
5803,0.6,1,0.3333333333333333,0.3333333333333333,0.31134830039500555,1,0.9811561927397532,0.3865953004913383,0.5544703239224636,0.3641678140372074,0,0,0,0,0,0,0.7640449438202247,0.3050847457627119,0.09956974863958609,0.3189867535234068,0.7634468382341812,0.3150082575116939,0.7731867223643778,0.9359495659515688,0,0,0.7858833457063509,1,1,0,0,0,0
5804,0.8333333333333334,1,1.0,0.6666666666666666,0.9424493843476671,0,0.6922583211565729,0.3511267297561644,0.8246040280121355,0.05386892048225963,0,0,0,0,0,0,0.9325842696629213,0.8305084745762712,0.19180040133824405,0.5841519332223682,0.958349242923013,0.7535856559350287,0.9397515582981216,0.888928600988334,0,0,0.7092453245610258,1,0,1,0,0,0
5805,0.43333333333333335,0,0.3333333333333333,0.3333333333333333,0.4947445300663068,1,0.790616850510917,0.6304579927052613,0.2535103310555184,0.34498125995937123,0,0,0,1,0,0,0.6179775280898876,0.864406779661017,0.14716243585024955,0.7221849313975094,0.3577881817425798,0.1482588490097615,0.8850595298154252,0.10657594501405714,0,1,0.9681991443915767,0,1,0,0,0,0
5806,0.8333333333333334,0,0.3333333333333333,1.0,0.6207840055251099,0,0.5824096360398792,0.011450984774763176,0.5730456152508798,0.3428398795610543,0,0,1,0,0,0,0.02247191011235955,0.8135593220338984,0.7467532587859254,0.0947649924283282,0.8958804720518567,0.05808487886234062,0.03353294428942598,0.5904441860577478,0,0,0.5809366208675164,0,1,0,0,0,0
5807,0.23333333333333334,0,0.0,0.3333333333333333,0.1944120111841338,0,0.9353906796292657,0.7041512376602066,0.37833393452566033,0.4219426506136375,1,0,0,0,0,1,0.19101123595505617,0.3898305084745763,0.8910804845619985,0.7431965078105316,0.7698717464812856,0.1053819694126401,0.29560009613419264,0.6504368746515393,0,1,0.6213123831474918,0,1,1,0,0,0
5808,0.1,0,0.0,0.0,0.6252801572449986,0,0.41397941148059003,0.4763758575370403,0.24978225824413597,0.45558914494336306,0,0,0,1,0,0,0.2696629213483146,0.7288135593220338,0.30265987041640496,0.33526737451679023,0.4625409480589992,0.7374185533866352,0.39255412350900926,0.44696140816665475,1,0,0.62986189765599,0,0,1,0,0,1
5809,0.16666666666666666,1,0.3333333333333333,0.3333333333333333,0.7543642078295567,0,0.19578702561398198,0.20177017484086276,0.23975584867931063,0.4573310741442199,0,0,0,0,0,1,0.14606741573033707,0.9491525423728814,0.8309904877094677,0.37871444363507917,0.682481530938051,0.07831521592071265,0.8720612008637165,0.581726346466028,0,0,0.5202736162993729,0,0,0,0,0,0
5810,0.23333333333333334,1,0.0,0.3333333333333333,0.96189886549873,1,0.7551306324638374,0.025925048715247968,0.5663317155086479,0.8013313377255243,0,0,0,1,0,0,0.3595505617977528,0.8813559322033898,0.3722440190084722,0.8808618663443151,0.5392658795270447,0.3346609929989537,0.9527665180205501,0.09792347595339944,0,1,0.7085132877282564,0,0,0,0,0,0
5811,0.4,1,0.0,0.6666666666666666,0.26575345287712127,0,0.0470611887722357,0.5817667429256165,0.9355741302849591,0.6467491408356263,1,0,0,0,0,0,0.33707865168539325,0.847457627118644,0.09525164717280311,0.09761919726224877,0.30117202768068596,0.4338502866001853,0.3405176602733334,0.6664036130200691,0,0,0.7382061560750995,0,0,0,0,0,0
5812,0.9333333333333333,0,0.0,0.3333333333333333,0.9561686113895453,1,0.11298384929408155,0.9237319312501612,0.8979107351806468,0.3553534332014481,0,0,0,0,0,0,0.0449438202247191,0.2542372881355932,0.5901844675539143,0.5082533449100871,0.7000476584905337,0.19182742500233277,0.2643134004747314,0.5820457230696224,1,0,0.699433949293122,0,0,0,1,0,0
5813,0.4666666666666667,0,0.0,0.6666666666666666,0.052772489494822536,0,0.564326304086317,0.11501582846261153,0.7169890392212762,0.9481955543364776,1,0,0,0,1,0,0.6179775280898876,0.8813559322033898,0.7966552115707212,0.22932015105550366,0.471948704036483,0.1669397334684849,0.6826228515408717,0.09216443616222629,0,1,0.42169753510174035,1,0,0,0,0,1
5814,0.6,0,0.6666666666666666,0.6666666666666666,0.23320301746426453,0,0.7040558145600261,0.9672286537127005,0.35182468228974073,0.8979451153550793,0,0,0,0,0,0,0.12359550561797752,0.3220338983050847,0.8769504433343681,0.5226967496900884,0.22500777413161038,0.5493245376161688,0.6014419594915674,0.4973360384390071,0,0,0.7127792117428762,0,0,1,0,1,0
5815,0.6,1,0.0,0.3333333333333333,0.29058178563627307,0,0.4884655486607203,0.7559608796846538,0.8426922649935039,0.9982304683619805,0,0,0,1,0,0,0.5393258426966292,0.4067796610169492,0.8541849373547711,0.979350990363849,0.9044030022129309,0.8947414777395433,0.22253172953447029,0.0628343544621455,0,0,0.2114381187643222,1,0,0,0,0,1
5816,0.5333333333333333,1,0.3333333333333333,0.3333333333333333,0.2179606393362148,0,0.7648480591638261,0.8449330046527085,0.08401835073128701,0.6931199020077585,1,0,1,0,0,1,0.1348314606741573,0.6440677966101694,0.9634489423746779,0.5103267578050468,0.7384778788774992,0.6393343418334447,0.7428386906338363,0.9453353005122882,1,0,0.49394589438833253,1,0,0,0,1,1
5817,0.23333333333333334,1,0.3333333333333333,0.6666666666666666,0.8371570609433521,0,0.17820114369378634,0.23833148162028997,0.7329530537100996,0.2407305571263421,1,0,0,0,0,0,0.24719101123595505,0.7966101694915254,0.2644771817349543,0.6840278591250633,0.038372435780261234,0.219002118330043,0.4578603088474751,0.9443182310145793,1,0,0.32900717852928363,0,0,0,1,1,1
5818,0.1,0,0.0,0.6666666666666666,0.6728719784093384,1,0.8847082579003402,0.19152624242904362,0.6340390064903716,0.7134806652849093,0,0,0,0,0,0,0.7415730337078652,0.6949152542372882,0.4236738941271569,0.583650240375278,0.27254357952620567,0.31286657377337374,0.6160956575056111,0.5811588176999846,0,0,0.576339882409097,1,0,0,0,0,0
5819,0.06666666666666667,0,0.3333333333333333,1.0,0.5883513695247876,1,0.782362019042265,0.48611037028040577,0.6976906340152856,0.9033607853760515,0,0,0,0,0,0,0.4606741573033708,0.864406779661017,0.3641973394459315,0.8644439431006543,0.22355556785876973,0.8832162186040537,0.1475485324755713,0.28949845988857853,1,0,0.6701904561211506,1,0,0,0,1,0
5820,0.26666666666666666,1,0.6666666666666666,0.6666666666666666,0.9364124600592537,1,0.2594606718933591,0.1680477737188688,0.28084548015193433,0.9598349410080821,0,0,0,0,0,0,0.6292134831460674,0.6779661016949152,0.9009992239717187,0.24981692764601918,0.9583420678130457,0.15617286760229226,0.38261904072111225,0.056660326927914006,0,0,0.2556237755479314,0,0,0,0,0,1
5821,0.36666666666666664,0,0.0,0.3333333333333333,0.5833119436910824,0,0.17832525303809868,0.13450085426471795,0.40917691801127576,0.9687307292638431,0,0,1,1,0,0,0.43820224719101125,0.6271186440677966,0.8691409669222738,0.6667244208626203,0.9167345662612646,0.5675924425825886,0.7971667623061628,0.361122259792077,0,0,0.14819600807866246,0,1,0,0,0,1
5822,0.8,1,0.0,0.3333333333333333,0.46565082362253507,0,0.07000378475889382,0.41460534861449183,0.6735265391824197,0.6427970288051821,1,0,0,0,0,0,0.9550561797752809,0.05084745762711865,0.8571226934255055,0.09598858750286082,0.6767600745526589,0.9623336882474847,0.7975133742402432,0.9968190969991856,0,0,0.7007372772325107,0,0,1,0,0,0
5823,0.5,1,0.0,0.3333333333333333,0.901931585552543,1,0.6114895969501285,0.07259026303462278,0.05001552229440725,0.7666485425374197,0,0,0,0,0,0,0.10112359550561797,0.2711864406779661,0.14930364749912914,0.9015585893109959,0.2156581222345019,0.044224121049419474,0.1311807542477947,0.10760818308904856,0,1,0.23178767105351175,0,0,0,0,0,1
5824,0.4,1,0.3333333333333333,0.3333333333333333,0.062216714076203106,0,0.031205275682927427,0.9164837375820714,0.9403799592983353,0.4324944756179277,1,0,0,1,0,0,0.8651685393258427,0.15254237288135594,0.9624036668305507,0.1662866867085137,0.1427419716501927,0.5341043594301675,0.8178876333156136,0.5834482052878271,1,0,0.40919521596303743,0,0,0,0,0,0
5825,0.0,0,0.0,0.3333333333333333,0.04633709009389146,0,0.44354662128642464,0.8002103937565823,0.1627581171639507,0.22810978124941822,0,0,0,0,0,0,0.7191011235955056,0.6440677966101694,0.5566095386535779,0.4175054107013414,0.34361615070583384,0.14444562509988623,0.055958206714893786,0.6870052124754353,0,0,0.4718691972009569,0,0,0,0,0,0
5826,0.6666666666666666,0,0.0,1.0,0.5307801390192706,0,0.3019554835322872,0.7399019313223651,0.3082260607062758,0.9859754659606929,0,0,0,0,0,0,0.6853932584269663,0.5423728813559322,0.8070210822835675,0.5250743768913186,0.3775131037874514,0.4278947555704447,0.7593425854025954,0.5089611120245514,1,0,0.1780807956380911,0,0,0,0,1,1
5827,0.5,0,0.0,0.6666666666666666,0.19327787118165957,0,0.6424148950060475,0.2825380528465108,0.0016045335914545366,0.0072723429685540636,0,0,0,0,0,0,0.9325842696629213,0.559322033898305,0.4423418595484764,0.2375600416364289,0.08279857015137158,0.19914923166550438,0.6429656669596013,0.9075380315106989,1,0,0.8789906245150382,1,0,0,0,0,0
5828,0.4,1,0.0,1.0,0.6458512699639033,0,0.7573826409327721,0.5471177326539092,0.33799009552615,0.9996309866343407,1,1,1,0,0,0,0.6404494382022472,0.8305084745762712,0.27004297292727986,0.11524144254068101,0.445863059730456,0.1317842644739773,0.22817519084280258,0.924958510098394,1,0,0.1813933906828362,0,0,0,0,0,1
5829,0.8,0,0.0,0.6666666666666666,0.03790002188356778,0,0.13396991330394806,0.25762682656957137,0.3807900525493943,0.34763434267625,0,0,0,0,0,0,0.9213483146067416,0.0847457627118644,0.9230969585642932,0.3464574221642533,0.30759324191139165,0.08852058297447699,0.5655465631449067,0.8039601504328293,1,0,0.9303491823225264,0,1,0,0,0,0
5830,0.7,1,0.0,0.0,0.43405949042491765,0,0.19048325679542785,0.5202801119985516,0.9810535817038304,0.4589894379116521,1,0,0,0,0,0,0.8089887640449438,0.3728813559322034,0.015159845970606456,0.683913853674402,0.5891432348513066,0.1710320711477323,0.4948400784032208,0.5022818158798813,0,0,0.956677626229607,0,1,0,0,0,0
5831,0.6333333333333333,0,1.0,0.3333333333333333,0.06527396005467441,1,0.6196306629466571,0.6347388478282485,0.26685971966351524,0.8280561735159433,0,0,1,0,0,0,0.5280898876404494,0.0,0.7219617542882588,0.0432463470416894,0.8770675213405553,0.517872701186018,0.6743203126553728,0.7392408636234126,0,0,0.8637873805145402,0,0,0,0,0,0
5832,0.4,0,0.0,0.3333333333333333,0.991692183418643,0,0.11105741530629777,0.7187546698874333,0.6933557133043018,0.7907040073440325,1,0,1,1,1,0,0.43820224719101125,0.5932203389830508,0.37786030144506755,0.04214273937629461,0.41421961405667007,0.6147708700945826,0.9624351008432372,0.656783246420891,0,0,0.8804519798294314,0,1,0,1,0,0
5833,0.7333333333333333,1,0.0,0.0,0.7453920882177388,0,0.7941872795194818,0.11517708978611246,0.4260768158849812,0.7295607763459975,0,0,0,0,0,1,0.7640449438202247,0.6440677966101694,0.11968230443423497,0.821014255385427,0.6736869802060869,0.12922110868279685,0.5680645274625244,0.30340060009876657,1,1,0.7847031923369379,0,1,1,0,1,1
5834,0.4,0,0.0,0.3333333333333333,0.0628421316879123,1,0.9435879209104392,0.0979044293991996,0.27606771659490226,0.8488392932029466,0,0,1,0,0,0,0.8089887640449438,0.13559322033898305,0.4548511300130951,0.9031629231559869,0.7202557879428687,0.9193964570745805,0.2171424713689946,0.7201626030731028,0,0,0.1510210128510864,1,0,0,0,0,0
5835,0.9666666666666667,0,0.0,0.0,0.1258342771916993,1,0.3398245782835245,0.2821772221486427,0.3433222606078233,0.5470813453099151,0,0,1,0,0,0,0.8764044943820225,0.11864406779661017,0.45232349113638576,0.8290671403154276,0.7898362717109891,0.7084463620140011,0.7074982852889318,0.13794892824663085,1,0,0.956628754743398,0,0,0,1,1,1
5836,0.9333333333333333,1,0.0,0.6666666666666666,0.7396578618058707,0,0.7542517555731825,0.3863082926716701,0.4205505571457153,0.8062815285942616,0,0,1,0,0,0,0.38202247191011235,0.0,0.015590160579695441,0.10252910785814298,0.4893757094220879,0.10154465346467574,0.23451489873294307,0.9247090586817779,1,0,0.15496254658391415,0,0,0,0,1,1
5837,0.03333333333333333,1,0.0,0.6666666666666666,0.15799228055465173,0,0.7606643006836955,0.195517488879467,0.7575187277888517,0.6618660724991949,0,0,0,0,1,0,0.9775280898876404,0.711864406779661,0.03573457175761306,0.6576322570323795,0.013110627159956749,0.7297852093122933,0.04898745495227671,0.5409930037434356,0,0,0.5745130444319755,0,0,0,0,0,0
5838,0.5333333333333333,1,0.0,0.0,0.4489386688532152,0,0.14990925440160874,0.3797757158384816,0.6630324893022557,0.5931124022487542,0,0,0,0,0,0,0.48314606741573035,0.0,0.8697045173938015,0.2677770853756072,0.04616945452801542,0.9250864703412616,0.6156628315568725,0.49361749757994006,0,1,0.22112994208342954,0,0,1,0,0,1
5839,0.0,1,0.6666666666666666,0.3333333333333333,0.721773047095432,1,0.15532689443669379,0.45973114034734464,0.38412887960865016,0.17078351880906514,0,1,0,0,1,0,0.9775280898876404,0.2711864406779661,0.4301471000811857,0.1367919082929123,0.5580943270426854,0.7190364234241663,0.9313749869890131,0.5318186170957453,0,0,0.17539222984916214,1,0,0,0,1,0
5840,0.8,0,0.0,0.0,0.9995503171831027,1,0.8356262964957522,0.20687042780754467,0.060792469099589116,0.17000875210728897,0,0,0,0,0,0,0.6404494382022472,0.5932203389830508,0.6317030430798652,0.01526368833145278,0.8706727784441753,0.4461023595429834,0.6913530952016186,0.21858363930334482,0,1,0.5492124795390256,0,0,0,0,0,1
5841,0.06666666666666667,1,0.0,1.0,0.14656768276023363,1,0.35834589671801176,0.7193515222876218,0.6121195060753022,0.09258458825942043,1,0,0,0,0,0,0.14606741573033707,0.9661016949152542,0.009786809461768064,0.7387684897855168,0.7426334851682201,0.10747826589194465,0.6317039139678287,0.8671858254312542,0,0,0.06839213850889128,0,0,1,1,1,0
5842,0.7,1,0.0,0.3333333333333333,0.8748293378910605,1,0.038028632157271085,0.14491338997621003,0.26919719273441883,0.05406409004978582,0,1,0,0,0,0,0.5056179775280899,0.8983050847457628,0.8328773711517423,0.5379714893176617,0.2492430315588963,0.2901465870797788,0.6871348562909297,0.425134494343476,0,0,0.06060725894381189,0,0,0,0,0,1
5843,0.6333333333333333,0,0.3333333333333333,0.0,0.5414872719363814,0,0.2360358284322166,0.2717488925259705,0.8481382994427442,0.18051730899516452,1,0,0,0,0,0,0.9101123595505618,0.7966101694915254,0.8915004672658737,0.08637358988314947,0.8899382984487029,0.22312321164542023,0.15999242158491742,0.7232580787654952,1,0,0.3419922698652758,1,1,0,0,0,1
5844,0.23333333333333334,0,0.0,0.3333333333333333,0.5267130181960801,0,0.6353845093953217,0.8326353209644586,0.5879467514495516,0.7511684170265921,0,0,0,0,0,0,0.7303370786516854,0.3220338983050847,0.1622784979441617,0.7902279834604442,0.09740434682820408,0.2767745202846113,0.9261319607980651,0.057637211760104896,0,0,0.7091428400933275,1,0,0,1,0,0
5845,0.9,1,0.3333333333333333,0.3333333333333333,0.6640516515177236,0,0.9354291954990497,0.3668408069548498,0.1490432403995753,0.8258258431079745,0,0,0,1,0,1,0.29213483146067415,0.864406779661017,0.28949676565059745,0.5555821324687784,0.14429088084906694,0.015294686488774948,0.6105532997703321,0.8903156869375551,0,0,0.46882123148431315,1,0,0,0,0,0
5846,0.7333333333333333,0,0.3333333333333333,1.0,0.4208059970821454,0,0.772014886343116,0.4152427212850245,0.9607184093104273,0.20560602059312344,0,0,0,0,0,0,0.42696629213483145,0.8813559322033898,0.5936678720776035,0.5821030502807009,0.04884604366857284,0.3250920371570045,0.3890465688894518,0.02978619636614175,1,0,0.5589990658425444,0,0,0,0,1,1
5847,0.4666666666666667,0,0.0,0.6666666666666666,0.6215078398150836,1,0.5443027710702119,0.6773806545334078,0.7653159489792889,0.9492878486579227,0,0,0,0,0,0,0.4606741573033708,0.711864406779661,0.8265123654149658,0.75568944407492,0.8915284762033805,0.6412834670160198,0.1155036805494362,0.6873085136332974,0,0,0.007665050061913409,1,0,1,0,0,0
5848,0.7666666666666667,0,0.6666666666666666,0.3333333333333333,0.30935985139571004,0,0.06939214535229747,0.1297371360886724,0.5999607677669694,0.8123601519732248,0,0,1,0,0,0,0.898876404494382,0.7966101694915254,0.38215279817794723,0.9436146553015772,0.2578157571250408,0.9928989572193153,0.6153930191287915,0.15040891361324282,0,0,0.13268747460283484,0,0,1,0,0,1
5849,0.9333333333333333,0,0.0,1.0,0.7241143458523563,0,0.16066696972456043,0.3185463884137905,0.8615011103046526,0.4308569680550277,0,0,0,1,0,0,0.651685393258427,0.7627118644067796,0.8825604599383258,0.6920180249773558,0.5523765788215794,0.07704547214700569,0.16890475371782954,0.13984033517526992,0,0,0.3953266966026113,0,0,0,0,0,1
5850,0.13333333333333333,1,0.0,0.6666666666666666,0.3010715002033684,0,0.21849834279486668,0.042366957425787416,0.31833037850401114,0.4098831955285191,1,1,0,0,0,0,0.3258426966292135,0.847457627118644,0.9547927311192774,0.8621861154735648,0.06504390339685966,0.8854484457872472,0.534778366694908,0.651954688935778,0,1,0.7402007478141923,0,0,0,0,0,0
5851,0.8666666666666667,1,0.0,0.0,0.16001293560211047,0,0.7233329625561449,0.5080384040660788,0.9827452687389234,0.6701066944540145,0,0,0,0,0,1,0.48314606741573035,0.0847457627118644,0.05648827984344749,0.9079566311273506,0.6422834272659411,0.9250130101979496,0.5796858112608554,0.026388376419930956,1,1,0.3175660678895504,1,0,0,0,0,1
5852,0.3,0,0.3333333333333333,1.0,0.0011163855814505202,0,0.5601015849725555,0.635343000491631,0.8265082104864345,0.4486504507174293,1,0,0,0,0,1,0.8426966292134831,0.05084745762711865,0.1744824030793309,0.5621033475757405,0.0963474481003995,0.6099778031043676,0.8700301170230793,0.05746613675534442,0,0,0.3924892119669927,0,1,0,0,0,0
5853,0.7666666666666667,0,0.0,0.0,0.14017750201842016,0,0.09691421768582877,0.08639335202509821,0.8733315245967581,0.20763318271536876,0,0,0,0,0,0,0.11235955056179775,0.4745762711864407,0.2988962326830548,0.2446738146694706,0.9217852432451878,0.8870055401023039,0.12431696565280563,0.519646834806,0,0,0.9164856356987056,0,0,1,0,0,0
5854,0.5666666666666667,1,0.3333333333333333,0.3333333333333333,0.7556590680185185,0,0.43439843698220987,0.04930882289718112,0.17055422020121155,0.7632627845865402,1,0,0,0,0,0,0.8202247191011236,0.7966101694915254,0.5374587502198752,0.00034457703068154497,0.9514943785670501,0.5372159624847447,0.7115299820091985,0.6081522597084744,0,0,0.2613090180777394,0,1,1,0,0,0
5855,0.9666666666666667,1,0.6666666666666666,0.0,0.9792958569816103,0,0.21263366121930366,0.3225158794046626,0.44656684028425236,0.020678673055006806,1,1,0,0,1,0,0.7415730337078652,0.7457627118644068,0.6261797996477735,0.8854410049333041,0.4606151883395273,0.18449681711402607,0.07272416463450589,0.9653138113192425,0,0,0.3863619549657001,1,0,0,0,1,0
5856,0.7666666666666667,0,0.0,0.3333333333333333,0.7933975222491435,1,0.6212465953175441,0.5446538926660847,0.6303172524205783,0.37520334078598977,0,0,0,0,0,0,0.449438202247191,0.864406779661017,0.40516402265170837,0.4795548749534974,0.9663381208698946,0.8998829712527745,0.4728494754228129,0.07833122755522946,1,0,0.03477436901698488,0,0,1,0,0,1
5857,1.0,0,0.0,0.6666666666666666,0.8571382072768702,1,0.33060770554916913,0.501918929727048,0.2581571813243138,0.5219270330003849,0,0,0,0,0,0,0.16853932584269662,0.9661016949152542,0.9481815123579894,0.24857776921195598,0.07202035065010078,0.28200121765170155,0.4163053165128208,0.4674098113936312,0,0,0.14951764925797031,1,0,0,0,0,1
5858,0.16666666666666666,0,0.3333333333333333,0.3333333333333333,0.19125825327182655,0,0.23105077853313885,0.42337136298268524,0.08648110443952621,0.809295930171093,0,0,0,0,0,0,0.6292134831460674,0.5932203389830508,0.4047276449600622,0.7856634426231887,0.6442216323609937,0.07232914180644776,0.957119081592637,0.318064378991042,0,1,0.8136029422392007,0,0,1,0,0,0
5859,0.5,1,0.0,0.3333333333333333,0.14931429486680403,1,0.7958335250665995,0.1596115379967488,0.7329780718490662,0.18652916868294048,1,1,0,0,0,0,0.3707865168539326,0.06779661016949153,0.28380385528085245,0.16014117454635715,0.4554224766781269,0.9337518394654739,0.17933131986511344,0.21993025359325635,0,0,0.7892025302358947,1,1,0,1,0,0
5860,0.36666666666666664,1,0.0,0.3333333333333333,0.6576057409506573,1,0.9032266728899433,0.40375690906141054,0.743714012750365,0.10036640810534771,0,0,0,0,0,0,0.5056179775280899,0.3559322033898305,0.7957950720819618,0.5032204602560895,0.6895030093258873,0.2575618937035816,0.08094136630967759,0.788116030548733,1,0,0.21176170550683152,1,0,0,1,0,1
5861,0.2,0,0.0,0.6666666666666666,0.4262266567609359,0,0.5737610392566314,0.03800491114787071,0.8314103598865843,0.4162211972066663,0,0,1,0,0,0,0.1348314606741573,0.6779661016949152,0.9421590569138258,0.8631721244695817,0.600958322571755,0.01668101857683577,0.5333218477996685,0.8560285434972749,0,1,0.040203018334617285,0,0,0,1,0,1
5862,0.1,1,0.3333333333333333,1.0,0.8142386864436334,0,0.8152984397551502,0.7334331580632242,0.9907188536850045,0.2693258515559428,0,0,0,0,0,0,0.651685393258427,0.1016949152542373,0.25370911142930974,0.2674443235763298,0.9319691983959243,0.7088395721844295,0.06166047181908851,0.004381238159694549,0,0,0.38358643251053015,0,0,0,0,0,0
5863,0.4,1,0.3333333333333333,0.0,0.07682125657906133,0,0.4237637478395918,0.16823063460075158,0.7518618653014763,0.9365007433946593,0,0,0,0,0,0,0.3258426966292135,0.6949152542372882,0.47239225989612493,0.22623008865071745,0.43421008689465806,0.4959828071352582,0.38407932961578933,0.7687373504017485,0,0,0.8652021060975643,1,0,0,0,0,0
5864,0.5333333333333333,0,0.0,1.0,0.5190033804555075,1,0.30516739794159853,0.2382717786679646,0.5824646651017544,0.7208115560659303,1,0,0,0,0,0,0.7865168539325843,0.8813559322033898,0.10942446731063288,0.09650856817184897,0.8179963291011274,0.39968335955510564,0.7809508454630443,0.2577371499965648,0,0,0.13602958505036009,0,0,0,1,0,1
5865,0.9,0,0.0,0.3333333333333333,0.33878316375101897,0,0.9982722189087544,0.49402499605010236,0.4690201633886295,0.6087848945095207,0,0,0,0,0,1,0.9438202247191011,0.6101694915254238,0.18282054488263638,0.21413933747156358,0.8256960859085751,0.8990388835692691,0.6598003218654399,0.3077806021031622,1,0,0.17631717865671362,0,1,1,0,0,1
5866,0.26666666666666666,0,0.0,0.6666666666666666,0.8461946045756201,0,0.5522308791827334,0.8157615528573872,0.8724838059025757,0.3169201538270048,0,0,1,0,0,0,0.47191011235955055,0.05084745762711865,0.8786125476737682,0.19850481507766132,0.9552743212455309,0.43706684523514944,0.11530168034573214,0.21796142271458016,0,0,0.5938863844528991,0,0,0,0,0,0
5867,0.06666666666666667,0,0.0,1.0,0.3280193773302282,1,0.930349099132078,0.47961200932915726,0.8229838083744228,0.11751723939095975,1,0,0,1,0,0,0.898876404494382,0.9152542372881356,0.7822755007407809,0.4221949399379141,0.630009354183357,0.23941291827164185,0.5970050850213907,0.9777615778559962,0,0,0.6503445698421023,1,0,1,0,1,0
5868,0.6666666666666666,0,1.0,0.0,0.4938355292651823,0,0.2744703199730187,0.38852785567542436,0.07847389181525319,0.48720197015413813,0,0,0,0,0,0,0.651685393258427,0.6610169491525424,0.09634929120428579,0.1324091488010611,0.5151531633059756,0.26392892221202274,0.06024903114727995,0.4021644931850197,1,0,0.06435631084943917,1,0,0,0,0,1
5869,0.16666666666666666,0,0.3333333333333333,0.0,0.24069019879287282,1,0.7727494114956625,0.7083443987691704,0.6790335131576413,0.7036498526571372,0,0,0,0,0,1,0.7191011235955056,0.5084745762711864,0.7569383375276867,0.9465020463384618,0.5548941763651071,0.6136569384871096,0.6654671695739754,0.973838253535639,1,1,0.9313771350265859,0,1,0,0,1,1
5870,0.5666666666666667,0,0.6666666666666666,0.6666666666666666,0.7953783180308482,0,0.7582782516975282,0.5795363642298964,0.728229197786403,0.26362327107285916,0,0,0,1,0,0,0.5056179775280899,0.576271186440678,0.22745739708925222,0.14089038222770184,0.620493763478144,0.13890136468025088,0.3354269477625543,0.29379306305561287,1,0,0.1733875275469442,1,1,0,0,1,1
5871,0.6333333333333333,0,0.0,0.3333333333333333,0.49271578044684344,0,0.09826720681124813,0.2595541300220832,0.5903267990862272,0.6435474034794438,0,0,0,0,0,0,0.5730337078651685,1.0,0.9997774444235606,0.47208716025050407,0.8798614703536601,0.9683413140109776,0.7553251351659158,0.25195461717928125,0,0,0.369914820138682,0,0,0,0,1,1
5872,0.3333333333333333,1,0.0,0.3333333333333333,0.3752337520108057,0,0.381476138953445,0.6127961413571514,0.5938580218758115,0.9282559704264814,0,0,0,1,0,0,1.0,0.3898305084745763,0.5823726688295834,0.31351567154881665,0.4343826981810812,0.4382053354194561,0.1576063301232789,0.4716425348363062,0,0,0.7496601825792434,0,0,0,0,0,0
5873,0.0,1,0.0,0.0,0.4555998326672794,0,0.3785428074143933,0.7258258447712964,0.15220744962046656,0.6538915546867938,0,1,0,1,0,0,0.07865168539325842,0.5423728813559322,0.19846320685895918,0.01886398352719159,0.8907815789680148,0.160083313944255,0.728091697568648,0.5110400508018451,0,0,0.46253189102123105,0,0,1,0,0,0
5874,0.2,0,0.3333333333333333,0.6666666666666666,0.695759524252794,0,0.762491954396186,0.9457012881008743,0.9782067978296939,0.9084372888951587,0,1,1,0,0,1,0.14606741573033707,0.2711864406779661,0.6540318198858797,0.23444175354964988,0.6048353919423585,0.5379031751422029,0.6752169992075142,0.21068412498300823,0,1,0.34661856400873325,1,0,0,0,1,1
5875,0.6333333333333333,1,0.0,0.0,0.7912291172846673,0,0.9402570835704759,0.11972438443395081,0.7494803234598332,0.2718832586835575,0,0,0,0,0,0,0.29213483146067415,0.11864406779661017,0.04417033264606639,0.2862709411695845,0.19543206732921248,0.8159762867838104,0.4611192765205141,0.4502122927033843,0,0,0.42600322551732445,0,1,0,0,0,1
5876,0.6333333333333333,1,0.0,0.6666666666666666,0.5881501740919308,0,0.555496742674777,0.39555579918225553,0.5381345332602969,0.02245004672585777,0,0,0,1,0,0,0.9662921348314607,0.22033898305084745,0.5476487164744879,0.7088371185999747,0.4110825910340873,0.9263929455883808,0.3521541464802929,0.5085746849043755,0,0,0.020295071746945538,0,0,0,0,0,0
5877,0.8333333333333334,1,0.3333333333333333,0.3333333333333333,0.9516046427396474,0,0.37524106963017845,0.5506147121927715,0.7905711108514489,0.834474916529359,0,0,1,0,0,0,0.47191011235955055,0.6271186440677966,0.49679639353977234,0.5218535453573941,0.23958508390915279,0.6042748146987672,0.5963847531113589,0.9642785622446559,0,0,0.12064693915923157,0,0,0,0,0,0
5878,0.1,1,0.0,0.3333333333333333,0.6500559808227571,0,0.12120381804839903,0.3315745288177236,0.45798572899797163,0.5542675628739963,0,0,0,0,0,0,0.8314606741573034,0.559322033898305,0.45860363511296637,0.3377001596961589,0.5094304684277925,0.690868590712931,0.6509748044170643,0.008966508908161176,0,1,0.9740701724210998,1,0,1,0,0,1
5879,0.4,0,0.0,0.3333333333333333,0.9694812661425292,0,0.8426680527880245,0.916105336338394,0.32909649755671677,0.7524090333933652,1,0,1,0,0,1,0.3595505617977528,0.3050847457627119,0.23856484978897344,0.230353655171614,0.9296222833317401,0.5615824184919498,0.24423538373177633,0.38258254712388473,0,0,0.18786610717535576,1,0,0,0,0,1
5880,0.06666666666666667,1,0.0,1.0,0.9571071847647491,0,0.8475408288322495,0.3877320845620792,0.42233074018056005,0.01829358302751033,1,0,0,0,0,1,0.8764044943820225,0.288135593220339,0.040099374778513316,0.6791010350205003,0.7463531275824169,0.7810236133683909,0.20368016246676157,0.01789441038148479,0,0,0.13031299174193783,0,0,1,0,0,1
5881,0.8333333333333334,0,0.3333333333333333,0.6666666666666666,0.5686757051745834,0,0.4714423299451413,0.8014307706766617,0.4271972738991957,0.6067974640609182,0,0,0,0,0,0,0.38202247191011235,0.9830508474576272,0.9681182454354701,0.8372738991523514,0.5216889490785848,0.033632963412477686,0.949037215023247,0.19579602750088018,0,0,0.40294672697523426,0,0,0,0,0,0
5882,0.23333333333333334,1,0.0,0.6666666666666666,0.019702140887210676,1,0.7006398294372423,0.08946418229073826,0.5733019764247812,0.09256410369403217,0,0,0,0,0,0,0.19101123595505617,0.22033898305084745,0.5219700830553862,0.7741511577331528,0.5980212349317051,0.4621543227156597,0.44807123304352214,0.5233981567666816,1,0,0.845961611380429,0,0,0,0,0,0
5883,0.3,1,0.0,0.6666666666666666,0.40543344412748494,0,0.10620238035009198,0.20151444218954834,0.5891779262244645,0.16974016147191012,1,0,0,0,0,1,0.797752808988764,0.8135593220338984,0.4471379622295389,0.9569230962774748,0.10612271258236297,0.2538374301369751,0.7425924384421885,0.5011982708650959,0,0,0.9334750362827049,1,1,0,0,0,0
5884,0.7,0,0.0,0.0,0.2435634603875671,1,0.8286346727358641,0.9484491921140772,0.5993159638651174,0.7004187854436275,0,0,0,0,0,0,0.12359550561797752,0.6610169491525424,0.7903443523143105,0.2132778356956506,0.15373271575049496,0.8753570209723587,0.028070870675495366,0.9406062982168975,0,0,0.9177630682501636,0,0,0,0,1,0
5885,0.5333333333333333,0,0.3333333333333333,0.0,0.9471412006410421,1,0.410566843020319,0.8399614952594554,0.7916250276187096,0.8234625133151854,0,1,0,0,0,0,0.5056179775280899,0.23728813559322035,0.7842865409415591,0.36080948029613963,0.4591752677467224,0.8288284869357326,0.06078751920456667,0.3160875525017464,0,1,0.5630589432760491,0,0,0,0,1,1
5886,0.8333333333333334,0,0.0,0.3333333333333333,0.9103501537484208,0,0.48120134097457584,0.3720753791149321,0.07267211345275913,0.8341315426975978,1,0,0,0,0,1,0.7865168539325843,0.7627118644067796,0.9772961632872553,0.9737988143503821,0.8649590172855725,0.4716432474580801,0.48083363228363357,0.3073303150008319,0,1,0.8629762422372033,0,0,0,0,0,1
5887,0.1,1,0.0,0.6666666666666666,0.6388157987485829,0,0.45194589864186324,0.950505922907997,0.9199018405005155,0.19667084108769925,0,0,0,0,0,1,0.47191011235955055,0.3220338983050847,0.46438007447937835,0.6237570748552062,0.8228044487389642,0.03352119155606706,0.4805506441382422,0.49283785761952315,1,0,0.21885002041453525,0,0,0,1,0,1
5888,0.43333333333333335,0,0.3333333333333333,0.6666666666666666,0.2017155640910616,0,0.28753031133675255,0.840651906894993,0.05261513189233548,0.5175780888234611,0,0,0,0,0,0,0.898876404494382,0.559322033898305,0.36725847708130105,0.2200186383682017,0.8551686990576216,0.3932752285579697,0.4199587168935513,0.4753049355152488,1,1,0.2688003502205709,0,0,0,0,1,1
5889,0.5666666666666667,0,0.6666666666666666,0.3333333333333333,0.40894465830608445,0,0.07708112802884026,0.37269528861681983,0.0893152624524924,0.052636004226660545,1,0,0,1,0,0,0.9887640449438202,0.3559322033898305,0.7500255658752009,0.33132858455006464,0.5743314064294294,0.615404320819758,0.15663195464153462,0.5487777788861273,0,0,0.19240630611497478,0,0,0,0,0,0
5890,1.0,1,0.0,1.0,0.4458026941421052,1,0.4180875436663232,0.7930160414906292,0.6752138575923822,0.275819629455459,0,1,0,0,0,0,0.033707865168539325,0.0,0.2353528275461008,0.5192715782496701,0.2738602843432304,0.1791800382646206,0.649783016598501,0.5440713695290403,0,1,0.5085181057940242,0,0,0,0,0,0
5891,0.6,0,0.0,0.3333333333333333,0.004679897049441333,1,0.9374134145843073,0.5923715987497756,0.21661667661748535,0.8117577640410474,0,0,0,0,1,0,0.20224719101123595,0.0,0.06600476978504315,0.43571489784470746,0.8265233853836973,0.5303409167273483,0.23305931119749015,0.3422830888773353,0,0,0.40337754008551113,0,1,0,0,0,1
5892,0.16666666666666666,1,0.3333333333333333,1.0,0.22423766865539704,1,0.94803867210868,0.10251252618669181,0.9356462227186364,0.9245311441766403,1,0,0,0,0,0,0.6292134831460674,0.6779661016949152,0.07372075711918719,0.8144417288262052,0.7706726275824424,0.012371511596203033,0.0014214814626227583,0.7542370161523004,0,0,0.9657897397110989,0,1,0,0,1,0
5893,0.7,0,1.0,0.0,0.7611708804958245,0,0.3937822384737793,0.23160556598789928,0.8903458297912992,0.6730815408714215,0,1,0,0,0,0,0.11235955056179775,0.8983050847457628,0.8055997605423161,0.7341512975647554,0.34230056096667133,0.015642197905164416,0.8848506652270989,0.13521793701352608,0,0,0.16581994103855177,0,0,0,0,0,0
5894,0.2,1,0.3333333333333333,0.3333333333333333,0.2538392696932649,0,0.03581889750011861,0.10525902611950558,0.8317519709790051,0.36101037866049523,0,0,0,0,0,0,0.7191011235955056,0.576271186440678,0.1463711768641805,0.8189986043800458,0.3195610800163407,0.015031717874551735,0.13508742218411907,0.387395591054623,1,0,0.8113576523075471,0,0,0,1,0,1
5895,0.5333333333333333,0,0.3333333333333333,0.6666666666666666,0.22561515339974772,1,0.5209720985418607,0.5485690579535567,0.17270871185521994,0.926974397317331,0,0,0,0,0,0,0.8876404494382022,0.8135593220338984,0.568221176452773,0.3030010887897694,0.9712613030503031,0.19445039836969075,0.4245542084704267,0.031356032536970384,1,0,0.06314068250855186,0,0,0,0,1,1
5896,0.8333333333333334,1,0.6666666666666666,0.6666666666666666,0.09842372749143866,0,0.9293930153224644,0.1423975184698441,0.153352898916741,0.5419235491627906,0,0,0,0,0,0,0.02247191011235955,0.559322033898305,0.12376408718095654,0.3445983908467992,0.9894329862269738,0.8509409304807131,0.8515805020945039,0.7488858764175459,0,0,0.13723891809982022,0,0,0,0,0,0
5897,0.06666666666666667,0,0.0,0.3333333333333333,0.8966228990479985,0,0.9965524827061122,0.16384209772713387,0.8911393771412818,0.005839178162398138,0,0,0,1,0,0,0.47191011235955055,0.3728813559322034,0.6197530729117109,0.610755074186988,0.17351430857690384,0.34855665358850124,0.9249780632060637,0.5288244996858379,0,0,0.19755753797606407,1,0,0,0,0,0
5898,1.0,1,1.0,0.0,0.373189749037011,1,0.6031845243160369,0.5988277887050428,0.9318134302278259,0.03389076253703201,0,0,0,0,0,0,0.651685393258427,0.03389830508474576,0.4921127542420791,0.12108492662582146,0.7075866952346975,0.20498264825858714,0.9066760882612778,0.626380091884321,0,1,0.2572105156027384,0,0,1,1,1,0
5899,0.5333333333333333,0,0.0,0.0,0.9133092409477442,0,0.4572922992490332,0.7859568086452379,0.9502981407068587,0.021874681848472497,0,0,0,0,0,0,0.5056179775280899,0.864406779661017,0.10339142711609113,0.3369780285607609,0.4618561280896316,0.8055229240027495,0.43312148179712784,0.4920161225282394,0,1,0.5351207554636388,0,0,0,0,0,1
5900,0.5333333333333333,0,0.0,0.3333333333333333,0.5291542121432117,0,0.45482599766243753,0.5228474752189284,0.32475982014596266,0.9820871129255131,1,1,0,0,0,0,0.5617977528089888,0.7966101694915254,0.5949387926173685,0.9263399267224476,0.5387647307630172,0.9574719020974046,0.03797858289878688,0.8203696006202116,0,0,0.6716397259562182,0,0,1,1,0,0
5901,0.7333333333333333,0,0.0,0.3333333333333333,0.8871042949798752,0,0.8475586799476774,0.9031770004472884,0.5830811410036132,0.3925352947491193,0,0,0,1,1,0,0.7415730337078652,0.01694915254237288,0.7180428026404034,0.443075443587471,0.9829887868670968,0.21550313334389926,0.727431093949518,0.016281306018130222,0,1,0.6603339183911964,0,0,0,0,0,1
5902,0.9333333333333333,0,1.0,0.3333333333333333,0.7096323641862818,1,0.2611881859751686,0.9107009557479914,0.9264992571630564,0.5387015619924589,0,0,0,1,0,0,0.3595505617977528,0.3050847457627119,0.9268517081364784,0.7536154440266147,0.6258422916707211,0.7409677178790972,0.3136875347134256,0.25655682992576734,0,0,0.9030663015834134,0,0,0,0,0,0
5903,0.4,0,0.3333333333333333,0.6666666666666666,0.06508837527240101,1,0.7959896884723315,0.3050406377474829,0.574917759548916,0.1075650118148239,0,1,0,1,0,0,0.6292134831460674,0.3559322033898305,0.23141555311709583,0.7870342589587874,0.3138222296784169,0.9340852448809972,0.4797949031397355,0.37757512511188146,1,0,0.7904501923832665,0,0,0,1,0,1
5904,0.3333333333333333,0,0.0,1.0,0.6773821364215308,0,0.882059597412565,0.24241967891050983,0.33020549521722714,0.6856982684494614,1,0,0,0,0,0,0.14606741573033707,0.03389830508474576,0.32968593287773756,0.5124585715660228,0.920207600554845,0.4232150773397401,0.07516849534929015,0.9668287588251622,0,0,0.027253530759808582,0,0,0,0,0,0
5905,0.06666666666666667,1,0.0,0.3333333333333333,0.426404977864799,0,0.5690957372827576,0.8117509959381747,0.28862650350043145,0.471684769589568,0,1,0,1,1,0,0.5393258426966292,0.6271186440677966,0.5618756119544844,0.9309086426780823,0.49308170231948634,0.43206347627916797,0.1583618363075052,0.20744109915232847,0,0,0.9305780800124006,0,0,0,0,0,0
5906,0.6,0,1.0,0.6666666666666666,0.4750141299869558,0,0.4492659590375452,0.4568462279533855,0.06681917526017027,0.6577945549361132,0,0,0,0,0,1,0.7528089887640449,0.576271186440678,0.3944574086745439,0.7401561044267843,0.27095530532063816,0.23938480625094363,0.6520543688273729,0.05376741670516473,0,1,0.503787025342888,0,0,0,0,1,1
5907,0.4,0,0.3333333333333333,0.6666666666666666,0.7527552045288365,0,0.9022506217521422,0.8610435639411237,0.24145121558919996,0.2655619498861711,0,0,0,0,0,0,0.33707865168539325,0.5254237288135594,0.3196516413491494,0.6593044769035101,0.9997253450079279,0.6689972469843702,0.1012394637476316,0.43807763537085576,0,0,0.019964104052307592,1,0,0,0,0,1
5908,1.0,1,0.0,0.6666666666666666,0.2850471460005198,1,0.5035619354013527,0.4683335142386667,0.96926494889071,0.5838918511617869,0,0,1,0,1,0,0.30337078651685395,0.7288135593220338,0.509781601777548,0.39044411703531823,0.35563158390277433,0.07467478082284715,0.769472086665529,0.354597089040178,0,1,0.12823767202888192,0,0,0,0,1,1
5909,0.9333333333333333,0,0.0,0.3333333333333333,0.024571269828382775,0,0.6988915428097446,0.4581778467891916,0.8360918413926771,0.482398307834632,0,0,0,0,0,1,0.7865168539325843,0.13559322033898305,0.8718565415647807,0.9639663167851317,0.584183193452115,0.5127872209593795,0.7569811599689422,0.40903485197519274,1,0,0.3318136521816152,1,0,0,0,1,1
5910,0.9333333333333333,1,0.3333333333333333,0.0,0.4535960510536415,0,0.8901588111403795,0.10141127335498877,0.570494458256047,0.8874773655629782,0,0,0,0,0,0,0.9662921348314607,0.288135593220339,0.4059753556377533,0.05262501251120717,0.9587571587720939,0.4472407828462805,0.48300191830997913,0.7310309892661457,0,0,0.6800462733219331,1,0,0,0,1,0
5911,0.4,0,0.3333333333333333,0.0,0.9461072847249878,1,0.7719575578640403,0.4443086858652954,0.11361466918513352,0.23147628525922556,1,0,0,0,0,0,0.2696629213483146,0.1694915254237288,0.23317724875695733,0.043012332748832434,0.19568926066566647,0.6878873547707717,0.18793980287264345,0.9951964396826617,0,0,0.5792233800279798,0,1,0,0,0,0
5912,0.6333333333333333,1,0.0,1.0,0.270131009356374,0,0.5683214786260162,0.4793317936292961,0.5790964640822948,0.20102953341209373,0,0,0,0,0,1,0.15730337078651685,0.3389830508474576,0.43620669638356085,0.4201897898570548,0.10934454106572539,0.7079189723346515,0.3286718538343625,0.6875914836254139,0,0,0.3766712870823559,0,0,0,0,0,0
5913,0.1,0,0.6666666666666666,1.0,0.11012072920813672,0,0.12602921090836663,0.09251653946687302,0.6689980495397124,0.9232880769003478,1,1,1,0,0,0,0.23595505617977527,0.1694915254237288,0.5434153290738605,0.5417302235620219,0.24743024677275316,0.8558304420314593,0.7241115356754219,0.8263015343591757,1,0,0.7558809327988775,1,0,0,0,0,0
5914,0.8666666666666667,0,0.3333333333333333,0.6666666666666666,0.8659247780955243,0,0.8045408311900982,0.7832137402202729,0.9950734180165696,0.34846417970968974,0,1,0,0,0,0,0.8202247191011236,0.06779661016949153,0.9344176367938292,0.4902506187200489,0.27137655490579415,0.6011417687068705,0.1836758984033091,0.40466624083456976,0,0,0.7904115347445005,0,0,0,1,1,0
5915,1.0,0,0.0,0.3333333333333333,0.329178944827185,1,0.7187186205589613,0.8521724612797731,0.8449507183278234,0.5069533904247802,0,0,0,0,1,1,0.0,0.1864406779661017,0.4570161995539897,0.6624341858880091,0.7497971378094861,0.7373400645737465,0.11768857575428296,0.0155380797157497,1,0,0.38002716677895393,0,1,0,0,1,1
5916,0.7666666666666667,1,0.0,1.0,0.8003718226467711,1,0.16133097206721542,0.19238715997581818,0.551814349206577,0.08012856350759506,0,1,0,0,0,0,0.5056179775280899,0.2711864406779661,0.34140409162213,0.38475824421856014,0.14401026596562239,0.8047433939566727,0.02845801466086146,0.35631352293685975,0,0,0.7130917700889917,0,0,0,1,1,0
5917,0.9666666666666667,0,0.0,0.3333333333333333,0.18766295893659907,0,0.49512923647498885,0.7078848556669307,0.49772074070538846,0.3712578001127929,0,0,0,0,0,1,0.0449438202247191,0.423728813559322,0.2539980412070156,0.784582911862809,0.5769188316597934,0.161753959234201,0.805911740744096,0.8062655194112033,0,0,0.7293168632120309,0,0,0,0,0,0
5918,0.3333333333333333,0,0.0,0.6666666666666666,0.3956696921486638,1,0.5595937520082906,0.8951351476484171,0.06534068855098944,0.4064026821519063,0,0,0,0,0,0,0.30337078651685395,0.7796610169491526,0.5521510473225445,0.3168232335160485,0.09565108171668822,0.7166372113381722,0.6247999156772855,0.8492578130578836,0,0,0.5016638411484824,1,0,0,0,0,0
5919,0.2,1,0.0,0.3333333333333333,0.14650776621189512,1,0.483451917883204,0.2996372989405072,0.8048075555696605,0.5456843530779397,1,0,0,1,0,0,0.9662921348314607,0.6271186440677966,0.07832348399381003,0.2263513937821444,0.9351720296790983,0.45346981890592736,0.19171997329816035,0.6431390558146843,0,0,0.32845798444127977,0,0,1,0,1,0
5920,0.36666666666666664,1,0.3333333333333333,0.6666666666666666,0.8325241283733248,0,0.2708901040805351,0.7122953049398839,0.22735312499127583,0.0849350696126023,0,0,1,0,1,0,0.5168539325842697,0.9152542372881356,0.14993521410183197,0.39088861618294246,0.4296682422654882,0.6115273964150587,0.1709877599456403,0.7013097014800299,0,0,0.579637075765602,0,0,0,0,1,0
5921,0.9,0,0.0,0.3333333333333333,0.8166077894950112,0,0.9561023600912936,0.6386669959945706,0.48216249429137553,0.9505540718349332,0,0,0,1,0,0,0.2808988764044944,0.9830508474576272,0.11612749521475497,0.07018315160678647,0.7506741658030945,0.977019410342308,0.7830397616446683,0.8119485836691345,0,0,0.13290721353756102,0,0,0,0,0,0
5922,0.6333333333333333,1,0.0,0.3333333333333333,0.29664955093657996,1,0.27901006015795304,0.09615980066641602,0.6684776140379799,0.8773255246227337,0,0,0,0,0,0,0.4943820224719101,0.11864406779661017,0.026835253121777196,0.5847557047760781,0.7615677043304406,0.5526236332402681,0.3713771388706182,0.7062123670644833,1,0,0.6132314955707016,0,0,0,0,0,0
5923,1.0,0,0.6666666666666666,0.6666666666666666,0.4679335796793572,0,0.9719534774784155,0.66579087377028,0.21986780216025595,0.5748596187500264,0,0,0,1,0,0,0.4044943820224719,0.6949152542372882,0.815549425939847,0.5541265308522316,0.6188226507120375,0.07803829658632519,0.9357515391934215,0.30032986333416195,0,0,0.487977220391117,1,0,1,0,0,0
5924,0.7666666666666667,1,0.0,0.0,0.5159593588938748,1,0.711362869788602,0.23384584713092715,0.7674285507813272,0.5037752886785112,0,0,0,0,0,0,0.6966292134831461,0.15254237288135594,0.47413005386052326,0.5157257679529412,0.09925417087417568,0.5031307205774493,0.06836680002454741,0.8158452605332025,1,0,0.45389451549143867,0,0,0,0,0,1
5925,0.23333333333333334,0,1.0,1.0,0.0050596322856573134,0,0.026634186186378226,0.23364288191800314,0.28245211069467685,0.734626249225995,0,0,0,1,1,0,0.21348314606741572,0.4406779661016949,0.09286001457307047,0.7961823768250519,0.8547082413882329,0.8004840683218135,0.23591981961684652,0.70055479791362,0,1,0.6682199964684679,0,0,0,0,0,0
5926,0.7,1,0.0,0.0,0.8315316950513351,0,0.31917948531702955,0.020775534021138624,0.7690126177494582,0.6196777718730945,1,1,0,0,0,0,0.7303370786516854,0.5084745762711864,0.22111464336270403,0.9776799401030997,0.6438202783807653,0.666274340031037,0.5827223276717878,0.13718099288848917,0,0,0.4782574565335406,1,1,0,0,0,1
5927,0.2,0,0.0,0.6666666666666666,0.9464132562655083,0,0.15839790853912797,0.5533959623590881,0.3773435836364657,0.3967256957905877,0,0,0,0,0,0,0.24719101123595505,0.3050847457627119,0.6043053909997228,0.9441514356673729,0.10410154306498345,0.30405037453872824,0.9191885809486983,0.7976116378186291,1,0,0.7033070394236974,1,0,0,1,0,0
5928,0.5,0,0.3333333333333333,0.3333333333333333,0.9131767876114545,0,0.8156303412497149,0.9377145311462828,0.9271714665351278,0.3290408790264631,0,0,0,0,0,1,0.4044943820224719,0.9491525423728814,0.003218010322522572,0.4877641756401928,0.8190577619161277,0.23534984897445088,0.5348092168913282,0.04483127602165744,1,0,0.3967833057883392,0,0,0,0,1,1
5929,0.3,0,0.0,0.6666666666666666,0.04674298146575041,1,0.9288822275541112,0.20176755709729371,0.990606966264383,0.24240150733972404,0,0,0,1,0,0,0.6741573033707865,0.22033898305084745,0.500822134635412,0.45762256832297565,0.672945265070806,0.6930830269628754,0.7887456181547499,0.6459512290781585,0,0,0.8705528425314532,0,0,0,0,0,0
5930,0.7333333333333333,0,1.0,0.0,0.15341783466028824,0,0.1472037485510606,0.07315969658058734,0.5879695992975875,0.5917860834854635,1,0,0,1,0,1,0.9438202247191011,0.9661016949152542,0.7173639925549967,0.0723301611982882,0.8036147219608369,0.4264309184461823,0.7246964740800782,0.1670408221068793,0,0,0.9173624751385983,0,0,0,0,0,0
5931,0.6666666666666666,0,0.0,0.0,0.966104176988395,0,0.598376950284987,0.611893776170259,0.6538785947751146,0.19993606641880232,0,0,0,0,0,0,0.21348314606741572,0.1694915254237288,0.7201491810726053,0.8897888115754586,0.6638465743109776,0.23499721952307162,0.713337343650637,0.5773756038143136,0,0,0.7626246620411224,0,0,1,0,1,0
5932,0.9333333333333333,0,0.3333333333333333,0.6666666666666666,0.7360626512503518,1,0.21367612843921185,0.8473715544884056,0.4546788551279998,0.9557440801353059,0,0,0,0,0,0,0.3258426966292135,0.7288135593220338,0.213621345245749,0.9353369803873206,0.8586595871182624,0.17053416034803892,0.6707292372131269,0.7303016895867613,1,0,0.13716866748258452,1,0,0,0,0,1
5933,0.5,1,0.0,0.3333333333333333,0.5101431163233151,0,0.22603317889145033,0.8877199936207002,0.02603538721036219,0.09335905818056917,0,0,0,0,0,0,0.5955056179775281,0.7288135593220338,0.874210006441633,0.7808492373548593,0.6689715594153465,0.5836854988515987,0.13908906393351503,0.5212906646962127,0,0,0.6459771404968095,0,0,0,1,1,0
5934,0.5333333333333333,0,0.6666666666666666,0.3333333333333333,0.21096303326384547,0,0.4327111303456789,0.45504015582636953,0.2459197321950712,0.9139091899068511,0,0,0,1,0,1,0.5056179775280899,0.2542372881355932,0.02811132616179642,0.3275971327346856,0.791537347049794,0.43130216604930277,0.8957043893034815,0.9938349181662985,0,0,0.9683490736878796,0,0,0,0,1,0
5935,0.1,1,0.6666666666666666,0.6666666666666666,0.5905344060046859,1,0.7288249142553826,0.010957603993504329,0.1124488234783015,0.34009528911652004,0,0,1,0,0,0,0.550561797752809,0.9152542372881356,0.8740796529594963,0.6527250286575945,0.7793176410881917,0.9133881313332841,0.6797596645467688,0.9209642117029605,0,0,0.5243334356871753,0,0,0,0,0,0
5936,0.5666666666666667,1,0.3333333333333333,0.0,0.28936934616635135,0,0.1394892042954882,0.47357704998688244,0.6929015555796756,0.43950148076086415,0,0,0,0,0,0,0.12359550561797752,0.22033898305084745,0.24950908034852803,0.31333954998789487,0.2980450306263204,0.8357892947212607,0.20097605177731423,0.8462740772930928,0,0,0.8203379013522332,1,0,0,0,0,0
5937,0.2,0,0.3333333333333333,0.3333333333333333,0.5769908322930326,1,0.7106847454171841,0.7552032872941079,0.7465598515703853,0.5613817261491035,0,0,0,1,0,0,0.6629213483146067,0.01694915254237288,0.8013087508733794,0.26005291954415893,0.04169607233433732,0.06493105820891844,0.8627925431944935,0.051387597918686155,0,0,0.7887387183271714,0,0,0,1,0,0
5938,0.3,1,0.6666666666666666,0.0,0.7058913953227759,0,0.8381846740539557,0.5733917231690093,0.6054303986272589,0.9578603393509768,0,0,0,0,0,0,0.6292134831460674,0.2711864406779661,0.2576310966957072,0.6204320123173537,0.7163454201078338,0.7487731704750723,0.4358047498130859,0.7731577249286017,0,0,0.7289099409678054,0,0,0,0,0,0
5939,0.16666666666666666,0,0.0,1.0,0.17695521550467905,0,0.3079128446523423,0.9823384236588774,0.18144481862736464,0.4062930440949169,1,0,0,0,0,0,0.0898876404494382,0.1016949152542373,0.4753518957239692,0.8151960660076241,0.32375922024044496,0.6570480847049164,0.1523235404997644,0.9814177786042714,0,0,0.8688034009877642,0,1,0,0,0,0
5940,0.9666666666666667,1,0.0,0.0,0.9691441115621081,0,0.3552909495450449,0.07353444143426273,0.8680977150767961,0.3992918720080607,1,0,0,0,0,0,0.5280898876404494,0.5084745762711864,0.5666090785556115,0.7731233284522839,0.7018541379037586,0.05281077438364439,0.8530036118426515,0.696041778854158,1,0,0.11077727543136849,1,0,1,0,0,0
5941,1.0,0,0.0,0.0,0.6814451826692296,0,0.5616427334095828,0.3401528130374763,0.7048697852499433,0.26554113543920543,0,0,0,0,1,0,0.9550561797752809,0.6271186440677966,0.517004647050458,0.050358970394418154,0.44127297781434127,0.10425512999448887,0.2114848282844889,0.411697009328208,1,0,0.8837840646782236,0,0,0,0,0,1
5942,0.36666666666666664,1,0.6666666666666666,0.3333333333333333,0.7418974834584136,1,0.878960421535698,0.860759702767338,0.5370775631585256,0.04085374850651135,0,0,0,0,0,1,0.34831460674157305,0.3559322033898305,0.7515659618932825,0.6253045732478613,0.1932024332719762,0.8311158358917629,0.3089568887611218,0.32662604461947714,1,0,0.19636554334291056,0,1,1,0,0,1
5943,0.9333333333333333,0,0.0,0.3333333333333333,0.7994264571426142,1,0.7021870967667965,0.05856925918371964,0.8156423993472133,0.0767735246198392,0,0,0,0,0,0,0.056179775280898875,0.1694915254237288,0.5344822572436344,0.2676885869648068,0.4954033594590478,0.2944159596700119,0.7017806885287895,0.9573575738818254,0,1,0.11587559696652412,0,0,0,0,1,1
5944,0.26666666666666666,1,0.0,1.0,0.8492603289269266,0,0.6729019626906465,0.7703952079321718,0.24796111093245335,0.9588719680788406,0,0,0,0,0,0,0.7528089887640449,0.11864406779661017,0.1666302121894579,0.5305799700361155,0.5780889061209442,0.9808148032713753,0.23415103103950008,0.8265300123812845,1,0,0.5847509438507923,0,0,1,0,0,0
5945,0.7666666666666667,1,0.0,0.0,0.450416727927879,1,0.7059069039218427,0.13969590757869413,0.3518505042736453,0.09534571277112257,0,0,1,0,0,0,0.9438202247191011,0.6271186440677966,0.3413546828520322,0.09338193552592526,0.6668067310266801,1.0,0.17980061115844218,0.6285179283537902,0,0,0.43611346087561176,1,0,0,1,0,0
5946,0.16666666666666666,0,0.0,0.6666666666666666,0.9084805055840508,1,0.26043653355642693,0.17156764855833945,0.3475043531259974,0.4750706928002287,0,0,1,0,1,0,0.449438202247191,0.1694915254237288,0.6254613801794535,0.633629402720686,0.14529938228467865,0.7910467355946718,0.7306854415376631,0.18269674572456754,1,0,0.006839346950249112,0,1,1,0,1,1
5947,1.0,0,0.3333333333333333,0.3333333333333333,0.8255741986093439,1,0.6303665007079858,0.08092977490509574,0.23013785057519529,0.7257015384977166,0,0,0,0,0,0,0.43820224719101125,0.06779661016949153,0.2914626236768026,0.5956321835916639,0.48280949647097127,0.09479437763429426,0.8761718287785593,0.08350017995596333,1,0,0.027161551453506953,1,0,0,0,0,0
5948,0.43333333333333335,0,0.0,0.3333333333333333,0.5642704726831035,0,0.8672212410533842,0.10164770267828083,0.16581675746799826,0.2567588896285216,1,0,0,1,0,0,0.6404494382022472,0.7457627118644068,0.5752074931400246,0.2660668262078298,0.4212522368665018,0.36127611108635915,0.9330461682664017,0.11020239768647959,1,0,0.9647876500316068,0,0,0,0,0,0
5949,0.2,1,0.0,0.6666666666666666,0.8464763756207649,0,0.49529348349420216,0.6380794486730565,0.21733729111818784,0.08785660206119289,0,0,0,1,0,1,0.1348314606741573,0.6101694915254238,0.017511901086451752,0.17592002962573783,0.6631791437532258,0.027785795551179483,0.7761454134937098,0.8821023984980823,0,0,0.41132239495686246,0,0,0,0,0,0
5950,0.5666666666666667,0,1.0,0.0,0.4577572077218817,0,0.24843181517816465,1.0,0.8920795102674994,0.5521199764093077,0,0,1,1,0,0,0.29213483146067415,0.03389830508474576,0.5852124530841092,0.39439576531607257,0.44440718026672593,0.6115205538993413,0.7505866653288574,0.6559764255301096,0,0,0.012777819113785265,0,0,0,0,0,0
5951,0.9,1,0.6666666666666666,0.6666666666666666,0.6574336701185697,0,0.7984912864067681,0.6747525888876312,0.3951864804506223,0.15159421745329915,0,0,0,0,0,1,0.16853932584269662,0.7796610169491526,0.2704993748128296,0.9314304105817711,0.6836539101391542,0.35815411247701584,0.13347842881588046,0.4325240147957388,0,0,0.022096537258859957,0,0,0,0,1,1
5952,0.5666666666666667,0,0.0,0.3333333333333333,0.12362012760926352,1,0.09038599327785198,0.45513802789398494,0.30767983777287633,0.7353894968482583,0,0,1,1,0,0,0.3146067415730337,0.423728813559322,0.6982516045680666,0.02352129279949586,0.9760766515008743,0.2711965602640825,0.7499132643205629,0.3610700322992171,1,0,0.6021522274804872,0,0,0,0,0,1
5953,0.43333333333333335,0,0.0,0.6666666666666666,0.5323320006252346,0,0.8396504775612706,0.7449052972479405,0.3476575294540419,0.1511817347443575,0,0,0,0,0,0,0.5280898876404494,0.7288135593220338,0.6036613431286297,0.8092301724453085,0.6779595548767854,0.8367541340693351,0.3923825240288756,0.8774010634107144,0,1,0.06961805947359342,0,1,1,0,0,1
5954,0.13333333333333333,0,0.3333333333333333,0.3333333333333333,0.08457929483522128,0,0.16103502356363633,0.29936734541584686,0.06208911814309428,0.3736267463995556,0,0,0,1,0,0,0.21348314606741572,0.13559322033898305,0.09235970610443356,0.8971195936340708,0.79554516872489,0.2586168398279835,0.5186182072898833,0.0643304872107477,0,0,0.1272036845815891,1,0,0,0,0,1
5955,0.23333333333333334,1,0.0,0.6666666666666666,0.03924756485470179,0,0.28560754539273775,0.5184429313111176,0.6591250897608774,0.9193561190285945,0,0,0,0,0,0,0.7865168539325843,0.6271186440677966,0.48772650204857304,0.7508788987099818,0.9174178466606953,0.9616644192808798,0.02919750480884953,0.5627361721912479,0,0,0.6390998074343096,1,1,0,0,0,0
5956,0.8,1,0.0,0.6666666666666666,0.752286824042126,0,0.3524251250287452,0.6175784456416942,0.9179899735188939,0.14380435118022664,0,0,0,0,0,0,0.5393258426966292,0.22033898305084745,0.5921317765878766,0.03394897009663486,0.15268010874653334,0.4038548282539149,0.23018121277161838,0.40113066460322316,1,0,0.43166965606121305,0,0,0,0,0,1
5957,0.16666666666666666,0,0.0,0.6666666666666666,0.09244387744518925,0,0.16296970962848276,0.545881157370373,0.7414585472514751,0.7090852818800998,0,0,0,0,0,1,0.6404494382022472,0.711864406779661,0.7085156829282243,0.6575946294799093,0.32456355525428987,0.7415978191282716,0.2238942948318337,0.08554232611722487,0,0,0.015682102690424637,0,0,0,1,1,1
5958,0.06666666666666667,1,0.6666666666666666,0.3333333333333333,0.2450369966471448,0,0.29207139672681215,0.43257534849078366,0.7231166770863047,0.5080105426385483,1,1,0,0,0,0,0.7640449438202247,0.4067796610169492,0.48058652060035206,0.7193143053255168,0.4300732007883286,0.896175123123155,0.02950601119586247,0.8965388734882632,0,0,0.9046738127956386,0,1,1,0,0,0
5959,0.03333333333333333,1,0.0,0.3333333333333333,0.5222476576735434,0,0.6348872933864129,0.2419705287347821,0.40533005277632983,0.04662272321494535,0,0,0,0,0,0,0.06741573033707865,0.4915254237288136,0.806169595443956,0.49559138842283945,0.8445622749640773,0.9736866573221532,0.8159868093990863,0.5998834848849366,0,0,0.04421037533426389,0,0,0,0,0,0
5960,0.4,0,0.3333333333333333,0.6666666666666666,0.6259170749139177,0,0.22268414984007925,0.07656397209164738,0.49741197116513897,0.6191387908957391,0,1,1,0,0,0,0.38202247191011235,0.3220338983050847,0.4901758738973573,0.8237208403313502,0.7234417452215509,0.6914387083244976,0.37512474206623425,0.3596213823418858,0,0,0.6933446167292459,0,0,0,0,0,0
5961,0.8666666666666667,1,1.0,0.3333333333333333,0.5651010858214756,1,0.6173932711735753,0.2968403349202502,0.048110696040452317,0.9120730951388218,0,0,0,0,1,0,0.20224719101123595,0.23728813559322035,0.06887370530105484,0.6642165237595501,0.5836154362361079,0.008507971051606108,0.7196546981722529,0.8625260753274404,0,0,0.9755139533319425,0,0,0,0,0,0
5962,0.06666666666666667,0,1.0,0.3333333333333333,0.14581552511427034,0,0.45223292195684567,0.41580748467999057,0.11752136916522961,0.4244651119612797,0,0,0,0,0,1,0.651685393258427,0.559322033898305,0.42110705715001195,0.6873228605003042,0.11978250569384453,0.46709576094584254,0.7154513297026638,0.4716061762370071,0,0,0.29564327579396554,0,0,0,0,0,1
5963,0.03333333333333333,0,0.0,0.3333333333333333,0.2977107389582466,0,0.7673393344143089,0.8649143063604564,0.8070283664636805,0.39432480180800245,1,0,0,1,0,1,0.29213483146067415,0.9152542372881356,0.8779189016289185,0.42904101387262744,0.3006377537638322,0.5748880351799189,0.7591547152094861,0.6095796456379398,0,0,0.9899869806637914,0,1,1,0,0,0
5964,0.5666666666666667,0,0.6666666666666666,0.0,0.9899920853815932,0,0.13305687511085218,0.9516810567405916,0.2275183879762886,0.4330862050915212,1,0,1,0,0,1,0.11235955056179775,0.4576271186440678,0.009392839633262108,0.9433197156288365,0.2687113478552364,0.44635104260707076,0.6206027519703031,0.863555056536031,0,0,0.7451775827852409,0,0,1,1,0,0
5965,0.9,0,0.0,0.6666666666666666,0.5667254689661464,1,0.08087762159975417,0.9466967036616679,0.20506396409479502,0.5998263741902751,0,0,0,0,0,0,0.3707865168539326,0.864406779661017,0.36653161938029727,0.15739056388499398,0.6529478115384204,0.7994212885355696,0.4171837986617238,0.9026421347840906,0,0,0.11066705466189519,1,0,0,0,1,0
5966,0.4666666666666667,0,0.0,0.6666666666666666,0.13064668921959907,0,0.8267559991165289,0.34607643875944716,0.12929270336874044,0.7620790453663058,0,0,1,0,0,1,0.4606741573033708,0.5084745762711864,0.9330807510498215,0.3253992964135292,0.009907598177692463,0.8055017369647761,0.05032910479690404,0.7509483785063112,0,0,0.2818893028407018,0,1,0,0,0,0
5967,0.23333333333333334,1,0.0,0.6666666666666666,0.33110708339925904,0,0.6252882872121928,0.805628969157093,0.629259021887219,0.28955352895623937,1,0,1,1,0,0,0.4157303370786517,0.4745762711864407,0.9909871371572176,0.6951244687977041,0.12944759293032254,0.38870124248933635,0.7842557157754494,0.8412098874629085,0,1,0.2902677334175646,0,0,0,0,1,1
5968,0.6,0,0.3333333333333333,0.6666666666666666,0.7661863313170133,0,0.9511720179355858,0.6479726367554673,0.009958667804925258,0.25907581636375454,0,0,0,0,0,0,0.20224719101123595,0.5423728813559322,0.06063240241331269,0.2946680114288628,0.3885828785227135,0.304046029568537,0.34721238834850915,0.5234492767202787,1,0,0.03255466006447984,0,0,0,0,1,1
5969,0.8666666666666667,1,0.0,0.3333333333333333,0.8248694714148387,0,0.42125978987596746,0.7882208011613758,0.9969648122690636,0.04263857699937513,1,0,0,0,0,0,0.5168539325842697,0.1864406779661017,0.05175112511028327,0.010605525677376116,0.7949779173585303,0.6929088877389752,0.5082113564843374,0.276455838143553,0,0,0.003025138315204293,0,1,0,0,0,1
5970,0.6333333333333333,0,0.0,0.6666666666666666,0.5019626115393121,1,0.6345479241786105,0.9457354631399535,0.12016498489706551,0.6814020030289362,0,1,1,0,0,0,0.3595505617977528,0.2711864406779661,0.5836973447344217,0.07532508380500559,0.16896832374878357,0.3507481354432936,0.30146630388605505,0.5625630619954631,1,0,0.930647294819426,1,0,0,0,0,0
5971,0.03333333333333333,0,0.3333333333333333,0.0,0.017494590256611917,0,0.5171040108302846,0.44340571034410414,0.7119933381510171,0.4906778678192911,0,0,0,0,0,0,0.20224719101123595,0.1864406779661017,0.581450863851315,0.2549477400743637,0.04961955137494763,0.8787458353886639,0.6083210129003785,0.7525709768641764,0,0,0.13449423741084732,0,1,0,0,0,0
5972,0.7,1,0.0,0.3333333333333333,0.9034507030149656,1,0.9800900159123959,0.5522204475773489,0.4694907653494441,0.6991405401914107,0,0,0,1,0,1,0.0449438202247191,0.7966101694915254,0.5182472185252309,0.21892554532668468,0.5463953876719215,0.8307446330767233,0.6875360148574626,0.8991210538684155,0,0,0.08217402726516686,0,0,0,0,1,0
5973,0.23333333333333334,1,0.3333333333333333,0.6666666666666666,0.5999163155876059,0,0.29766403128243335,0.47830441881410524,0.8973510875112949,0.9330742845766004,0,0,0,0,1,1,0.8539325842696629,0.1864406779661017,0.22229396302863866,0.1567049200567589,0.6861411508135264,0.952411733803401,0.5210878111775367,0.7087390552042079,0,0,0.007648658069545852,0,1,0,1,1,0
5974,0.8,1,0.0,0.3333333333333333,0.08451734640325938,1,0.2925314545968415,0.361105787896562,0.9377409377354305,0.606359491064369,0,0,0,0,0,0,0.9775280898876404,0.576271186440678,0.3771560502330201,0.4808654546314646,0.5786387546702919,0.796101750212273,0.8200607620212117,0.8510255583362385,1,0,0.01528916249520187,0,1,0,0,0,0
5975,0.36666666666666664,1,0.3333333333333333,0.3333333333333333,0.7443407647029472,0,0.22985490356766128,0.12014787132794282,0.2619881752345105,0.8369160128562083,0,0,0,0,0,1,0.07865168539325842,0.3220338983050847,0.6196303296066816,0.2155913077759477,0.9608620986951728,0.5737561027057767,0.6493809749096411,0.480918987070248,0,0,0.1561515193919308,0,0,0,0,0,1
5976,0.9666666666666667,0,0.0,0.6666666666666666,0.7896908646349924,0,0.7305042037222746,0.3744371663381954,0.36561903843566745,0.8186799457397849,0,0,0,0,0,0,0.4157303370786517,0.05084745762711865,0.327997148431531,0.2823819451361843,0.00014617744085505886,0.5779604460318855,0.7649540429677367,0.18129261486769857,1,0,0.31843379334971145,0,0,1,0,1,1
5977,0.7666666666666667,1,0.0,0.0,0.5088846174975034,0,0.09196600956446524,0.113670234291206,0.995648562740642,0.9013175018976587,0,0,0,0,0,0,0.2696629213483146,0.423728813559322,0.4956463587582575,0.5938613615736416,0.9929226505656781,0.9518210233491363,0.44412753672504146,0.3780604042190151,1,1,0.017756989015330148,0,1,0,0,0,1
5978,0.8,1,0.0,0.3333333333333333,0.7474952677687435,0,0.4731350502230263,0.11582413027295245,0.414558850631526,0.13812674886772466,1,0,0,1,0,0,0.1797752808988764,0.9661016949152542,0.3531052113212124,0.5819111362873675,0.07786099476601435,0.6782308132707898,0.7144439905001839,0.4989703963045744,0,1,0.5306326125569352,0,0,0,0,1,1
5979,0.8333333333333334,0,0.0,0.3333333333333333,0.37380643698764265,0,0.7888698896985882,0.7975124901790125,0.03924156743581147,0.867857807002669,0,0,0,0,0,0,0.7078651685393258,0.2542372881355932,0.24747900242624593,0.7362657396535537,0.7487615794136728,0.6982377798979184,0.269584164476412,0.10782401488515395,0,1,0.5299383873035025,1,0,0,0,0,1
5980,1.0,0,0.0,0.0,0.5490467190395346,1,0.8404603229358364,0.17895101019451629,0.021855377817387618,0.672272039490054,0,0,0,0,0,1,0.5056179775280899,0.5932203389830508,0.059134198617843574,0.35708025208315525,0.9700941025628348,0.721102921230103,0.22473602255851038,0.13523815226836008,1,0,0.1654312908915487,0,0,0,0,1,1
5981,0.9666666666666667,1,0.6666666666666666,0.3333333333333333,0.7043661807511643,1,0.7913533138597876,0.7137748021212245,0.6684998286211707,0.08737488403411195,1,0,0,0,0,0,0.9101123595505618,0.423728813559322,0.7456956927847147,0.44223977413468607,0.084319570211946,0.37213366359407457,0.9906736772745737,0.24471078539110658,0,0,0.469272464192958,0,0,0,0,0,0
5982,0.8,1,1.0,0.3333333333333333,0.8464239479465461,0,0.8121178209494994,0.1149264162257052,0.8021534165589115,0.9502822715994157,1,0,0,0,0,0,0.30337078651685395,0.5423728813559322,0.9559688709833934,0.7648916234732874,0.8493777496987507,0.9949918691559982,0.679508424049766,0.2655542066577812,0,0,0.21131604842905463,0,1,0,0,0,1
5983,0.7,1,0.3333333333333333,1.0,0.24190135883425706,0,0.30140180452980975,0.30290329239138697,0.5210588050147924,0.41264708748143386,1,0,0,1,0,0,0.8089887640449438,0.3389830508474576,0.16170820415868092,0.10834749410891274,0.5894429813402499,0.5538244053720804,0.685747575329805,0.5516715169585596,0,0,0.5188862411669012,1,0,1,0,0,0
5984,0.5666666666666667,0,0.6666666666666666,0.3333333333333333,0.15751114811658012,0,0.45777409772113176,0.5106268683357901,0.3184037235069836,0.7908981328588187,1,0,0,1,0,1,0.30337078651685395,0.3559322033898305,0.7705753662505705,0.1328661913570624,0.5672120210966076,0.7428765877460991,0.05659333522124618,0.19206256321671478,0,1,0.1086064893616808,0,0,0,1,0,1
5985,0.8,0,0.0,0.6666666666666666,0.9413995982726081,1,0.6656528987765297,0.0445626283550494,0.07835088129605128,0.6595361391768941,0,0,0,0,0,0,0.1348314606741573,0.06779661016949153,0.6126118522634906,0.2470870755085035,0.871653759208946,0.2378680484596233,0.7219836510409559,0.3494035488322354,1,1,0.8139628619758694,0,0,0,1,0,1
5986,0.4666666666666667,1,0.0,0.6666666666666666,0.0024853300281824156,0,0.965845746586441,0.11241029478709594,0.5339779804869013,0.5006925359682334,1,0,0,0,0,0,0.21348314606741572,0.6440677966101694,0.4809380967638215,0.28536197276177455,0.38870926276886986,0.7166774419491969,0.8258134072783346,0.41526582554335445,0,0,0.6613646699385769,1,1,0,1,0,0
5987,0.23333333333333334,0,0.0,0.3333333333333333,0.4285470418240451,1,0.3701011290047058,0.7095049826339418,0.40473554667150174,0.17110923182382562,0,0,0,0,0,0,0.25842696629213485,0.15254237288135594,0.7895283029828589,0.01514021146658488,0.5370166753931854,0.581407732955857,0.6990713483905222,0.1539359975042219,0,0,0.5705662312532513,1,0,0,1,0,0
5988,0.6,0,0.0,0.0,0.9750070540816431,0,0.5792783037447697,0.6619440261129821,0.779766661045302,0.8701632053813189,0,1,0,0,0,0,0.29213483146067415,0.4406779661016949,0.3559132972365326,0.20895593956684655,0.7516744610082252,0.9146304669173351,0.49044541504321926,0.7257741998973501,0,0,0.713873947754496,0,0,0,0,1,0
5989,0.9333333333333333,1,0.0,0.0,0.08420232036504323,1,0.14278208591592498,0.12766300928990196,0.2984560955333763,0.6277028626817054,0,1,0,0,0,0,0.7303370786516854,0.8813559322033898,0.542656303976896,0.15041538662122197,0.31257421847430367,0.1537071776873048,0.6990195753062509,0.26953500399528707,0,0,0.14792646560010023,1,0,0,0,1,1
5990,0.7666666666666667,0,0.0,0.6666666666666666,0.7422473152767561,0,0.9467849713083958,0.06602519815674791,0.9130076361243749,0.9072254920958447,0,0,1,0,0,0,0.20224719101123595,0.6610169491525424,0.23492346755081883,0.4994259045381442,0.06811723759121799,0.11377621225999286,0.33411098602207207,0.9539450609809997,0,1,0.6871361271388243,0,0,0,0,0,0
5991,0.5666666666666667,0,0.6666666666666666,0.0,0.37680184721129173,0,0.11125893143403445,0.15846317639519833,0.4099546801369552,0.45496816702735127,1,0,0,1,1,0,0.6966292134831461,0.7796610169491526,0.27956340346943886,0.3469328295462178,0.6654668781507201,0.07648841028514934,0.7904721744404581,0.572804409846708,0,1,0.541418408837718,0,0,1,0,0,0
5992,0.6,1,0.0,0.6666666666666666,0.967143824408082,0,0.6418855739843636,0.4490899163577332,0.8092934408641698,0.3154130604448084,1,0,0,1,0,0,0.6292134831460674,0.22033898305084745,0.12210036917532058,0.8749953231176995,0.18919696685994075,0.5215365570861014,0.7735893198845544,0.8493316753546221,0,0,0.08091449731072879,0,0,0,0,1,0
5993,0.9666666666666667,0,0.0,0.0,0.42228843012333533,0,0.5922358436154747,0.8142129571517035,0.8349518596097683,0.10258996521990602,0,0,1,0,0,0,0.5393258426966292,0.847457627118644,0.7464729853068407,0.6700011455720633,0.409956491959497,0.47446127894055273,0.9571945163429394,0.9777806997539723,0,0,0.38981243033567475,0,0,1,0,0,0
5994,0.8,1,1.0,0.0,0.911542900448883,0,0.529964898510196,0.7405153908882572,0.1841757377797801,0.8777455570639688,1,0,0,0,0,1,0.7303370786516854,0.22033898305084745,0.4410016785125618,0.21840836591999085,0.5363671673569237,0.6355528504878772,0.049007650157066006,0.3205401237408724,0,0,0.41084344254140187,1,0,0,1,1,1
5995,0.1,1,0.0,0.0,0.4173156666934768,0,0.3699116037328343,0.6732450619652544,0.906897364739741,0.7797978108995197,1,0,0,0,0,0,0.8426966292134831,0.7966101694915254,0.560362465448295,0.3628721851136083,0.657010538586669,0.053953109569987556,0.8480378375012771,0.5727428238604878,1,0,0.02354989049664765,0,0,0,1,0,0
5996,0.8666666666666667,1,0.0,0.0,0.06593093841246869,0,0.0972203572552559,0.5801021730496344,0.6066628291936278,0.9338862729595683,0,0,0,0,0,0,0.056179775280898875,0.288135593220339,0.5222273186462802,0.12483468950653315,0.2700737911667784,0.5660879494268547,0.7217977471185286,0.8565269997186602,0,1,0.5892398989322386,0,0,0,1,1,0
5997,0.9333333333333333,1,0.0,0.3333333333333333,0.4268762723225882,0,0.5192291510844181,0.8052613945929136,0.23476308541430796,0.1270172572575697,0,0,0,0,1,0,0.4044943820224719,0.3898305084745763,0.8062782890823342,0.23845760444832956,0.5723958389412022,0.025943559526763478,0.7391635994664814,0.6594507142863367,0,0,0.9421051004044572,0,1,1,0,0,0
5998,0.4666666666666667,1,0.3333333333333333,1.0,0.014552856354347448,0,0.8576380389368069,0.47371680157083423,0.6167178345772345,0.19079827786389159,0,0,0,1,0,0,0.9887640449438202,0.7796610169491526,0.10843898535769643,0.4111462926294631,0.10013657085180395,0.4174984364256565,0.6502420294760137,0.4946119485347932,0,0,0.9777231404784408,0,0,1,1,0,0
5999,0.9,1,0.3333333333333333,0.3333333333333333,0.6544064478495848,0,0.2687967450343238,0.4949345911266165,0.16615151628036523,0.5520546977239039,1,0,0,0,0,1,0.14606741573033707,0.559322033898305,0.9138521732188732,0.46044717708121397,0.7105183226628228,0.6504129916948369,0.004059855547398817,0.145251299496283,0,0,0.5593394883539138,0,0,0,0,0,0
6000,0.06666666666666667,1,0.0,0.3333333333333333,0.28307908104439544,1,0.7137164168542088,0.21193729508837061,0.5864942226344039,0.1645311750986647,1,0,0,0,0,0,0.056179775280898875,0.0847457627118644,0.6239720526617667,0.415683980934418,0.672059928539681,0.5961384089841593,0.2864696080691082,0.040486904689577656,0,0,0.04603977203038785,1,1,0,0,0,1
6001,0.4,1,0.3333333333333333,0.3333333333333333,0.23165841441273452,0,0.5037597434459085,0.347883151490299,0.8644336270080246,0.8749289632359954,0,1,0,0,1,1,0.24719101123595505,0.6101694915254238,0.9260851412785891,0.025702159915916064,0.9016750293994579,0.7096470961929927,0.4803867124508525,0.15868174531418447,1,0,0.07947414133989052,0,0,0,1,1,1
6002,0.23333333333333334,1,0.0,0.3333333333333333,0.36252169698025855,1,0.5425693368009182,0.583882926534509,0.5498625278663334,0.2312100909302227,0,0,1,0,0,0,0.24719101123595505,0.5423728813559322,0.032561121039786665,0.30582198445762704,0.5799029956685112,0.60001912713053,0.5868225633767596,0.8368951330824828,0,0,0.7789858977312891,0,0,1,0,0,0
6003,0.4,0,0.0,0.3333333333333333,0.052968700237779186,0,0.389197335311632,0.7541117844848101,0.6712252793586895,0.10348233979996209,0,0,0,0,0,0,0.7303370786516854,0.05084745762711865,0.9125392883585126,0.2608904969136635,0.2118052835532887,0.176020349007047,0.9488541722193667,0.8756714512715421,0,0,0.7145264043419418,0,0,0,0,0,0
6004,0.7333333333333333,1,0.0,0.6666666666666666,0.2532472229685803,1,0.29818739494149127,0.7832473135423492,0.8480256384967972,0.4284915900519731,0,0,0,0,0,0,0.0898876404494382,0.7457627118644068,0.22539442712891083,0.24884375051923785,0.02457760867686795,0.02801431913440324,0.3837197387343033,0.5300519853562741,0,0,0.9715397961357167,0,0,0,0,1,0
6005,0.4,1,0.3333333333333333,0.3333333333333333,0.6957712614920459,0,0.9339038215050196,0.9347216120345309,0.83230892255806,0.658332105665413,1,0,0,1,0,0,0.30337078651685395,0.711864406779661,0.6018689403707477,0.6349501302269537,0.41445893961758723,0.4881579890213281,0.6824720688873007,0.7680778745616997,0,0,0.3036337707769995,0,0,0,0,0,0
6006,0.8,1,0.0,0.0,0.2306688457618815,0,0.26501822670064085,0.0561025244899911,0.09683544427908539,0.41468878750126303,1,0,0,1,0,0,0.24719101123595505,0.3559322033898305,0.5916953283042519,0.28630529601096366,0.5955443294498858,0.8246065624882971,0.9146971416481715,0.8810273481201671,1,1,0.5807240765071842,0,0,1,0,1,0
6007,0.8333333333333334,1,0.0,0.3333333333333333,0.4552868848517755,0,0.6674246476634892,0.2934642561240375,0.4829772305696014,0.011768900845594782,0,0,0,0,0,0,0.6179775280898876,0.423728813559322,0.24182697952267898,0.7540720170129047,0.3513900057555161,0.9785720160422106,0.9394172263836525,0.7083114278909035,0,0,0.22297784660164346,0,0,0,0,0,0
6008,0.36666666666666664,1,0.3333333333333333,0.6666666666666666,0.4896178814622552,0,0.012145769530696474,0.1942846334635794,0.4349290633687504,0.5961055935561602,0,1,0,0,0,0,0.7640449438202247,0.9491525423728814,0.6230509717230055,0.25491853081386445,0.5566000730087286,0.11337476424326397,0.7433672307574687,0.4048154230135114,0,0,0.9940874798999983,0,0,0,0,0,0
6009,0.1,0,0.0,0.6666666666666666,0.7043937623288617,0,0.23234185620827963,0.7761851223382576,0.7512711295785545,0.6931667234350101,0,1,0,0,0,0,0.47191011235955055,0.2542372881355932,0.16723643703995145,0.706881494166461,0.2758341140873602,0.7549220926410898,0.7896145943113869,0.4491902093143786,0,0,0.8365912377185148,1,1,0,0,1,0
6010,0.7,1,0.0,0.0,0.13655330988250694,1,0.3552286625926345,0.3098329592667865,0.15752926538917447,0.7328583220583541,0,0,1,0,0,0,0.9550561797752809,0.2711864406779661,0.6522769718505466,0.13851361579570173,0.6873805153810757,0.4420387043344915,0.90663864275122,0.9113296213916451,0,0,0.4992315367571203,0,1,0,0,0,0
6011,0.3,0,0.6666666666666666,0.3333333333333333,0.6128734263496076,0,0.7122193307597346,0.40438978617947197,0.842251357153845,0.35629454099373403,0,0,0,0,0,0,0.5393258426966292,0.5423728813559322,0.03480206133675479,0.4999057746377918,0.5770178901705941,0.050960460897518746,0.22930339003809586,0.962869075924296,0,0,0.02476155122474185,0,0,0,0,0,0
6012,0.7666666666666667,0,0.0,0.6666666666666666,0.7077947671910149,0,0.8946903412394275,0.17033587258455582,0.2749567331051844,0.34602397076679714,0,0,0,0,0,0,0.797752808988764,0.03389830508474576,0.04189869651874997,0.6283472227384315,0.1032476401974166,0.1851533633502941,0.07012419107647438,0.12718563506010228,1,0,0.7539638087988991,0,0,0,1,0,1
6013,0.5,0,0.0,0.0,0.26712831667995796,0,0.9669122170402614,0.38667579338514657,0.10614647672117654,0.3505914916935535,0,0,0,0,0,0,0.2247191011235955,1.0,0.7167727692008528,0.181407972300581,0.8304868079982345,0.14896833902844317,0.06798394294032867,0.9520075098857034,0,1,0.6686674061210297,0,0,0,0,1,0
6014,0.0,0,0.0,0.6666666666666666,0.2718072695892227,1,0.28454646226819263,0.05267269108982852,0.6444377841479597,0.6520935511453688,1,0,0,0,0,0,0.23595505617977527,0.23728813559322035,0.8645074454522339,0.5555829156139716,0.019218347796891386,0.4158721094993623,0.48839237809871144,0.5717153944045522,1,0,0.1635534473411694,0,0,0,0,1,1
6015,0.6,0,0.0,0.3333333333333333,0.5921767623765334,1,0.42625323331498466,0.34028675407905423,0.41427571974837873,0.1742302074705383,1,1,0,1,0,0,0.8651685393258427,0.4745762711864407,0.3321158076088627,0.37009334766812096,0.48430244366063696,0.5134558239483958,0.5519443854118349,0.33982724814893583,0,0,0.37467529424262014,0,1,1,0,0,1
6016,0.3333333333333333,1,0.0,0.6666666666666666,0.6961485888019927,1,0.07701047674310725,0.44378952829547214,0.504929354614177,0.1938168050056471,0,0,0,0,0,0,0.8651685393258427,0.7627118644067796,0.7423445013963693,0.1390401246997877,0.894881751664078,0.6436353110881455,0.25674814734308354,0.41481178033333266,1,0,0.8699660239092737,0,0,0,0,1,1
6017,0.1,1,0.6666666666666666,0.3333333333333333,0.4735947217744397,0,0.10802011027015015,0.6473839774197051,0.00032646153261455175,0.918001697606505,1,0,0,0,0,0,0.5955056179775281,0.01694915254237288,0.6085777971953393,0.8922737207961546,0.8585958482944767,0.25169305814907317,0.9145848761973067,0.3312237378543257,0,0,0.4446207484546992,0,0,0,0,1,0
6018,0.5333333333333333,1,0.0,0.3333333333333333,0.4352101787597336,0,0.41872839437666126,0.41270802633506787,0.6399165672735653,0.015836365231695418,0,0,0,0,0,0,0.8426966292134831,0.847457627118644,0.3872905101928683,0.1334517705421883,0.34766727408731557,0.08527243463297247,0.2244785264828248,0.21332164986694493,0,0,0.2945699372178552,0,1,0,0,0,1
6019,0.9333333333333333,1,1.0,0.0,0.5168021260791771,0,0.3239009423081058,0.6388534230562537,0.5850546463921579,0.721698742638667,0,0,0,0,0,1,0.5056179775280899,0.864406779661017,0.6303047471778838,0.8940381509456601,0.3682912782668531,0.8271815931753496,0.2134378009973889,0.29089019040958203,0,0,0.9559665007687684,0,0,0,0,1,0
6020,0.1,1,0.3333333333333333,0.6666666666666666,0.9120503393416155,0,0.237113834304058,0.8775167653499588,0.9887896313587899,0.9474845043864406,0,0,0,1,0,0,0.14606741573033707,0.5254237288135594,0.5108862127909471,0.8534878694466977,0.1848392429020594,0.6375615286482079,0.6207596880506373,0.060531300696451115,1,0,0.6998974956552348,1,0,0,0,0,1
6021,0.7333333333333333,0,0.0,0.3333333333333333,0.4900249517894948,0,0.3382005361633347,0.5818581145796203,0.6096877000438882,0.9135924164818169,0,0,0,0,0,0,0.6966292134831461,0.4067796610169492,0.5771951200325939,0.4273028223419689,0.5951561222019605,0.8179138845538794,0.2878707130206755,0.9950397804573912,0,0,0.3696042297591762,1,0,1,0,0,0
6022,0.06666666666666667,0,0.0,0.6666666666666666,0.2638113993610661,0,0.7449981860026906,0.7764908238061506,0.06035573322972282,0.6487777619686089,0,0,0,0,0,0,0.0,0.3559322033898305,0.08568799206312033,0.567658984134761,0.08974666193168854,0.033664736865203694,0.5321870052434732,0.5668772738927482,0,0,0.6210947975468342,0,0,0,0,0,0
6023,0.43333333333333335,0,1.0,0.6666666666666666,0.05781295660513238,0,0.1103078875406005,0.8920757278834367,0.6702867499463964,0.06960024240500777,0,0,0,0,0,0,0.2247191011235955,0.6101694915254238,0.578969533450955,0.7170615308126373,0.806173943702242,0.008325363526348231,0.5742369246287115,0.7980518751557523,0,0,0.5888955485984576,0,0,1,0,1,0
6024,0.0,0,0.0,0.3333333333333333,0.7600131417371406,0,0.42027688878697583,0.853627081555285,0.12594311446790732,0.05549155379930988,0,0,0,1,0,1,0.9775280898876404,0.6440677966101694,0.5563607499509128,0.12995270275931767,0.14635064618720853,0.8369700585968446,0.7369286311157205,0.184638521109684,0,1,0.5024158450294292,0,0,1,0,1,1
6025,0.26666666666666666,0,0.6666666666666666,0.6666666666666666,0.058718309539603775,1,0.9946585970602656,0.33217378380615364,0.4704173519590395,0.2840728187426296,1,0,0,0,0,0,0.06741573033707865,0.9491525423728814,0.02011341781409949,0.6736365465040158,0.08950183148719895,0.8152834871449142,0.20726942800924922,0.425002992617148,1,0,0.2937135357270301,0,0,0,0,0,1
6026,0.43333333333333335,0,0.0,0.0,0.9501504469346175,1,0.5577220178488614,0.09752748281168816,0.8077245690393169,0.6174783040279319,0,0,0,0,1,0,0.7415730337078652,0.864406779661017,0.8765212651081651,0.5451104892466077,0.7887593856854014,0.21277960398871718,0.28361131274682383,0.41732205380273535,0,0,0.19744591462527109,0,0,0,0,0,1
6027,0.23333333333333334,1,0.6666666666666666,0.6666666666666666,0.6366161767754838,1,0.5970906818981472,0.23681630669945442,0.7664093976388028,0.2553808970158705,0,0,0,0,0,1,0.9887640449438202,0.01694915254237288,0.22775008208386402,0.9361348833247818,0.36303017811717847,0.5484717811119247,0.8269007250659289,0.44758808028993285,0,0,0.3063089661685613,0,0,0,0,0,0
6028,0.9333333333333333,1,0.0,0.3333333333333333,0.5800838220215772,0,0.3188358310830533,0.19310574143665152,0.002465253499385566,0.6441382550375572,0,0,0,1,0,0,0.0,0.22033898305084745,0.4690607735474596,0.7854916088457353,0.7224550952816071,0.5611482734883005,0.9441291278418348,0.5023356072087367,0,0,0.2872286919432366,0,1,0,0,1,0
6029,0.5666666666666667,1,0.3333333333333333,0.6666666666666666,0.4408126510287335,0,0.3397678354792007,0.805817316997442,0.32665553375904494,0.4783689703316302,1,0,0,0,0,0,0.25842696629213485,0.4745762711864407,0.22193476463387515,0.8528513435486065,0.0,0.02843195844881946,0.03684732783708976,0.9878408351986445,0,0,0.18316692891868566,1,1,0,1,1,0
6030,0.1,0,1.0,0.3333333333333333,0.6885976927078027,1,0.6379059851189834,0.885371604645726,0.9957806993478572,0.4642037746122909,0,0,0,0,0,0,0.4606741573033708,0.0847457627118644,0.22694426364306455,0.29424117547659623,0.195274753813042,0.9300789622539959,0.2676553948361237,0.02556826001859152,0,1,0.15960394001144462,1,0,0,0,1,1
6031,0.5666666666666667,1,0.0,0.6666666666666666,0.26137387840142123,1,0.37284959144364554,0.6222521040199743,0.795416997539142,0.017881996690853656,0,0,0,0,0,0,0.6067415730337079,0.559322033898305,0.15111218872948315,0.567621584669938,0.9511676213808352,0.6595203631074468,0.3864012062967185,0.6928278563552405,0,0,0.23346598707459756,1,0,0,0,0,0
6032,0.2,0,0.3333333333333333,0.6666666666666666,0.68748206799243,0,0.1107806441683082,0.9149363297505289,0.12710758816580778,0.28108161689840605,1,1,0,0,0,0,0.30337078651685395,0.4745762711864407,0.5474499016766563,0.738811031178889,0.09924847332007539,0.2513976265402933,0.3825660582454884,0.012812842633115624,0,0,0.7036698665623505,0,0,0,1,1,0
6033,0.5,1,0.3333333333333333,0.6666666666666666,0.11930793355533317,0,0.26829451267329846,0.5618920558199213,0.24259975878528778,0.27964527935785427,0,1,0,0,0,0,0.11235955056179775,0.3728813559322034,0.8583134365353249,0.015230780581922163,0.9636439530413631,0.3635272745382329,0.4688351647009362,0.197986735400978,0,1,0.29588937743770316,0,0,0,0,0,1
6034,0.4,1,0.0,0.3333333333333333,0.6554180265572127,0,0.7120346022528496,0.5174058833806249,0.1425444443468662,0.14071437736918294,0,0,0,0,0,0,0.056179775280898875,0.7796610169491526,0.20332456221551665,0.5529608300014613,0.02810065774416791,0.28014204428121076,0.8986144501531848,0.8700134774093846,0,1,0.6948018218434303,0,0,0,0,1,0
6035,0.3333333333333333,1,0.0,0.6666666666666666,0.42373531035137435,0,0.8704853238007882,0.26732874714425414,0.6585001477212029,0.9016416404169235,1,0,0,0,0,0,0.2247191011235955,0.05084745762711865,0.9797635906174214,0.17391677208028145,0.9046244710775706,0.3511867710434091,0.7216100388237022,0.44003794155724985,0,1,0.8348519254858512,0,0,1,0,1,1
6036,0.26666666666666666,1,1.0,0.0,0.2131419690281882,1,0.049568626718750085,0.7055243177176095,0.5312234883413912,0.852035636515953,0,0,0,0,0,1,0.6292134831460674,0.4745762711864407,0.2758558357995579,0.24837112853679458,0.9655393902956694,0.3247860678606012,0.8778942873882608,0.7608502726680475,0,0,0.7793706834518922,0,0,1,0,0,0
6037,0.9,1,0.0,1.0,0.39142941404556336,0,0.06829109533728123,0.8567162676579474,0.7902065432905419,0.31156960110608883,0,1,0,0,0,0,0.29213483146067415,0.01694915254237288,0.9776048622108107,0.8556028926148758,0.8458933957207946,0.5232825092396013,0.339464970975879,0.7164810722750873,0,0,0.09110792273829872,1,0,0,0,0,0
6038,0.06666666666666667,1,0.0,0.3333333333333333,0.9758000731086731,0,0.7258613010856143,0.650622107216767,0.25974857456230205,0.7005646563108111,0,0,0,0,0,0,0.3707865168539326,0.5423728813559322,0.9545093323378637,0.2933282802309571,0.7726819315536425,0.9793657152588323,0.9386433867414481,0.8640809171266904,0,0,0.5268608148351706,0,0,0,0,0,0
6039,0.6,1,0.0,0.3333333333333333,0.4246705090178461,0,0.4969362603904262,0.1502343981692557,0.5727989698376493,0.49919125020444566,1,0,0,0,0,0,0.898876404494382,0.5932203389830508,0.711758255177555,0.201965146099886,0.95249576057115,0.7758707964033364,0.8832198787598555,0.03494587711275934,0,0,0.32292231410298816,0,0,0,0,1,0
6040,0.9333333333333333,1,0.3333333333333333,0.6666666666666666,0.23462423392285145,0,0.8563420475227772,0.6178479066552817,0.7151393915345724,0.5488440488102088,0,0,0,0,0,0,0.5617977528089888,0.7796610169491526,0.4696937362411008,0.3193239836422399,0.11830018260405334,0.5527699347579967,0.8563333457059216,0.8730887099559921,1,0,0.21335838548763944,0,0,0,0,0,0
6041,0.7333333333333333,1,0.3333333333333333,0.3333333333333333,0.5689831406072895,0,0.5140770754962476,0.8544976929836433,0.17518623783547715,0.08020712221534543,0,0,0,0,0,0,0.3258426966292135,0.3559322033898305,0.7296634917091626,0.7699223985843273,0.38660617654024987,0.7296853723537303,0.49964147530121117,0.155707401688032,1,0,0.5031387139975662,0,0,0,0,1,1
6042,0.8,1,0.0,1.0,0.6773095945251147,1,0.48459580383865014,0.6152509951334242,0.9280654217880414,0.5224657421164998,0,0,0,0,0,0,0.6853932584269663,0.1016949152542373,0.2832960773191957,0.11468493299088066,0.6992914379835947,0.6833172108602666,0.19442959274926197,0.8655564390571086,0,0,0.8445560895067501,0,0,0,0,1,0
6043,0.7666666666666667,1,0.0,0.0,0.8402304660983387,0,0.08221739269315229,0.9171741862791392,0.36005396469702505,0.4011243284366512,0,0,0,0,0,0,0.9438202247191011,0.3559322033898305,0.48455262486429757,0.5732878750606392,0.2835026888124561,0.219055942228534,0.17123077418869007,0.840433534724868,0,0,0.11489784842601751,0,0,1,0,0,0
6044,0.9666666666666667,1,0.0,0.3333333333333333,0.13706652236002786,1,0.7789844152634853,0.7783382849773366,0.2622566753157187,0.021836973458676318,0,1,0,0,0,0,0.8314606741573034,0.5423728813559322,0.972605548968691,0.664269955003788,0.7639345270715404,0.6475117514219889,0.9809904990009568,0.34247802423973855,0,1,0.8874452279320886,0,1,0,0,0,0
6045,0.9666666666666667,1,0.0,0.3333333333333333,0.42956316222838486,0,0.001713957594411592,0.6298663673701783,0.9072879475040551,0.7494924279135055,0,0,1,1,0,1,0.797752808988764,0.2711864406779661,0.10420351101332627,0.6237410458418953,0.8204710922394088,0.8310585001176756,0.2075922864389813,0.5537298468118088,0,0,0.3464107280172921,0,0,0,0,0,0
6046,0.9666666666666667,0,0.0,0.6666666666666666,0.40762135789514026,0,0.3536431337529873,0.2491732389140674,0.5054563692122341,0.7935260143899509,1,0,1,0,0,0,0.6404494382022472,0.559322033898305,0.7640429651220898,0.6867322767275741,0.49803427904686215,0.5049566924905797,0.19396485433621458,0.3587493170592393,0,0,0.8472691130926854,0,1,0,1,0,0
6047,0.2,1,0.0,0.0,0.5121862170455129,1,0.25059911598803675,0.0895220134235172,0.9954054563956105,0.6590006065482596,0,0,0,0,0,0,0.0898876404494382,0.711864406779661,0.4110335339705181,0.22520092160261038,0.6378536590437323,0.29219925924758927,0.11984849338726111,0.9285298306861761,1,0,0.019512028965714728,0,0,0,0,0,1
6048,0.9333333333333333,1,0.0,0.3333333333333333,0.974670815842839,0,0.23429630293601678,0.4265267385153348,0.2256388777505813,0.5767576844681505,0,0,0,0,0,0,0.797752808988764,0.4067796610169492,0.7996020485511913,0.6100034433869145,0.36271508328960284,0.13522271486100093,0.11197732161639085,0.4989189748404282,0,0,0.1674694362635133,0,0,0,0,0,1
6049,0.5666666666666667,0,0.0,0.0,0.9295280834268935,0,0.7837791971255424,0.8606042487477148,0.7446275642960672,0.3351774222494829,1,0,0,0,0,0,1.0,0.23728813559322035,0.9629174283895789,0.11204872783623031,0.7246759562155771,0.39516955775359414,0.24794196140082914,0.7571599954256412,1,0,0.07086348393328477,0,1,0,0,0,1
6050,0.9333333333333333,1,0.0,0.3333333333333333,0.2622198444724022,1,0.3097409391474999,0.1794159943332226,0.624434757211594,0.8349615744163099,0,0,0,0,0,0,0.11235955056179775,0.8983050847457628,0.5132080876290573,0.39622164499895907,0.6402722351819967,0.6878193981807109,0.8346661796461953,0.41352683564754833,0,0,0.5327926736688913,0,0,0,0,0,0
6051,0.6,1,0.0,0.3333333333333333,0.8285109257399351,0,0.7481656214121611,0.012758597417400387,0.6763114690800788,0.8891778542404927,0,1,0,0,0,0,0.8426966292134831,0.03389830508474576,0.097544595388561,0.7470290400363436,0.9756002190619295,0.6409552208480753,0.9454803628162316,0.9463888598699499,0,0,0.8971175999867668,0,0,0,0,0,0
6052,0.7,1,0.3333333333333333,0.6666666666666666,0.8980079436186444,0,0.2736042680428394,0.27423012655303564,0.7308334273180652,0.6894987484965099,1,1,0,1,0,0,0.02247191011235955,1.0,0.21494088405437498,0.37183500670531483,0.16132626358602267,0.6286169720980206,0.7241120140884785,0.12537548013332553,0,1,0.7173257643596493,0,0,0,0,0,1
6053,1.0,1,0.0,0.0,0.39060449826663307,0,0.8718077597528848,0.6335436260602993,0.09525549178916995,0.6683208658786508,0,0,0,1,0,0,0.651685393258427,0.0847457627118644,0.3266680450042869,0.09962347877577085,0.5969966137978469,0.7284302027378562,0.3501460836554907,0.7298261497621572,0,0,0.9223495298704932,0,0,0,0,0,0
6054,0.9333333333333333,1,0.0,0.0,0.8891311493655111,1,0.49112160255133325,0.4038607709165184,0.5185043017094295,0.401078525581276,1,1,0,0,0,0,0.3258426966292135,0.03389830508474576,0.6941375646767353,0.321994284169709,0.6501966028281757,0.860855186999398,0.1701662008584462,0.5880275031917899,0,0,0.9270117891008429,0,0,0,1,1,0
6055,0.6666666666666666,1,1.0,0.0,0.01537425244888726,0,0.06933901450219507,0.5271974421126826,0.41063680042357537,0.6618907383175268,0,0,0,0,0,0,0.9213483146067416,0.7627118644067796,0.39369365465189793,0.6503758853478616,0.40362943785030975,0.7463070348298534,0.4238692833902805,0.5611316431088634,0,0,0.09367532961285605,0,0,0,0,0,0
6056,0.8666666666666667,0,0.3333333333333333,0.3333333333333333,0.5535273789793512,0,0.7336988552080648,0.6722046818898499,0.5655131826486163,0.4628166143779563,0,0,0,0,0,0,0.20224719101123595,0.11864406779661017,0.029177584614434787,0.9718973909559784,0.09024364847007586,0.8791158126735775,0.9697629605025392,0.07100457529032142,0,0,0.08242129058337835,0,0,0,0,0,0
6057,0.3333333333333333,0,0.6666666666666666,0.3333333333333333,0.8109451658453851,0,0.8248154814190367,0.2947738264804874,0.28268548183063835,0.6537899897001376,1,0,0,1,0,0,0.9101123595505618,0.3220338983050847,0.6986148446497729,0.9890114302529261,0.7878914541624369,0.943241470575439,0.1979166826773373,0.7730002037012024,0,0,0.5896668243064285,0,1,0,0,1,0
6058,0.7666666666666667,0,0.0,0.3333333333333333,0.8999586585689398,0,0.03732605422754969,0.860304096988579,0.08882763074352377,0.9523491606733325,0,0,0,0,0,0,0.10112359550561797,0.9661016949152542,0.4939742979407136,0.30909254458473573,0.9228645517742886,0.019977018774150014,0.0013878239163937684,0.8440950319872559,0,0,0.7295719394040793,0,0,0,0,0,0
6059,0.7,0,0.0,0.3333333333333333,0.2072363336662807,0,0.2813798833250048,0.1536153436629549,0.6500256665957225,0.9236525257635817,0,0,0,0,0,0,0.6404494382022472,0.2033898305084746,0.16938657136473817,0.9639899514198602,0.6953445709711308,0.8800245741330956,0.7492965655649799,0.21085355985146192,0,0,0.0985073149610695,0,0,0,0,0,1
6060,0.8333333333333334,0,0.0,0.3333333333333333,0.8680697275762912,0,0.8674644634324506,0.024450226931368387,0.8834115421075492,0.5722984220605752,0,0,0,0,0,1,0.8202247191011236,0.1864406779661017,0.21551461550777207,0.22559437210292294,0.6523458195617103,0.3911483020742143,0.22977044568634047,0.19167881833351885,0,1,0.42502225991189513,0,0,0,1,0,1
6061,0.06666666666666667,0,0.0,0.6666666666666666,0.11537873316415226,1,0.6905163054871721,0.4131752979336796,0.5956884985831947,0.9745960859860122,1,0,0,1,0,0,0.6179775280898876,0.06779661016949153,0.9386937370293169,0.72944042567106,0.6128987060905616,0.9456028817811566,0.05801788005528428,0.4012860600031006,0,0,0.9172467295630582,0,0,0,0,1,0
6062,0.0,1,0.0,0.0,0.7357792119905234,0,0.33927787178098534,0.8308912209341199,0.5604899619511298,0.7894848723634279,1,0,0,0,1,0,0.2247191011235955,0.576271186440678,0.6890579315319425,0.509961303815589,0.14258701993014272,0.13243736864494604,0.3568146490419046,0.3792683387424911,0,0,0.5886736839881739,0,0,0,1,0,0
6063,0.23333333333333334,0,0.0,1.0,0.20477401915319918,1,0.512649595524497,0.6033066488684664,0.9221632535195706,0.08922049100685049,0,0,0,0,0,1,0.5617977528089888,0.6101694915254238,0.6945592267218083,0.3621971893454905,0.5033021026423864,0.2778400552259913,0.004995892845840025,0.9080770862629381,0,1,0.09887380821137483,0,0,0,0,0,1
6064,0.6,1,0.0,0.3333333333333333,0.358306456285141,1,0.6126681243898101,0.21215824728532115,0.417439993870105,0.1643295561701662,0,0,0,1,0,0,0.7303370786516854,0.2711864406779661,0.42650153060916024,0.9847268616986757,0.9955991969990456,0.9280252268560213,0.947408131271252,0.9818523407257883,1,0,0.6564974071966428,0,0,0,0,0,0
6065,0.9666666666666667,0,0.6666666666666666,0.6666666666666666,0.6318683836453617,0,0.27667238482138173,0.09974710712281844,0.7587045120490836,0.6671300147948491,1,0,0,0,1,0,0.8202247191011236,0.4406779661016949,0.7342239171582748,0.24977697418494152,0.2325168499154832,0.014226023712756827,0.20848839711607833,0.6237969606624701,0,1,0.9649800250658817,0,0,0,0,0,0
6066,1.0,1,0.0,0.6666666666666666,0.5167709447873899,0,0.5516037028542069,0.5945424653359415,0.6026138618426986,0.4240626224663552,0,0,0,0,0,0,0.3707865168539326,0.3050847457627119,0.1619682725043377,0.6247438762338464,0.1574501831189307,0.689192142254577,0.7627930280894782,0.8157230716732539,1,1,0.3001343180233631,0,0,0,0,0,1
6067,0.4666666666666667,0,0.0,0.3333333333333333,0.09815202294148924,0,0.7708280060964707,0.3721655011051656,0.8504392867414101,0.08498566871811944,0,0,0,0,0,0,0.4943820224719101,0.847457627118644,0.8866940430288021,0.4876875783943114,0.21986127777577258,0.038256035891216775,0.5845221804377586,0.345174138587782,0,0,0.07296471984368724,0,1,1,0,1,1
6068,0.0,0,0.0,0.3333333333333333,0.6570777033618357,0,0.08708412476092657,0.26901007641860925,0.32603608366050124,0.3131522742640916,0,1,0,0,0,0,0.6404494382022472,0.4406779661016949,0.6737191432878906,0.13626060428838524,0.8078450042989223,0.28266951054444883,0.6542759020110711,0.44099696260334525,0,0,0.3026757073603205,0,0,0,0,0,1
6069,0.16666666666666666,1,0.0,0.0,0.29473775730867646,0,0.9886671402355903,0.07515438922730729,0.7129622866667921,0.09379476708787284,0,1,1,0,0,0,1.0,0.3728813559322034,0.42226288318919264,0.26562717872607017,0.1514383361437593,0.4012344216126105,0.4021743126066528,0.2652130643873824,0,0,0.768970913815001,0,1,0,0,0,0
6070,0.03333333333333333,1,0.0,0.3333333333333333,0.4944796096744063,0,0.6923916589834691,0.19466706805248724,0.686410205383871,0.5961476006784269,1,0,0,0,0,0,0.7865168539325843,0.9830508474576272,0.8098508122966863,0.8874005068752012,0.08868388891016797,0.9836345615731645,0.9746320648800956,0.02504825458994453,1,0,0.09019829748740799,0,0,0,0,1,0
6071,0.7,0,0.0,0.3333333333333333,0.5671363901935441,0,0.47511513126615623,0.008932197272311761,0.7091790723500978,0.03782440656203409,1,0,0,0,1,0,0.19101123595505617,0.5423728813559322,0.579672882196067,0.7549005492610621,0.7735503481778516,0.839909777664109,0.9254628642858896,0.24943553692764261,0,0,0.31528720491774287,0,0,1,0,0,0
6072,0.7333333333333333,0,0.0,0.6666666666666666,0.4475891507285915,0,0.20180836879990904,0.6727285811994527,0.03058202036854225,0.6586024920540826,0,1,0,0,0,1,0.8426966292134831,0.1016949152542373,0.6666810057740569,0.8730409645078523,0.9293342726771018,0.6709598549935188,0.2852350572666795,0.3565149762398188,0,0,0.21123254081723064,1,0,0,0,0,1
6073,0.3,0,0.3333333333333333,1.0,0.8871979563933691,0,0.27487263057833194,0.40536614591005066,0.33087959582129883,0.6625657734351211,0,0,0,0,0,1,0.9101123595505618,0.3898305084745763,0.8210824889378486,0.6159811288834444,0.6696773729889169,0.5073955766116072,0.3550837609777655,0.9829997176510907,0,0,0.8661171728611131,0,1,0,0,1,0
6074,0.3,1,0.0,0.3333333333333333,0.9382771112837449,1,0.17409347595562122,0.8942932324429245,0.2557009640068391,0.4920826248824927,1,0,0,1,0,0,0.19101123595505617,0.8813559322033898,0.055390302025186175,0.4142125820527595,0.499854381888879,0.9808424166013124,0.3111919415717081,0.5644889514666751,0,0,0.48322066538575664,0,0,0,0,1,0
6075,0.03333333333333333,0,1.0,0.6666666666666666,0.8102248519157852,0,0.2886246149856606,0.24031174578318457,0.36398500136504464,0.7752197545966795,1,0,1,0,0,0,0.38202247191011235,0.6610169491525424,0.5342371953371597,0.18418413970539135,0.30127645357267324,0.5415167953901586,0.707496855754573,0.08582542736557577,0,0,0.9373096715636681,0,0,0,0,0,0
6076,0.26666666666666666,1,0.0,0.3333333333333333,0.49577873257507116,0,0.9814764629654555,0.9790589091317594,0.13903862777650533,0.624816772391794,0,0,0,0,0,0,0.8764044943820225,0.9661016949152542,0.7344568317154748,0.1197769979389589,0.2789224400945044,0.252807708061067,0.3980707646526615,0.960790578703254,0,0,0.47833160965978067,0,0,0,0,0,0
6077,0.23333333333333334,1,0.3333333333333333,0.6666666666666666,0.22905033326307736,0,0.354649448001023,0.4641744600877551,0.37781669808769935,0.017667467591678365,0,1,0,0,0,0,0.0,0.4745762711864407,0.9585147414938859,0.6364780951033729,0.20859637955547727,0.08564991458204274,0.5299934688069,0.045232971085412174,0,0,0.7205179665897523,1,0,0,1,1,0
6078,0.9,0,0.0,0.6666666666666666,0.9543506226719234,0,0.898963562467159,0.7726496779577697,0.25759749336424653,0.06327429760916906,0,0,0,1,0,1,0.23595505617977527,0.1016949152542373,0.684487305693075,0.7743630777187462,0.693945854858897,0.6823466549640116,0.838080659911623,0.6283122301323605,0,0,0.4026855897752563,0,0,0,0,0,0
6079,0.7,0,0.3333333333333333,0.0,0.9789316637504355,1,0.9968954997185834,0.4111783433257886,0.298560046073236,0.2089154371178912,1,0,0,0,0,1,0.06741573033707865,0.7457627118644068,0.8721196638991876,0.39045041860960333,0.2248427543777116,0.3659212792207423,0.23275655202844994,0.8427928454399762,0,1,0.5533937966849051,1,0,0,0,1,0
6080,0.5666666666666667,1,0.6666666666666666,0.3333333333333333,0.4347544361028133,0,0.18583254011105166,0.5577242266636738,0.9474355929709307,0.962050280188167,0,0,0,0,0,0,0.5168539325842697,0.3559322033898305,0.590538321850098,0.8878691878650085,0.9895572643154288,0.43814823478730786,0.11843855186922667,0.8920678441812337,0,0,0.6062032308356429,0,0,0,0,0,0
6081,0.8666666666666667,1,0.3333333333333333,0.0,0.5734633238797061,0,0.4847263223770487,0.26156916727271873,0.6979733389081548,0.5687610697593132,0,0,0,0,0,0,0.23595505617977527,0.06779661016949153,0.6632331445497527,0.589903478371977,0.3698423677847108,0.5601193402797014,0.4814351639016703,0.02321161885652608,1,0,0.08381168040418795,0,0,0,1,0,1
6082,0.8,0,0.6666666666666666,0.3333333333333333,0.45654543759146915,1,0.14439887385238837,0.3599435823503342,0.36376549865344904,0.21622456802914272,0,0,0,0,0,0,0.02247191011235955,0.6440677966101694,0.39250959538129165,0.02588696769744741,0.1065637220580886,0.5878648646641959,0.20194600355982803,0.043058920931167886,0,1,0.041387874228482724,0,0,0,0,1,1
6083,0.8333333333333334,0,0.3333333333333333,0.6666666666666666,0.6990434717671841,0,0.499977152790528,0.7208935378423128,0.07174154405353621,0.9503028870858481,0,0,1,0,0,0,0.42696629213483145,0.5932203389830508,0.8299163974863861,0.6457131243823853,0.2624664719616548,0.9110398200602954,0.8745908244612216,0.9273521292826272,0,0,0.05777319043894441,0,0,0,0,0,0
6084,0.36666666666666664,1,0.0,0.0,0.5884376780122704,0,0.6398959222909001,0.4206276231173693,0.7357193945532098,0.2788254934621961,0,0,0,1,0,0,0.1348314606741573,0.7627118644067796,0.6650114710736315,0.05307656440588657,0.6489646660292335,0.6954189854536795,0.21700530930447365,0.10655790904883919,0,0,0.021660306455398817,1,0,0,0,0,1
6085,0.7,0,0.0,0.0,0.026009164629174117,1,0.8806199282731991,0.4365495238700716,0.9075564716729236,0.6174686586286309,1,0,0,0,0,0,0.0898876404494382,0.8813559322033898,0.6944470280573112,0.43375226201174377,0.12236048471305996,0.7514360224143504,0.8638323440618437,0.25682491152372117,0,0,0.49377440189149496,1,0,0,0,0,0
6086,0.43333333333333335,0,0.0,0.6666666666666666,0.27565528348719204,0,0.3385294280005432,0.7180721776513217,0.4724110660997584,0.9519696663210337,1,0,0,0,1,0,0.8876404494382022,0.6101694915254238,0.5198281037290123,0.8124273850194624,0.18210060138649325,0.8015088769412763,0.6449338812489843,0.9028028655594182,0,0,0.9137453307985751,1,0,0,0,1,0
6087,0.5333333333333333,1,0.6666666666666666,0.0,0.7533051470604921,0,0.9918458047305865,0.9411080033895141,0.4790009203283889,0.16231161013044454,0,1,1,1,0,0,0.39325842696629215,0.8135593220338984,0.8034097432930171,0.4205191218254403,0.19159877029566302,0.29314175331439596,0.6036217468352054,0.4802893964643534,0,0,0.27180378006117467,0,0,0,1,1,1
6088,0.3333333333333333,1,0.0,0.6666666666666666,0.08057358051330965,0,0.8457071869598829,0.5351631829294331,0.7610100517015996,0.7415489700730329,0,0,1,0,0,0,0.16853932584269662,0.847457627118644,0.15665274484916636,0.016433105395948715,0.576874385252185,0.23935207201568617,0.6632947962531467,0.652417581859287,0,0,0.22424302026928153,0,0,0,1,0,0
6089,0.9666666666666667,0,0.6666666666666666,1.0,0.030624523047411492,0,0.07120648547318778,0.008768514175227931,0.2668022702808051,0.35131332349763067,1,0,0,1,0,1,0.24719101123595505,0.01694915254237288,0.5930666929547006,0.19661863394856832,0.2695882446234077,0.8862082934084565,0.9856505200254514,0.024195606217474522,0,1,0.7006136351777883,0,0,0,0,1,0
6090,0.6666666666666666,1,0.3333333333333333,0.3333333333333333,0.3069279236771984,1,0.3873315758523507,0.07106888532562812,0.5937419182595198,0.6532281290369322,0,0,0,0,0,0,0.4044943820224719,0.6610169491525424,0.4070562968402518,0.42441368875802105,0.9560609316272253,0.15802686603795696,0.6827512909509285,0.42212299233245537,0,0,0.46560974195936083,0,0,1,0,0,1
6091,0.2,1,0.3333333333333333,0.3333333333333333,0.35780339634075414,0,0.5709704871960564,0.5274164384482669,0.11991842391351153,0.9587977512463858,0,0,0,0,0,1,0.0,0.8305084745762712,0.8828756866992236,0.39637771178069064,0.19556559954911562,0.725078496328036,0.23357630030469848,0.7115365617948395,0,0,0.8911755775793921,1,0,0,0,0,0
6092,0.06666666666666667,1,0.0,1.0,0.5275537403669923,1,0.38831405632764554,0.19129719336040596,0.6020838273163972,0.17283558224479442,0,0,0,0,0,0,0.9662921348314607,0.864406779661017,0.929165769291417,0.8411734464045564,0.4758468614862189,0.8975557896939779,0.29907790204857,0.9311153593692233,0,0,0.04411060373681438,0,0,0,0,0,0
6093,0.6666666666666666,1,0.0,0.3333333333333333,0.6205144568111004,0,0.18943378053984072,0.6150906063307044,0.9808650783410963,0.08987134842694337,0,0,0,0,0,0,0.8539325842696629,0.03389830508474576,0.5357600829731559,0.46816313461124437,0.19298468537555397,0.12994562074555713,0.13666623827503718,0.48034345148960716,1,0,0.35858068729595743,0,0,0,0,0,1
6094,0.13333333333333333,0,0.6666666666666666,0.6666666666666666,0.7830429761416557,0,0.039514334445546355,0.4897893287186056,0.7758498869073817,0.7678966011018434,0,0,0,0,0,1,0.1348314606741573,0.1694915254237288,0.4501710670394458,0.6652272632598422,0.3083466469590423,0.15267590423341157,0.7878592213644763,0.22663812992311513,0,0,0.3215221304814355,0,0,0,1,0,1
6095,0.03333333333333333,1,0.0,0.6666666666666666,0.3343377402732625,1,0.2380159765846716,0.3310087027426485,0.3993061955818549,0.04312677271271497,0,0,0,1,0,0,0.5955056179775281,1.0,0.2704396399777352,0.7989303480329515,0.4476700592327131,0.8208199668053694,0.8351048484111038,0.930982233563481,0,0,0.8911220554393415,0,0,0,0,0,0
6096,1.0,0,0.0,0.3333333333333333,0.954491823358598,0,0.8985147667992507,0.15761537173516296,0.6765810965342645,0.7921922618718872,0,0,0,1,0,0,0.25842696629213485,0.5932203389830508,0.4456750894988839,0.11729271028379601,0.8987741073702866,0.8057634767539203,0.29161390152449024,0.6265934280228707,0,0,0.5496229603043771,0,0,0,0,1,0
6097,0.3333333333333333,1,0.3333333333333333,0.6666666666666666,0.42789932265632585,0,0.8741353773270213,0.24361569262654958,0.7620906528408906,0.5008331616303567,0,0,1,0,0,0,0.34831460674157305,0.13559322033898305,0.6210482277746469,0.9648779713689285,0.14010895181851302,0.3039245244335207,0.148236923003652,0.8111523351334543,0,0,0.2752162309910169,0,1,1,1,0,0
6098,0.3,1,0.3333333333333333,0.0,0.5639320564936943,1,0.5077770318341971,0.9381824623020532,0.10210251483676132,0.6053956986980962,0,0,0,0,1,0,0.19101123595505617,0.7457627118644068,0.8228189136846015,0.5155037130552134,0.21349434170615056,0.28502787055282397,0.3711579430877214,0.36710606163148307,0,0,0.8315111576322268,0,0,1,1,0,0
6099,0.06666666666666667,1,0.3333333333333333,1.0,0.06975084832858787,0,0.5783083398675195,0.043614060223148676,0.27155239260663677,0.5953267792835639,0,0,1,0,0,0,0.8426966292134831,0.4576271186440678,0.7557717060409931,0.5664273231104799,0.38029786700188656,0.3142063190556949,0.8627871710963501,0.4692339150948108,0,0,0.6116577608513358,0,0,0,0,0,0
6100,0.5333333333333333,0,0.0,0.3333333333333333,0.6549724470588579,0,0.41279871076819974,0.5284737409442458,0.9769147748238546,0.6362888175557583,0,0,0,0,0,0,0.6292134831460674,0.6949152542372882,0.5620594567744209,0.9629155290678637,0.0930409008128262,0.9182332316926975,0.872129447527916,0.7110734119591546,1,1,0.34309382906497815,0,0,0,0,0,0
6101,0.9666666666666667,1,0.3333333333333333,0.3333333333333333,0.40309769636434806,0,0.6362060433703797,0.9350633207212213,0.15702972387921577,0.22880731993946685,1,0,0,0,0,0,0.24719101123595505,0.847457627118644,0.4607496536760764,0.033516282589530294,0.5675166296564259,0.044565878582256586,0.15165263306196405,0.7541182193512782,0,0,0.9379131138888713,0,0,0,0,0,0
6102,0.6333333333333333,1,0.0,0.6666666666666666,0.31301787420627075,0,0.4071083192709387,0.30781460611483275,0.17439118513453844,0.39282790060668443,0,0,1,1,1,0,0.6629213483146067,1.0,0.39443618246403167,0.9696596953530284,0.2850968071675724,0.2897803541202012,0.8509086276299928,0.37954949753546724,0,1,0.6302731544198212,0,0,0,0,1,0
6103,0.1,0,1.0,0.3333333333333333,0.3341025973751136,1,0.8788453616165465,0.857579958151399,0.8233088589335673,0.7944817345004268,0,0,0,0,0,0,0.1797752808988764,0.0847457627118644,0.3266367980654654,0.8950559285977736,0.678283095073375,0.8354600142465796,0.011969744236667511,0.14662050095109572,0,0,0.13903887926373268,0,0,0,0,0,1
6104,0.6666666666666666,1,0.3333333333333333,0.3333333333333333,0.16915410800559433,0,0.6320938218609218,0.1617093008842499,0.18636565941132094,0.7547813558928265,1,1,0,0,1,0,0.20224719101123595,0.559322033898305,0.9001801378769702,0.5727686447443894,0.5930812929092333,0.24692419474571747,0.8991215804104071,0.719138527391914,0,0,0.8097637366895303,0,1,0,0,1,0
6105,0.5333333333333333,0,1.0,0.6666666666666666,0.6346511571065685,1,0.0031661569345939667,0.0217609968819292,0.6326678488301483,0.4415793001104649,1,0,0,0,0,0,0.38202247191011235,0.4576271186440678,0.862183297781887,0.7103620350318955,0.5297090058580595,0.07983609350396144,0.7778796716313044,0.28783873469455723,0,0,0.2862222526089515,0,0,0,1,0,1
6106,1.0,0,0.0,0.3333333333333333,0.6293933476225384,1,0.03371565941871013,0.4291204121333211,0.12194324119220638,0.11342255552620334,0,0,0,0,0,0,0.550561797752809,0.8305084745762712,0.6614189288185546,0.3772731618870862,0.403207664023248,0.3099653272567924,0.9821546563451451,0.490216699135643,0,1,0.14479199764608924,0,0,0,0,0,0
6107,0.4,1,0.0,0.3333333333333333,0.8719925643662987,0,0.3021658377775169,0.4170832316927784,0.6266765794934972,0.7032440927929624,1,1,0,0,0,0,0.9550561797752809,0.9830508474576272,0.32492092499173647,0.015229104682742831,0.9282510821358088,0.9339429636500545,0.32145779795736873,0.47374610761005875,0,0,0.8878293515649515,0,0,0,0,0,0
6108,0.7,1,0.3333333333333333,0.3333333333333333,0.47495392583645735,0,0.7262056446538268,0.8148723400409833,0.13923951636465948,0.10553263741323828,0,0,1,1,0,0,0.5393258426966292,0.3220338983050847,0.6978913099388154,0.288145573324375,0.04600635695613612,0.6417718645334973,0.7106348471554685,0.5559732394890906,0,0,0.6558901269986424,1,0,1,0,0,0
6109,0.2,0,0.0,0.6666666666666666,0.7042111186027142,0,0.5194263941771139,0.40736623366673175,0.7878345514556347,0.9430510711838994,0,0,0,0,0,0,0.7303370786516854,0.7966101694915254,0.048702344239983396,0.5542421942123816,0.6201789351456073,0.9245002518694242,0.5776651433983944,0.420420921035947,0,0,0.6667342753261303,1,0,0,0,0,0
6110,0.4,1,0.0,0.6666666666666666,0.7551974688969652,0,0.5587996828338737,0.35265520725123656,0.3908150286263434,0.6131143587518486,0,0,0,0,0,0,0.4044943820224719,0.9491525423728814,0.4821386539815162,0.8511006882682283,0.15006712573754788,0.509713649091354,0.8455315577266062,0.8498770114273443,0,0,0.9205061535020803,0,0,0,0,0,0
6111,0.0,1,0.0,0.6666666666666666,0.8395655971206198,1,0.32404197427653614,0.8674402688588259,0.23954859360662653,0.7799506893372207,0,0,0,0,0,0,0.1348314606741573,0.4745762711864407,0.33531330365822026,0.5422338494019943,0.17414449491315667,0.2037575397011366,0.012494394771885887,0.5628429957602565,0,1,0.6719444722906877,0,0,1,0,0,0
6112,0.36666666666666664,1,0.0,0.6666666666666666,0.25468076257930977,0,0.8087418308347084,0.9276291169172984,0.29588564235806974,0.6802010325078944,0,0,0,0,0,0,0.0,0.01694915254237288,0.2732646614260289,0.42222741170319844,0.965494245309324,0.799246116677301,0.712183702947289,0.5971304061688678,0,1,0.14927761456590827,0,0,0,0,0,1
6113,0.6,1,0.0,0.0,0.5501340629236626,0,0.2312030772819458,0.2346253577725567,0.35541867958488166,0.5801902088579651,0,0,0,0,0,0,0.11235955056179775,0.2033898305084746,0.2905326849848178,0.7616984647182458,0.638515475219504,0.678131822672707,0.26193064911982683,0.1072457590243642,0,0,0.2967228011669018,1,0,0,0,0,1
6114,0.43333333333333335,1,1.0,0.0,0.626224760493142,0,0.04527044344571732,0.5130136770700519,0.427915715178523,0.10137843083047372,0,0,0,0,0,0,0.9101123595505618,0.9152542372881356,0.22389290268564624,0.30626947784552994,0.9010340647722566,0.5078015080551733,0.1770392047127681,0.14305020917268355,0,0,0.2334380505753207,0,0,0,1,0,1
6115,0.6,0,0.3333333333333333,0.6666666666666666,0.8633079488361483,0,0.4523816883208016,0.7125972562313716,0.09454559681020173,0.706328451955834,1,0,0,0,0,0,0.25842696629213485,0.423728813559322,0.05895302761532134,0.5942643767952104,0.34891549120568444,0.31883037222761906,0.48858904593232416,0.5527202117115916,0,0,0.9289555467828915,0,0,0,0,0,0
6116,0.6666666666666666,1,0.0,0.3333333333333333,0.36610164264142675,0,0.812148461950664,0.5935334414615444,0.37177438613380454,0.31568865958780434,0,0,1,1,0,0,0.8426966292134831,0.6440677966101694,0.8332154203940667,0.2553075875567899,0.26154995722160573,0.037621042575675,0.17604403923330736,0.1941647728803003,0,1,0.1906968371947591,1,1,0,0,0,1
6117,0.6,1,0.0,1.0,0.05518882425449388,0,0.8308289765698972,0.1474217776440943,0.4669824006460749,0.8506313785149646,0,0,0,0,0,0,0.449438202247191,0.864406779661017,0.7684576347565107,0.21331323308666855,0.7362710726393777,0.07103469858090819,0.2885957819696599,0.785683527211445,0,0,0.1001941039409813,0,1,1,0,0,0
6118,0.7,0,0.6666666666666666,0.3333333333333333,0.5909719495462589,1,0.5137122962950122,0.03096085193740173,0.14796447450097672,0.768395233110411,1,0,0,0,0,1,0.6067415730337079,0.6101694915254238,0.9868063912131814,0.7805483203110933,0.48211377162706803,0.9415443748212138,0.723815201288014,0.10846172514524072,1,1,0.30682991509824176,0,1,0,0,0,1
6119,0.5666666666666667,1,0.0,0.3333333333333333,0.425022238452052,1,0.811970800068178,0.9930483989433354,0.13116173075546209,0.7208429391776344,0,0,0,1,1,0,0.06741573033707865,0.2033898305084746,0.002066267490432236,0.5662213816620473,0.6225402562285857,0.760175439033677,0.7496879355824446,0.6852436584513195,1,0,0.0146413328721001,0,1,0,1,0,1
6120,0.8666666666666667,1,0.3333333333333333,0.3333333333333333,0.7017762675798512,0,0.6766495868971559,0.32388067495192663,0.4315890114385873,0.7899616894421256,0,0,1,0,0,0,0.6629213483146067,0.3898305084745763,0.33790387561675383,0.2169486452096087,0.6696937733680046,0.1792460794993877,0.6644993637964104,0.541166247476794,0,0,0.653667633908553,0,0,0,1,0,0
6121,0.5333333333333333,0,0.0,0.6666666666666666,0.3467328578055042,0,0.9154876788266825,0.31504365086461833,0.8846731820104162,0.4900734625536459,0,0,1,0,1,0,0.5955056179775281,0.1694915254237288,0.17991141181794698,0.04759567981032166,0.060366899906630016,0.9854026730014377,0.41168795213918896,0.26958241437324487,0,0,0.13586081491968435,0,0,0,0,0,1
6122,0.6333333333333333,1,1.0,0.3333333333333333,0.6060328522460783,0,0.5196751291248362,0.6613456878383402,0.35935258984457397,0.6787732219508469,0,0,0,0,0,0,0.449438202247191,0.9491525423728814,0.8414145168534762,0.2849852779291708,0.25627572406679405,0.9852712445257767,0.6082619940635813,0.23319149187227872,0,0,0.6343563520248484,0,0,0,0,1,0
6123,0.9,0,0.0,0.3333333333333333,0.2678627199909666,0,0.03569375850531949,0.05573130088175102,0.16811849976922208,0.14351262625170919,0,0,0,0,0,0,0.6292134831460674,0.1016949152542373,0.8903102409688685,0.029524507634559355,0.19705664174447543,0.9661186889145461,0.42070028570481016,0.6479523936137281,0,0,0.4081268364202963,0,0,0,0,0,0
6124,0.6666666666666666,1,0.0,0.6666666666666666,0.07110555379668934,0,0.5971045678735403,0.9738906119331865,0.6594599803537129,0.24603287457108114,0,0,0,0,0,0,0.8539325842696629,0.711864406779661,0.29581876652774913,0.014129806536661007,0.3897852653700315,0.757096927019113,0.4228727580659234,0.587917064999235,0,0,0.7655129319464556,0,0,0,1,0,0
6125,0.5,1,0.0,0.0,0.4742762790643115,0,0.033708233001732715,0.9122136468795377,0.6741355447851459,0.0826427840782396,0,0,1,1,0,0,0.8651685393258427,0.3559322033898305,0.12792429196314517,0.1101295618856808,0.10161286689846734,0.4767828725347713,0.1663638140137614,0.1238500084152942,1,0,0.994404942396875,0,0,1,0,0,1
6126,0.03333333333333333,0,0.0,0.3333333333333333,0.3195568819947542,0,0.6331710795740971,0.6602185812895717,0.681075880690929,0.28658156471665613,1,0,0,0,0,0,0.5842696629213483,0.4406779661016949,0.3978800290194927,0.31373100014797106,0.30104304008425914,0.5877733826063265,0.3891327093673582,0.6327512215999567,0,0,0.9328967053245207,1,0,0,0,0,0
6127,0.8666666666666667,0,0.0,0.0,0.5566466021074999,0,0.33949657734294586,0.678577550556377,0.9703517477951451,0.9970789185199422,1,0,0,0,0,0,1.0,0.864406779661017,0.8358348874802248,0.677487822729627,0.8776963927537801,0.8776396588142188,0.7413455262866046,0.571209553262175,1,0,0.22481347503557234,0,0,0,0,1,1
6128,0.3,0,0.3333333333333333,0.3333333333333333,0.47313349831883805,0,0.8981920308070349,0.2500022319587993,0.13815511019823928,0.8084773641619882,1,1,0,0,0,0,0.0898876404494382,0.7627118644067796,0.09316541868798113,0.6565609842051459,0.23057905237626472,0.03061040066215697,0.6205247358615632,0.3026365969711089,0,0,0.4550910294439001,0,1,0,0,0,1
6129,0.5666666666666667,1,0.0,0.3333333333333333,0.7047757699217132,0,0.20006016016801514,0.05095534650149113,0.4779797233118321,0.23379243670771518,0,0,0,0,0,0,0.07865168539325842,0.9661016949152542,0.8055082795070863,0.01934746983295632,0.6580114726946659,0.2553374642952635,0.5954303270503706,0.6208184538450061,0,0,0.9031987670655617,0,0,0,0,0,0
6130,0.8666666666666667,0,0.0,0.3333333333333333,0.32354535421853026,0,0.9642630262602582,0.10682003648606427,0.8771263652537069,0.803616696774634,1,0,0,0,0,0,0.30337078651685395,0.11864406779661017,0.47315318726891065,0.17122989930886312,0.9909763143945568,0.5903879144279023,0.5447751676336053,0.04558176815852666,1,0,0.7821947985314908,0,0,0,0,0,1
6131,0.6333333333333333,1,0.6666666666666666,0.6666666666666666,0.061532931148979876,1,0.5110926350173894,0.618569104409588,0.07805010061136924,0.22041302925548534,0,0,0,0,0,0,0.5280898876404494,0.06779661016949153,0.8410079811994795,0.042421331647206066,0.9909358605196276,0.24901086533170885,0.2127855218155019,0.6084240473405627,0,0,0.6818229840018488,0,1,0,0,0,0
6132,0.23333333333333334,1,0.3333333333333333,0.3333333333333333,0.3426895168115009,0,0.8254487978976657,0.09614111946351585,0.8452713366052568,0.2659331579383334,1,0,0,0,0,0,0.5842696629213483,0.5084745762711864,0.7973339520399273,0.19936344906933018,0.6753408766760519,0.999749552932783,0.23665630169251448,0.09663299498302384,0,0,0.4372055768203511,0,0,0,0,0,1
6133,0.23333333333333334,1,0.0,0.3333333333333333,0.7352367499072624,1,0.10013475555701906,0.10534392085907103,0.972315151254145,0.46970404116036735,0,0,0,0,0,0,0.056179775280898875,0.3559322033898305,0.03595363322885534,0.39137779434556796,0.4450671003789701,0.2247837842143434,0.5887524547547238,0.6033893311259112,0,1,0.9626840954860025,0,0,0,0,0,0
6134,0.6333333333333333,1,0.0,0.3333333333333333,0.1372043068283134,0,0.7833013338067263,0.5580143854112473,0.052762576557265524,0.7019994450497249,0,0,0,0,0,0,0.3258426966292135,0.711864406779661,0.6494076791145778,0.3151813628309351,0.23137523644056443,0.7510609525748279,0.4269978045053543,0.766343338065198,0,1,0.8820697708927545,0,0,0,0,0,0
6135,0.4666666666666667,0,0.3333333333333333,0.6666666666666666,0.6372476605375936,0,0.9545259319784674,0.7347157710237533,0.3919678534443412,0.5883362266189124,0,0,0,0,1,0,0.16853932584269662,0.5423728813559322,0.6199108253024584,0.6568198766460754,0.840071397456192,0.6219134160603383,0.8771567262126636,0.25309514528360877,0,0,0.04950690569660074,0,0,0,0,0,0
6136,0.26666666666666666,0,0.0,1.0,0.7442600935016302,0,0.39009068035777894,0.2794229433684576,0.5879286713435607,0.5377605118575189,0,1,0,0,0,0,0.16853932584269662,0.05084745762711865,0.23744826969312077,0.004415825971891091,0.3184555417402982,0.33751054126065955,0.7779700654602438,0.7315125692366696,0,0,0.6507008001269134,1,0,0,0,1,0
6137,0.4,1,0.0,0.3333333333333333,0.8143432776750806,1,0.849585964795573,0.4191244350616631,0.5476478359497353,0.5341749743530786,1,0,0,0,0,0,0.6741573033707865,1.0,0.0002818946165632371,0.5836947979516829,0.21980875937589742,0.7196309851442513,0.32352190279316173,0.16325125349637784,0,0,0.9410141787862951,0,0,0,1,0,0
6138,0.4,0,0.3333333333333333,0.0,0.13636797790692848,1,0.3434879779016141,0.922774226370073,0.14767295717714388,0.3887730127039471,0,0,0,0,0,0,0.056179775280898875,0.8305084745762712,0.3432603361474676,0.027774898934739684,0.9165558755225923,0.6347905792813969,0.31376493855029436,0.9448089344562252,0,0,0.46696790688999407,1,0,0,1,0,0
6139,0.2,0,0.0,0.6666666666666666,0.8779832382869638,0,0.9859481957382038,0.8733728283193309,0.33164400634487756,0.9224000044201641,0,0,0,0,0,0,0.3595505617977528,0.05084745762711865,0.19119100328119276,0.055196310825743625,0.884886022577589,0.10917159002705094,0.1259209517551399,0.5777479008737287,1,0,0.6351591601162161,0,0,0,0,0,0
6140,0.0,1,0.0,0.3333333333333333,0.1729356854702449,0,0.8381382128020736,0.2691943646732482,0.9707554804736448,0.06733966832763852,0,0,0,1,0,0,0.7640449438202247,0.23728813559322035,0.6150145346309992,0.5521927910441765,0.8708041117991266,0.6373639689192625,0.3368622097349472,0.3848094912714447,0,0,0.07037210693837063,0,0,0,0,0,1
6141,0.9333333333333333,1,0.0,0.6666666666666666,0.8302411852369587,0,0.5440895565702807,0.7060285465591437,0.9315278476531309,0.6440996952702879,0,0,0,1,1,0,0.5955056179775281,0.7966101694915254,0.11222265000450643,0.44307220692388244,0.8888106083194682,0.6726255696509341,0.5757846754115993,0.4267853026083464,0,1,0.9352880652922178,0,1,0,1,0,1
6142,0.16666666666666666,0,0.3333333333333333,0.6666666666666666,0.7675092911466028,0,0.7335288607842675,0.2512928820093296,0.23794916449963427,0.8681871908142144,1,1,0,0,0,0,0.7303370786516854,0.6610169491525424,0.8814169466538644,0.6606147851807505,0.12525804808209384,0.23272944059822195,0.25640221817145886,0.41026392015909735,0,0,0.029100117187991707,0,0,0,1,0,1
6143,0.16666666666666666,1,1.0,0.3333333333333333,0.3588479276622044,1,0.8643284150547682,0.2335061100626731,0.8220791646777573,0.709525108146897,1,0,0,0,0,0,0.5393258426966292,0.9830508474576272,0.2988118146160715,0.6842962200101987,0.13842287121049918,0.1966523056463216,0.7388512000319635,0.6312626472264918,0,0,0.6763541296920507,0,0,0,0,0,0
6144,0.6333333333333333,0,0.3333333333333333,0.3333333333333333,0.76807700713723,0,0.5359443136445842,0.2949751011469794,0.5448456324603279,0.8696605520153782,0,0,0,0,0,0,0.3258426966292135,0.15254237288135594,0.7781986728310459,0.8083631592952057,0.06084710855334936,0.975435645883158,0.5362465241281522,0.8568868858896143,0,0,0.500155614134124,1,1,0,1,0,0
6145,0.23333333333333334,0,1.0,0.3333333333333333,0.8509012419210226,1,0.5836537896660284,0.5759829339835437,0.5228074763303194,0.5083534145404067,1,0,0,0,0,0,0.42696629213483145,0.7966101694915254,0.7010454514572583,0.05841546985443516,0.6876321887856888,0.9523552479036591,0.24117672105291021,0.5274506037491414,1,0,0.5570331507135798,0,0,0,0,0,0
6146,0.43333333333333335,1,0.0,0.0,0.21577581276961755,1,0.6608997379866681,0.331757572480031,0.9711478984434682,0.6615144855510225,0,1,0,1,0,0,0.9662921348314607,0.05084745762711865,0.6187845053643268,0.43799216737889274,0.22435865719123624,0.9762407691809978,0.12423452409760598,0.5036965984959012,0,0,0.17110336318977287,0,1,0,0,0,0
6147,0.9666666666666667,1,0.0,0.3333333333333333,0.592614068542068,0,0.46677257458382204,0.008215871774976045,0.024352776550621517,0.22427502871991273,0,0,0,1,0,0,0.7752808988764045,0.864406779661017,0.9758540229195786,0.9335246957635819,0.5794431287594947,0.26626282982402644,0.3268612807568704,0.6268432214411226,0,0,0.6213700831444972,0,0,0,0,0,0
6148,0.26666666666666666,0,0.0,1.0,0.2611636917626015,0,0.4450610283656971,0.3807279565745556,0.2164380996287619,0.46556100439711784,0,0,0,0,1,0,0.15730337078651685,0.5084745762711864,0.08061370985881622,0.8176633940703363,0.9726972660629141,0.39016629727191376,0.5666148958013547,0.8038715399436751,0,0,0.9262322594944122,0,0,0,0,0,0
6149,1.0,0,0.0,0.0,0.07275427360067421,1,0.28911504526992127,0.32745063972070176,0.7755816796998074,0.1871474316017197,0,0,0,0,0,1,0.7191011235955056,0.6610169491525424,0.46019499818702286,0.8042175252810572,0.03035216661168798,0.15594805554292512,0.7265549494203578,0.7932054654153,0,0,0.2229057407080426,0,0,0,0,1,0
6150,0.4,1,0.0,0.3333333333333333,0.1296627572094701,1,0.3460779951725753,0.24334759681513335,0.06877758257017652,0.12877494268756287,0,0,0,1,0,0,0.8651685393258427,0.1864406779661017,0.630678574072871,0.3308574381042634,0.4669156553896349,0.9789325255485167,0.82904806656968,0.757913175862388,0,0,0.7757771070871722,0,0,0,0,0,0
6151,0.6,1,0.6666666666666666,0.3333333333333333,0.8094430006563578,1,0.2687382401989826,0.1746210673676399,0.11126429543278704,0.9573228796095994,1,0,0,0,0,0,0.0449438202247191,0.0,0.1512078922247988,0.3009632159763601,0.8682549832231209,0.18868562059342467,0.7492159290116155,0.8940617906837733,0,1,0.9717045139967961,0,0,0,0,0,0
6152,0.7,1,0.0,1.0,0.3270387669170058,1,0.16212655791519498,0.7007888552821843,0.811942776015887,0.3915328905927363,0,0,0,1,0,1,0.12359550561797752,0.8983050847457628,0.4394319234059256,0.49353306617212434,0.8271249297861045,0.09247976136389448,0.5125426801856808,0.2479145598048731,1,0,0.713563937328478,0,0,0,0,0,1
6153,0.23333333333333334,1,0.0,0.3333333333333333,0.5115971446306042,0,0.9519634767859962,0.5289748130580716,0.9519241412594686,0.12236348652514345,0,0,0,0,1,0,1.0,0.01694915254237288,0.17041456488349258,0.29935024616863504,0.24614318007718605,0.963583010272511,0.7594362088239539,0.06582273516810824,0,0,0.8225098326761898,1,0,0,0,1,0
6154,0.9333333333333333,0,1.0,0.6666666666666666,0.17478682759753175,1,0.4917038192421427,0.7938423581008377,0.1823475063469987,0.5413465516366949,0,0,0,0,0,0,0.7303370786516854,0.711864406779661,0.9637104752739298,0.11916006472981729,0.7274161840680173,0.7828696098334541,0.29949980346298943,0.9812788163623974,1,1,0.25286383474072827,1,0,0,1,0,1
6155,0.0,0,0.0,0.3333333333333333,0.19669807992359453,0,0.36877840206585655,0.5001005198777587,0.6121391278526821,0.8204257332893656,0,0,0,0,1,0,0.9550561797752809,0.288135593220339,0.8257919641835217,0.5394114958983488,0.4933427376392838,0.5389173547442642,0.8732370200079926,0.5770298921985121,0,0,0.9324367226025557,0,0,0,0,0,0
6156,0.3333333333333333,1,0.3333333333333333,0.3333333333333333,0.6375015233174416,1,0.863817895804224,0.7676313762779232,0.37646884236601985,0.2443210622424492,0,0,0,1,0,0,0.4606741573033708,0.7627118644067796,0.3409824122084203,0.3541528729040824,0.7739111841621757,0.12943763411822753,0.8014371236716201,0.49487628023550645,0,0,0.8181805828926845,0,0,0,0,0,0
6157,0.06666666666666667,1,0.3333333333333333,0.0,0.5266788469388928,0,0.9639728066018451,0.6792762932499438,0.5213140896815074,0.3611805063947945,0,0,0,0,0,0,0.21348314606741572,0.23728813559322035,0.3009532922883497,0.7045391348264473,0.6980529760625729,0.16319318210855768,0.9137634424831217,0.8148873278797427,0,0,0.8968836894970139,0,1,0,0,0,0
6158,0.0,1,0.0,0.3333333333333333,0.7952840472294577,0,0.0461176455244016,0.27219405491329324,0.5577621932728244,0.39598428329905067,0,1,0,0,1,1,0.8876404494382022,0.6440677966101694,0.3568543572118045,0.2564670866165548,0.8784867249941566,0.6706514287593903,0.8676291086711567,0.7886233793320746,1,0,0.0512753869452639,0,1,0,0,1,0
6159,0.23333333333333334,1,1.0,0.0,0.788099297603448,0,0.5385049339494696,0.44267113140202924,0.019692743588061983,0.0005906511562399657,1,0,0,0,0,0,0.2247191011235955,0.6101694915254238,0.5625066795852759,0.007778465326785921,0.8659302586659188,0.2247106604484352,0.5881079540041304,0.37167722540789094,1,1,0.1641213616384265,0,0,0,0,0,1
6160,0.36666666666666664,1,0.0,0.3333333333333333,0.6417510744789021,0,0.0644987484171504,0.3074696164350246,0.765791507603748,0.027392600560747642,0,1,0,0,0,0,0.5617977528089888,0.6271186440677966,0.6723030244936037,0.7334293349122576,0.16743849825321766,0.990086157374593,0.5904874159284663,0.603993794972097,1,0,0.7969680274107671,0,0,0,0,1,0
6161,0.5333333333333333,0,1.0,1.0,0.3988102772249882,0,0.6950235496389924,0.3444165351669194,0.25873028888527655,0.0067985615567438245,0,0,0,0,0,0,0.47191011235955055,0.03389830508474576,0.9505754369249977,0.10893010356963982,0.31750428142146386,0.9806075357678089,0.3417728280176326,0.1943162357235957,0,1,0.6411632075249329,0,0,0,0,1,1
6162,0.9,0,0.0,0.3333333333333333,0.07138430175864842,1,0.9244059466247522,0.5691147925863906,0.18599993116446903,0.9278529542528993,1,0,1,0,0,1,0.8426966292134831,0.5423728813559322,0.300177234933987,0.8209867447908483,0.7122567496454072,0.6839904665990391,0.023923864018440027,0.8780587437681782,0,0,0.08487873278419004,1,0,0,0,1,0
6163,0.2,0,0.0,0.3333333333333333,0.7776407423784016,0,0.9270242601926888,0.3876946018555162,0.5394562251090257,0.6304746937808678,1,0,0,1,0,0,0.9887640449438202,0.559322033898305,0.22806210106189928,0.2067309709801245,0.40879472162535685,0.8245906782170559,0.12855837641884946,0.8789527733725937,1,0,0.06666298620037116,0,0,0,0,1,1
6164,0.7333333333333333,0,0.0,0.6666666666666666,0.5805676364275266,0,0.8257761290814783,0.0750432027826736,0.8947509827204477,0.7290692158518159,0,0,0,0,0,0,0.1797752808988764,0.559322033898305,0.7621662489229996,0.09758242664838934,0.6217381540151455,0.21908941949986543,0.3502115242960659,0.9572769291681438,0,0,0.5122307766070064,1,1,1,0,0,0
6165,0.36666666666666664,1,0.3333333333333333,0.3333333333333333,0.33039431273896464,1,0.5895516228343102,0.27891835323108133,0.4266482770546569,0.2876257052539222,1,0,0,0,0,0,0.34831460674157305,0.15254237288135594,0.9903453577531927,0.8307831413404265,0.9619629624411865,0.2304211798818898,0.0150070290689137,0.546626052255494,0,0,0.7867239218732568,0,0,0,0,0,0
6166,0.8333333333333334,1,0.0,0.3333333333333333,0.067878628685271,0,0.6956433566315848,0.43573412892197094,0.2369878965694048,0.21299050201739184,0,0,0,0,0,0,0.6404494382022472,0.864406779661017,0.019708466747133398,0.9674527439590985,0.618393555958014,0.19715798441447607,0.5579722347093917,0.6059374864490559,0,0,0.08537060256391522,0,1,0,1,1,0
6167,0.4666666666666667,1,0.0,0.0,0.016755613571261804,0,0.30090301850172335,0.736128814471331,0.2943046656187093,0.08749454199637087,0,0,0,0,0,0,0.4943820224719101,0.9152542372881356,0.46945110373350607,0.8766513291286616,0.21832779824538404,0.281774913271025,0.2168630965155249,0.07404372868608296,0,0,0.027660267488785743,0,0,0,0,1,1
6168,0.26666666666666666,0,0.3333333333333333,0.6666666666666666,0.4943752371748758,1,0.160913929586389,0.7645684714868386,0.5304624668362,0.9857353073497672,0,0,0,0,0,0,0.7752808988764045,0.22033898305084745,0.8291726971230554,0.0854263591831154,0.21858719206436827,0.8070616469658096,0.7269660771482392,0.6727373087164183,0,0,0.2464695419156421,0,0,0,0,1,0
6169,0.06666666666666667,1,0.0,1.0,0.2974838343676141,0,0.7104048757934209,0.8002075166440051,0.4155537545343971,0.9751980794651677,0,0,1,1,0,0,0.5842696629213483,0.2033898305084746,0.4292515478377477,0.35024975272220804,0.2545767752239722,0.24300314397069273,0.6944856026983314,0.9656343177512775,0,0,0.7241175683467144,0,0,1,0,1,0
6170,0.2,0,0.0,1.0,0.19829734937746527,1,0.8568217959748013,0.02531603916113339,0.21254875277505572,0.16106266713982378,0,0,0,0,0,0,0.6292134831460674,0.9830508474576272,0.3971957085777164,0.09037593212392919,0.27588251922962,0.585790123665999,0.8399609324611237,0.8206199437388553,0,0,0.7614495243901025,0,0,1,1,0,0
6171,0.9666666666666667,1,0.6666666666666666,0.6666666666666666,0.6700818883968712,0,0.22812316879336095,0.17982005573696347,0.05002961963420368,0.39693701007351123,0,0,0,0,0,0,0.5056179775280899,0.5932203389830508,0.355231994364109,0.38382021619467194,0.057653727150992665,0.8113013398227075,0.7580715959228413,0.8385666864950656,0,1,0.8401275165294245,1,0,0,1,0,0
6172,0.4,1,0.0,0.6666666666666666,0.39099977531652175,0,0.5417818033869142,0.6653694364503745,0.716996277305291,0.3367948697114487,0,0,0,0,0,1,0.24719101123595505,0.7966101694915254,0.6732181412230718,0.70177449185463,0.7368874079512425,0.7603699486800287,0.4830199424779393,0.029658736620044104,1,0,0.44359539595288283,0,0,0,0,0,1
6173,0.26666666666666666,1,0.3333333333333333,0.3333333333333333,0.7233804587533672,0,0.9249286854744833,0.35759648913232056,0.2833774259616937,0.9626236861772222,1,0,0,0,0,0,0.25842696629213485,0.2033898305084746,0.10730403715618005,0.8733496887965193,0.6106521117631069,0.18083504885825089,0.22793250667977635,0.079334265495494,0,0,0.043389241804766374,0,0,1,1,1,1
6174,0.26666666666666666,0,0.0,0.3333333333333333,0.29936790393665863,0,0.7231581655952384,0.7400903557179039,0.8690131480124779,0.1114954166491093,0,0,0,1,0,1,0.9662921348314607,0.6271186440677966,0.9846162176933168,0.06570748549625183,0.14015537669243722,0.13940752954638475,0.12316985423038286,0.3847854231796243,0,0,0.2829899165699539,0,0,0,0,0,1
6175,0.43333333333333335,0,0.0,0.6666666666666666,0.2029401885356165,0,0.21527610180091175,0.4024159862912672,0.34408758754111185,0.6361705725374085,1,0,1,0,0,0,0.2247191011235955,0.8135593220338984,0.29562766535324736,0.49277959827727186,0.36261136526131466,0.4894856907787812,0.32948432673355427,0.8159753893020116,0,1,0.9612293746559671,0,0,0,0,0,0
6176,0.5333333333333333,1,0.6666666666666666,0.6666666666666666,0.1983203077371116,1,0.5815131686635227,0.9268387290594,0.0340235258208339,0.45764572600893155,0,0,0,0,0,0,0.5730337078651685,0.3559322033898305,0.039734399293780656,0.03115164935340993,0.5576989064630402,0.8774106305734569,0.9361643575301409,0.12838633368859534,0,0,0.08002409804333571,0,0,0,0,1,0
6177,0.23333333333333334,0,0.0,0.3333333333333333,0.23590631417232877,1,0.9541412451745676,0.9182494071614489,0.8540038023214568,0.1539169994987349,0,0,0,0,0,0,0.033707865168539325,0.9152542372881356,0.7915457468606574,0.5804950625625729,0.4037147015075751,0.6510919966189289,0.25214597906252106,0.06495905111849247,1,0,0.5806125029358655,0,0,0,0,0,1
6178,0.3333333333333333,1,0.0,0.3333333333333333,0.7967700109058988,0,0.11046308171823226,0.9458596144058403,0.017209494764842934,0.9539891428011861,0,0,0,0,0,0,0.43820224719101125,0.8983050847457628,0.812240617722918,0.573412418752636,0.6123628008333755,0.32370030358652085,0.27978318987703066,0.8206820168817421,0,1,0.24629294408452135,0,0,0,0,0,1
6179,0.7333333333333333,1,0.0,0.3333333333333333,0.8803098640997655,0,0.6164979393438781,0.245054867004381,0.7012770483341112,0.21693622502364704,0,0,1,0,0,0,0.6292134831460674,0.8983050847457628,0.7371421409324477,0.03282357522788302,0.669472129536872,0.5073949547352791,0.5073748883756382,0.6840574091134654,0,0,0.1964044092600568,0,1,0,0,0,0
6180,0.5333333333333333,1,0.3333333333333333,0.3333333333333333,0.39097181460304276,1,0.2651522327107554,0.24551617950819649,0.7725556442502298,0.3189548110184336,0,0,0,0,0,0,0.2808988764044944,0.7627118644067796,0.36104467679685753,0.5599649245719798,0.3637390544562289,0.2608074084073063,0.26174648351053065,0.36113213849968223,1,0,0.026804596175399417,1,0,1,0,0,1
6181,0.8,0,0.3333333333333333,0.0,0.19905511094171047,0,0.014937265273602583,0.22307242630978674,0.6487490600755115,0.12160601327646335,1,0,0,1,0,0,0.5842696629213483,0.3728813559322034,0.7623740133051538,0.3254157292487087,0.08568750493151527,0.8055840756260281,0.8609952266375155,0.6100184104199435,0,0,0.030859752201058407,1,1,0,0,0,0
6182,0.6333333333333333,0,0.3333333333333333,0.6666666666666666,0.3126415922398651,1,0.2020947704842342,0.03897416983644027,0.4446255891142217,0.35580872330685914,1,0,0,0,0,1,0.7528089887640449,0.711864406779661,0.13501903815532357,0.7777745203488515,0.034283093368715656,0.3589966228862463,0.230688334181746,0.626558782100366,0,0,0.7380340953344934,0,1,0,0,1,0
6183,0.36666666666666664,1,0.0,1.0,0.5330701328620933,0,0.6673936357125352,0.33442005595799157,0.7800847424699343,0.6315115200963745,0,1,0,0,0,0,0.6067415730337079,0.3898305084745763,0.9327550208829344,0.9716176769716451,0.8619914183476456,0.9084352801338275,0.011279209583460573,0.288825715400072,1,0,0.6602127612196358,0,0,0,0,0,1
6184,0.9,1,0.6666666666666666,0.3333333333333333,0.5105436781446551,1,0.8275842497921068,0.027821352587605503,0.5920569326866576,0.6392096214994966,0,0,0,0,0,0,0.8426966292134831,0.7457627118644068,0.018505443598022694,0.21066036751095113,0.20395975443198874,0.30299868149216475,0.8468563885514699,0.3086316032404226,0,0,0.6643428693201818,0,0,0,0,0,0
6185,0.7666666666666667,0,0.0,0.3333333333333333,0.5993895746497445,0,0.3298051840620267,0.09857344831771714,0.24517766979776268,0.25420256782408823,1,0,0,0,0,0,0.011235955056179775,0.559322033898305,0.7000520345492627,0.7214306799258371,0.8747243556187987,0.527658435523562,0.48339113601633626,0.4208559133164715,0,0,0.14000579610507918,0,0,0,0,0,1
6186,0.16666666666666666,0,0.0,0.3333333333333333,0.5482446762199081,0,0.04783185006020821,0.9174781916671573,0.38060716861111277,0.38527737385413185,1,0,0,1,0,0,0.1797752808988764,0.2542372881355932,0.7265635058496283,0.0602056680642793,0.9947749655968315,0.8479804011713615,0.8670031277947383,0.884701372459797,1,0,0.7442064036251572,0,1,0,0,0,0
6187,1.0,0,0.0,0.0,0.5172782358548971,0,0.7145719861004233,0.3467842741539625,0.7947087622087659,0.4170896055027549,1,0,0,0,0,0,0.0898876404494382,0.423728813559322,0.45827180431556735,0.6324679973611853,0.99940198211054,0.8844716604237082,0.020143632381508517,0.8795328938863618,1,0,0.24123810612947172,0,0,0,0,0,1
6188,0.9666666666666667,0,0.0,1.0,0.9194648410312698,0,0.716395686290905,0.8252706987929808,0.090402596234867,0.5942993211630079,0,0,1,0,0,0,0.25842696629213485,0.4915254237288136,0.4960677431556544,0.35793868327735545,0.8948978783288251,0.8011032805208339,0.21473698259526433,0.5559245187218886,0,0,0.8018714619056334,0,0,0,0,1,0
6189,0.7666666666666667,1,0.3333333333333333,1.0,0.5367046347820202,0,0.4994782419447311,0.9899191213282186,0.9577625723619113,0.7253761380652749,0,0,0,0,0,0,0.8426966292134831,0.5254237288135594,0.30325067490132807,0.6168924790738537,0.28592225866413873,0.44272227719568397,0.6244233437256971,0.5287530441575133,0,0,0.46604829693959554,0,0,0,0,0,0
6190,0.8333333333333334,0,0.0,0.0,0.45094076816690654,0,0.47590535043171606,0.47855120877618007,0.5011535595751768,0.9194863035531341,0,0,0,0,0,0,0.6067415730337079,0.6101694915254238,0.5825232385908397,0.21426345908537278,0.8831875579684806,0.4708221414188294,0.08549109983638026,0.7972084433735311,0,0,0.9215431816354075,0,1,0,0,0,0
6191,0.43333333333333335,1,0.6666666666666666,0.0,0.4478227540909596,1,0.32307531329144734,0.042025333785432835,0.23090442379653756,0.5021703548122632,0,0,0,0,1,0,0.30337078651685395,0.7457627118644068,0.12075379382303916,0.6575134017384876,0.16695390127117363,0.3837605871523017,0.28098263000334295,0.5908579598709655,0,0,0.30814928717677476,1,1,0,1,1,0
6192,0.6666666666666666,1,1.0,0.6666666666666666,0.3485058199846152,1,0.6172606921977363,0.5976859512918431,0.16174991023975918,0.8240947003018526,0,0,0,1,0,1,0.21348314606741572,0.8813559322033898,0.762579602643822,0.5279931702219144,0.4302339213774884,0.28509738209673674,0.8034742267461605,0.7024128384676631,0,0,0.27431925977034005,0,0,0,0,1,0
6193,0.4666666666666667,0,0.3333333333333333,1.0,0.5819826024390123,0,0.03481515414151508,0.275032960038009,0.8522961246592102,0.9981010008772307,0,0,0,0,0,0,0.8314606741573034,0.23728813559322035,0.09633241789307663,0.6740099586977492,0.0513252070077872,0.9018351162409654,0.8388079215772638,0.6493778450755661,0,0,0.02169443584835743,0,0,0,0,1,0
6194,0.7666666666666667,0,0.0,0.3333333333333333,0.9380851527426551,1,0.9457121086968575,0.756680795153899,0.3109907188889318,0.6821337218091372,1,0,0,0,0,0,0.06741573033707865,0.711864406779661,0.8439133482024711,0.11726672726001341,0.2923263923014633,0.9300289338403886,0.9655649860705203,0.4522148806518716,1,0,0.888090837996721,0,1,0,0,0,0
6195,0.2,1,0.0,1.0,0.8937401324810553,0,0.9742617227613434,0.05850675950906356,0.5536176137130626,0.40637065018046253,0,0,0,0,0,0,0.20224719101123595,0.5932203389830508,0.2915202424178871,0.8632648703429933,0.11098960594523871,0.21312350568479105,0.7441952432979015,0.5717105072780732,0,0,0.15226801956762606,0,0,0,1,0,0
6196,0.36666666666666664,1,0.0,0.3333333333333333,0.9512981805641284,1,0.7844396384259934,0.40423897726984004,0.5419382639512346,0.3034382402552848,0,0,0,0,0,0,0.5617977528089888,0.8135593220338984,0.5116792772856157,0.28692263882278707,0.16485344004293584,0.4369231006706658,0.07492807004892493,0.24638315964237661,1,0,0.4899475442602593,0,0,1,0,0,1
6197,0.1,1,0.0,0.3333333333333333,0.5249805049760874,1,0.6319763254182907,0.8042375502642998,0.025209494601877633,0.02676787105616604,0,1,0,0,0,1,0.21348314606741572,0.6779661016949152,0.3012082611610907,0.45449807716138835,0.6760731916547192,0.5237514186943674,0.35045529378652074,0.3433010641564207,0,0,0.25077301093949744,0,1,0,0,1,1
6198,0.5,0,0.6666666666666666,0.6666666666666666,0.11864101320365243,1,0.8584468799108561,0.5008754312980879,0.11507060204099524,0.31431780384297253,1,0,0,0,0,0,0.797752808988764,0.4067796610169492,0.7188041159779794,0.6634979276461008,0.5432732841265787,0.47203588690826176,0.29343175980030795,0.6667070367873178,1,0,0.13535533166293853,0,0,1,0,0,1
6199,0.03333333333333333,0,0.0,0.3333333333333333,0.12361870149829245,0,0.8096831153859804,0.5986174650617019,0.37926621458036985,0.15776859464249743,0,1,0,1,1,0,0.4044943820224719,0.6101694915254238,0.6670435099731753,0.6113022830303216,0.01177100971801941,0.7398519196787701,0.8846481261006989,0.930137104665997,0,0,0.9091394361270767,0,1,1,0,0,0
6200,0.9333333333333333,0,0.0,0.3333333333333333,0.8134151255117628,0,0.9511780788902827,0.5761677387633523,0.8624813434475368,0.2158773126723812,0,0,0,0,0,0,0.38202247191011235,0.8983050847457628,0.5608965951567829,0.8701641538890583,0.6515900295087622,0.39657643762137484,0.6474113375718733,0.19065254641999463,1,0,0.5068539796812902,0,1,0,0,1,1
6201,0.3333333333333333,0,1.0,0.0,0.6401065214826452,0,0.061879526100268124,0.8583143172574551,0.3156498408483545,0.8767218481268686,1,0,0,0,0,1,0.1797752808988764,0.0,0.3017681543806488,0.9590898072551282,0.22445545989400587,0.4845861044397899,0.7863865537821819,0.6873736309016776,0,0,0.23094261266453536,1,0,0,0,0,0
6202,0.6,0,1.0,0.0,0.6215288997434802,0,0.5823149288997872,0.9306171637223364,0.7932468168469743,0.6897477987621868,0,1,0,0,0,0,0.07865168539325842,0.1694915254237288,0.42551426534038383,0.8179973586318815,0.050433134772494274,0.5391800315617301,0.14823433470322675,0.49553023662371404,0,0,0.7884850915813039,0,0,0,1,1,0
6203,0.2,0,0.0,1.0,0.567624040009703,1,0.4771176060002228,0.5815949292102256,0.5430909769073604,0.6034257573751468,0,0,0,0,0,0,0.8539325842696629,0.559322033898305,0.5791086062841836,0.9220124156816953,0.21102558153984205,0.008329808087560467,0.33057396950165285,0.7540286815943784,0,0,0.33846888733964847,0,0,0,0,0,0
6204,0.9,1,0.0,0.0,0.8432136652354547,0,0.4665731492846758,0.14587005241138443,0.4847592719847353,0.20988736186978357,0,0,0,0,1,0,0.39325842696629215,0.4576271186440678,0.5376464095259367,0.7993631788327209,0.8811802796528986,0.1211914604581281,0.26887245026157675,0.9853314134829547,0,1,0.3734616432224705,0,1,0,0,0,1
6205,0.23333333333333334,1,0.3333333333333333,0.0,0.18852214398732467,1,0.8513692543501248,0.6235783357926948,0.5561430991538739,0.01840830455595301,0,0,0,0,0,0,0.5393258426966292,0.7627118644067796,0.4222951972488428,0.46526993981630527,0.7961144936196657,0.9889282019822092,0.46208763554782145,0.43558842830708644,0,0,0.8598261212265931,0,1,0,0,0,0
6206,0.7666666666666667,1,0.0,1.0,0.346697966035532,0,0.5024628179466437,0.9942265826942027,0.8103269633070371,0.003377799175327032,0,0,0,0,0,0,0.5730337078651685,1.0,0.5631509749199505,0.17563678642678157,0.6433042470738638,0.5765092708465411,0.6976150320744197,0.5343482577246033,0,0,0.10291153762395684,0,1,0,0,1,0
6207,0.13333333333333333,1,1.0,0.3333333333333333,0.739108470915106,0,0.5331377220208874,0.5850877625950147,0.44570666970823086,0.0564803143847361,1,0,0,1,1,0,0.4943820224719101,0.8813559322033898,0.3727603673425589,0.9247087120308194,0.26006524524921715,0.39880549412677074,0.5599741619730126,0.7473157108120753,0,0,0.762864127454172,0,0,0,0,0,0
6208,0.5,1,0.0,0.6666666666666666,0.3983675385442644,1,0.5638001065162467,0.056021811991872096,0.6854088248712125,0.9260061107000601,1,0,0,0,0,0,0.7528089887640449,0.05084745762711865,0.8897036116237715,0.9734978212079145,0.5031964472756911,0.3660126492429041,0.1653736618359605,0.4765449136861258,0,0,0.6585871661683669,0,1,0,0,0,0
6209,0.9333333333333333,0,0.0,0.6666666666666666,0.5255182090366047,0,0.4246842463080841,0.40329111445587434,0.7012279490498231,0.9159656443927136,0,0,0,0,0,1,0.2247191011235955,0.8135593220338984,0.652147865280389,0.31211337373077125,0.10214951406980816,0.5805706430223029,0.8511417792971852,0.7648336483884409,1,1,0.6709585785399659,1,1,0,0,1,0
6210,0.43333333333333335,0,0.0,1.0,0.48752878112401593,0,0.8147069247982643,0.8600452870914991,0.856487749883035,0.44640143320958214,0,0,0,0,0,0,0.9662921348314607,0.7627118644067796,0.46290245160367416,0.8698457397942202,0.9631146850072215,0.15036322673004268,0.9671516793389128,0.6684575083429853,0,0,0.024782771557395947,0,0,0,1,1,0
6211,1.0,0,0.6666666666666666,0.3333333333333333,0.40564058216375426,0,0.8881953264244293,0.3049589129111747,0.3250595873729611,0.9029004155151362,1,0,0,0,0,0,0.19101123595505617,0.9322033898305084,0.7214131875776989,0.667052002318824,0.6806670170984679,0.16533479534796566,0.5428028853864768,0.8777529806090646,0,0,0.622580574914577,0,1,0,1,1,0
6212,0.9,1,0.0,0.3333333333333333,0.5129328950266889,0,0.900775896048592,0.6559907138718578,0.4410348789023879,0.6961766278086138,1,0,0,0,0,0,0.5617977528089888,0.7457627118644068,0.2752015302250987,0.9959483217243689,0.13345910891365134,0.5888166936872112,0.40194027024908113,0.7240223263265338,0,0,0.6503111115607226,1,1,0,0,0,0
6213,0.4,0,0.0,0.3333333333333333,0.27190441844674956,0,0.008706166243942626,0.813412921225934,0.1570962761636743,0.022990156352148093,1,1,0,0,0,0,0.38202247191011235,0.6779661016949152,0.8617976022069215,0.17306332170619174,0.9639353674077465,0.15012253959468838,0.8690577339196411,0.15557437615055134,1,0,0.9683235476862179,0,1,0,0,0,0
6214,0.5333333333333333,1,0.0,0.0,0.3826862209421618,1,0.7545634528515966,0.24089109075629642,0.40331659622393445,0.37432474979056196,0,0,0,1,0,0,0.6629213483146067,0.6610169491525424,0.4688122830962737,0.7310446932272494,0.32042492142980444,0.4923909782573198,0.36453210062263686,0.09520157014556418,0,0,0.9715113923661177,0,1,1,0,0,0
6215,0.5666666666666667,1,0.0,0.6666666666666666,0.7103975897729534,1,0.037392831094627474,0.9107950818046956,0.4462092988795296,0.5260848386707762,0,0,0,0,0,0,0.011235955056179775,1.0,0.9891518765305269,0.885522080924704,0.20427059262905875,0.3473303315493637,0.09363820941454475,0.1410562098221616,0,0,0.06278826925996055,1,0,0,0,0,1
6216,0.43333333333333335,0,0.0,0.3333333333333333,0.4420168102426032,0,0.6267495648157072,0.1656353023452649,0.6787869321168698,0.7817970141410966,0,0,0,0,0,0,0.8426966292134831,0.0847457627118644,0.9479621517552466,0.8665091114179653,0.19061883656956188,0.6393362771275631,0.6833574281827479,0.3499183126319653,1,0,0.6102328725331823,0,0,0,1,0,1
6217,0.26666666666666666,0,0.0,0.0,0.908939280539533,1,0.546677673894501,0.5201148744430335,0.5460884997199581,0.4986034270547445,1,0,0,1,0,0,0.8876404494382022,0.7627118644067796,0.9808438007888745,0.4217058426218129,0.6695852054373486,0.8021369340984507,0.5043961072649986,0.5883349104802535,0,0,0.6759527473731068,0,1,0,0,0,0
6218,0.3,1,1.0,0.6666666666666666,0.6277150739074088,1,0.7665112328743828,0.9817076931610976,0.5855400132156625,0.634671969005986,0,1,0,1,0,0,0.30337078651685395,0.7796610169491526,0.8084071001575308,0.2939044126938311,0.8307312517137094,0.9150360812342888,0.11995099643076644,0.08532348812776037,0,0,0.9499989680370903,0,0,0,0,0,0
6219,0.4666666666666667,0,0.3333333333333333,1.0,0.7623295113541092,0,0.20368818330853464,0.5250120132861176,0.16637970373514455,0.34205699210621254,1,0,0,0,0,0,0.550561797752809,0.847457627118644,0.7332954616886594,0.5041970332142619,0.9529882932801761,0.5659150875906034,0.2950347746314255,0.7344042142633361,0,0,0.33953209686230773,1,0,0,1,0,0
6220,0.8,1,0.6666666666666666,0.6666666666666666,0.4592343626273334,0,0.1493897957735726,0.3011987386862023,0.0824268555241146,0.006989712451687049,0,0,0,0,0,0,0.1348314606741573,0.6271186440677966,0.6652180491844552,0.9580854906621674,0.4133839693624895,0.1395599936490228,0.9789505648159249,0.41609037143665273,0,0,0.4997511495633635,0,0,0,0,1,0
6221,0.43333333333333335,1,0.0,0.3333333333333333,0.647849242838365,0,0.7989030862010403,0.41257958668885175,0.3039628870429287,0.2772224356485844,0,0,1,0,0,0,0.30337078651685395,0.8813559322033898,0.22002368391926597,0.9614461808220531,0.6231448522737753,0.3427614221531075,0.06430904935011815,0.5045843673986233,0,0,0.23515787294038745,1,0,0,0,1,0
6222,0.26666666666666666,0,0.0,0.6666666666666666,0.943223364703427,0,0.5527148342151101,0.5053828044813546,0.8830418202105015,0.13402963847855764,0,0,0,0,0,0,0.42696629213483145,0.864406779661017,0.3107460061608122,0.013261859714578548,0.9410649803237292,0.6278157412431284,0.1733138220917832,0.12987857119496724,0,0,0.3645928215679411,0,0,0,0,0,1
6223,0.3,0,0.0,0.6666666666666666,0.6103214246982503,1,0.26899126205186785,0.6916287469562495,0.17985852565884128,0.8276977589513116,0,0,1,0,0,0,0.33707865168539325,0.3220338983050847,0.03481038119421713,0.7280209465260725,0.9273365640241402,0.08754149259936582,0.13979858689133393,0.2008332431140561,1,0,0.820463858847641,0,0,0,0,0,1
6224,0.4,1,0.0,0.0,0.3236269299228597,0,0.20910045786007653,0.600965968616015,0.009091239860788995,0.08065658707367179,0,0,0,0,0,0,0.7078651685393258,0.9830508474576272,0.9520678305174409,0.8904415265737088,0.9918503491128161,0.6555411334836353,0.2312944808222668,0.15770415868969037,1,0,0.8472271291564245,0,0,0,1,0,1
6225,0.43333333333333335,0,0.0,0.6666666666666666,0.4242127264129738,0,0.4813478686188145,0.9944726736727244,0.011929318170046006,0.07315175617007118,0,0,0,0,0,0,1.0,0.13559322033898305,0.96263055499812,0.9069817264913523,0.5929594420716006,0.6174493167259727,0.4768500468588915,0.417971098277319,0,0,0.7000253706354642,0,0,0,0,0,0
6226,0.13333333333333333,0,0.0,0.3333333333333333,0.9078613661467467,0,0.9388122876477876,0.9785062657240889,0.16957101738556504,0.0666513056601567,0,0,0,0,0,0,0.33707865168539325,0.4745762711864407,0.630211515442133,0.7555556341164207,0.32455814550129647,0.7794201646639393,0.19670184474312963,0.22765081271186594,0,0,0.25816313141302605,1,1,0,0,0,1
6227,0.13333333333333333,1,0.0,0.3333333333333333,0.5885855798054047,0,0.20446984992050132,0.6364154249006108,0.6740982751199344,0.5171983237326747,0,0,0,0,0,0,0.6853932584269663,0.9491525423728814,0.9354078681572929,0.4879883731989671,0.238722266717988,0.9326516078747346,0.08054464560562989,0.862818189119126,0,1,0.4706292485865331,1,0,0,1,1,1
6228,0.6666666666666666,1,0.0,0.3333333333333333,0.27267473469860115,0,0.13322958418178574,0.979303957878147,0.6011467462431309,0.164607277404208,1,0,0,0,0,0,0.8426966292134831,0.8983050847457628,0.563612813133816,0.5484575752756244,0.8958699110371253,0.2580754788354337,0.9762172948074921,0.24458323709016927,0,0,0.9662496554987886,1,0,0,0,0,0
6229,0.7333333333333333,1,0.0,0.3333333333333333,0.7516496825286831,0,0.5339950642957731,0.20444230425403395,0.08471700584357109,0.748050728884732,0,0,0,0,0,0,0.011235955056179775,0.8135593220338984,0.4401461617506721,0.4901253566465887,0.3848575051303748,0.7620897300448146,0.8014211071008656,0.09858252696088439,0,0,0.9109959441484248,0,0,0,1,0,0
6230,0.2,0,0.3333333333333333,0.6666666666666666,0.08260381227460178,0,0.021889904774152053,0.31184582000880684,0.10125531524642228,0.11183899038820676,0,0,0,0,0,0,0.33707865168539325,0.8983050847457628,0.6783196335033894,0.007610727551935955,0.30758961677763624,0.8478838033520095,0.008016783843399742,0.20412498648387634,0,0,0.9157374890786301,0,0,0,0,0,0
6231,0.8666666666666667,0,0.0,0.6666666666666666,0.3488534507040289,0,0.1465061103953562,0.5048830489235697,0.19637306916195327,0.9059062087565313,0,0,0,1,0,0,0.29213483146067415,0.11864406779661017,0.8949093950670081,0.4193033071335627,0.16963882146404904,0.9040359672867598,0.019004160741256187,0.4950215683666039,0,0,0.778863631611761,1,0,0,0,1,0
6232,0.7,0,0.0,0.3333333333333333,0.5628691735598027,0,0.4853453826246012,0.5120597846129329,0.08700108996362099,0.14901960965157182,0,0,0,1,0,1,0.7191011235955056,0.7457627118644068,0.846584181518694,0.5207481019441259,0.7318688737792612,0.8642188763209006,0.6721478303160413,0.7171061209665506,0,0,0.8003761261599022,0,0,0,0,1,0
6233,0.9666666666666667,1,0.0,1.0,0.1837088453510522,0,0.6018303862514592,0.21529300536167317,0.01021887208198017,0.8182554660295621,1,0,0,0,0,0,0.9213483146067416,0.4576271186440678,0.7139301237923907,0.6349422897419458,0.40480528605862826,0.5848147064549017,0.17935815439277175,0.4684772392855459,0,0,0.36231155600687653,1,0,0,0,0,1
6234,0.03333333333333333,0,0.0,0.3333333333333333,0.9669239476064229,1,0.7115061200445222,0.05589968127361712,0.9101564534410577,0.5258544269859736,0,0,0,1,0,0,0.4606741573033708,0.3220338983050847,0.40205684379687023,0.7127564114024199,0.7824187926606827,0.9130123220657228,0.9034517537833378,0.4615330145990237,0,0,0.907589784105528,1,0,0,0,1,0
6235,0.5,1,0.6666666666666666,0.0,0.134101649135432,0,0.8714481908578331,0.9061338461003852,0.22845998841491638,0.55799355807368,0,0,1,0,0,1,0.7640449438202247,0.13559322033898305,0.8670643702421458,0.6636602396606096,0.3504405121778088,0.4521021819230037,0.2134082252911248,0.8772303478637037,0,0,0.4212012135011482,1,0,0,0,0,0
6236,0.2,1,0.3333333333333333,0.3333333333333333,0.8490404178063686,1,0.8370946669764233,0.22209920161506966,0.16517893673893425,0.7455074718063154,0,0,0,0,0,0,0.33707865168539325,0.3220338983050847,0.9462267747292462,0.3659590340144158,0.8540368535343893,0.04003556244050406,0.40753901796250896,0.6905166240466961,0,1,0.7989563491665836,0,0,0,0,0,0
6237,0.3333333333333333,0,0.3333333333333333,0.3333333333333333,0.07162011194829926,0,0.35385348021716123,0.5661337215646799,0.6418088361794846,0.3127795483823957,1,0,1,0,0,0,0.3258426966292135,0.9491525423728814,0.4118283112742056,0.07879358638978859,0.012058007707280504,0.7329293019800788,0.6839038019757715,0.9458084399921074,0,0,0.7912305840914085,0,0,1,1,0,0
6238,0.23333333333333334,0,0.0,0.3333333333333333,0.9003626742796895,1,0.9981348475898526,0.19534915291442284,0.6795449369843117,0.6109288035556146,0,1,1,1,0,0,0.34831460674157305,0.2711864406779661,0.5727104225842123,0.6712754282955863,0.5272317027894576,0.4164032887072445,0.8449691959738246,0.2487575279340749,0,0,0.6217199742229821,0,0,0,0,1,0
6239,0.7666666666666667,1,0.3333333333333333,0.3333333333333333,0.6140440787881598,1,0.4861605795291371,0.9804846762856216,0.7646378301818008,0.01639263941658718,1,0,0,0,1,0,0.7303370786516854,0.9491525423728814,0.9518288946300464,0.5859944914728771,0.5097443120541255,0.5599318227900628,0.9803392366613243,0.6831803611792217,0,0,0.21966668957453328,0,0,0,0,0,0
6240,0.5333333333333333,0,1.0,0.3333333333333333,0.5951533598123578,0,0.3140300538712913,0.5037537102567654,0.13032589642910017,0.028727098216309224,0,0,1,0,0,0,0.14606741573033707,0.7288135593220338,0.8127089984518193,0.663446349949922,0.6011202215937066,0.09734701402783742,0.8407203479662542,0.8799931954464395,0,1,0.06938595341767029,0,1,0,0,0,0
6241,0.0,0,0.3333333333333333,1.0,0.5439053726723853,0,0.36816256467600966,0.8475721301555913,0.5850322185540853,0.0760790795829709,1,0,1,1,1,0,0.23595505617977527,0.06779661016949153,0.29248130770501957,0.6268782011365142,0.9847945058414814,0.7184150931149355,0.9799229787101985,0.9856801747330189,1,0,0.03389296467993318,0,1,0,0,1,0
6242,0.23333333333333334,0,0.0,0.3333333333333333,0.2642722886105236,0,0.12474250223666127,0.6150449971768533,0.4024651945382609,0.04860101065171038,0,0,0,0,1,1,0.02247191011235955,0.1864406779661017,0.10385815648682903,0.45763826687322384,0.19468623394579587,0.7490648443636033,0.3458738382149641,0.6752644126659788,0,1,0.01350412395734475,0,0,0,0,1,1
6243,0.9333333333333333,1,0.0,0.0,0.26617182963774716,1,0.18835330397913097,0.6199910258631379,0.1546815374567935,0.4823003503096262,0,0,0,0,0,0,0.9101123595505618,0.5254237288135594,0.7812789403932233,0.5153420163337195,0.8903762735132753,0.16781113229901382,0.9669068162594623,0.9455029676608914,1,0,0.1309403463285196,0,1,0,0,0,0
6244,0.9333333333333333,0,0.3333333333333333,0.3333333333333333,0.2596491382137177,0,0.5609975497729845,0.2253763588772116,0.1498959892621231,0.6458882152978096,0,0,0,0,0,1,0.0,0.03389830508474576,0.5260915640784753,0.0161047239669527,0.16020047205436797,0.9516835523759026,0.10335157725381953,0.5785975541094593,1,0,0.06397329728374973,0,0,1,1,0,1
6245,0.8,0,0.0,1.0,0.7359805566338715,0,0.7156171763902947,0.5943480466214385,0.8050986369297478,0.15781027114464227,1,0,1,0,0,0,0.2696629213483146,0.0847457627118644,0.6783599369301027,0.20169886312996982,0.7063454600991498,0.5522815960224986,0.4885888056206906,0.19826352361243357,0,0,0.9111792347247343,1,0,0,0,0,0
6246,1.0,1,0.3333333333333333,0.3333333333333333,0.6934011361843591,0,0.35354780851740336,0.39775477893005756,0.03578238623899703,0.13824543664733727,0,1,0,0,0,1,0.6067415730337079,0.3050847457627119,0.11729040637397414,0.6805988426139201,0.4245436154712957,0.4693458122274053,0.013137320927352465,0.9650104973645024,0,0,0.9866120721838135,0,0,1,0,0,0
6247,0.1,0,0.0,0.3333333333333333,0.6240081057370107,1,0.020457746275931842,0.6812195570120461,0.5085224111722475,0.46494466415309627,0,0,0,0,0,0,0.4606741573033708,0.7288135593220338,0.8788778988434771,0.8692410286481603,0.6643253929668826,0.726243848991244,0.698267767954175,0.6431020501378462,1,0,0.3266339166382856,0,0,0,0,0,1
6248,0.03333333333333333,0,0.6666666666666666,1.0,0.9183673822497975,0,0.8977834642964906,0.26622919665596495,0.7373106528155385,0.5625437141362516,0,0,0,0,1,0,0.5955056179775281,0.6779661016949152,0.9142555218349326,0.6052246013499187,0.7211713451743083,0.805508699811308,0.6579667876810884,0.3699707890064048,1,0,0.0430566356121951,0,0,0,0,0,1
6249,0.5666666666666667,1,0.0,0.6666666666666666,0.4217025633462948,0,0.40776133548234317,0.16981105685248662,0.7130778820572512,0.25305442274634443,0,0,0,1,0,0,0.25842696629213485,0.4067796610169492,0.3073802776070438,0.5255293235674973,0.04746337451724928,0.22309890655853518,0.10853341864769969,0.7085722238537128,0,0,0.9627685536940951,1,0,0,0,0,0
6250,0.9333333333333333,1,0.0,0.6666666666666666,0.5164614793994915,0,0.5164737306958683,0.07720907963185972,0.7530873098185893,0.639353444182591,1,1,0,0,0,0,0.5955056179775281,0.4576271186440678,0.7516816200284182,0.37675757216047967,0.5032160759676776,0.9940426337934921,0.22864713397652095,0.915962360882447,0,0,0.12459725725847229,0,0,0,0,1,0
6251,0.5666666666666667,0,0.0,0.6666666666666666,0.18129892695920768,0,0.17131169258386048,0.15289878000901433,0.9919026587969542,0.9346607233012086,0,1,0,1,0,0,0.9550561797752809,0.11864406779661017,0.2796575318363023,0.7569594529480994,0.5085089106008484,0.34705123741428223,0.677786229738193,0.38478846805443234,0,0,0.7051409815639778,1,0,1,0,1,0
6252,0.06666666666666667,1,1.0,0.0,0.5452964766314463,0,0.05097889143498327,0.33636001701023105,0.5243995788371322,0.034756180116291134,1,0,0,1,0,1,0.033707865168539325,0.2033898305084746,0.6015239663217505,0.9662500800759166,0.8991399210755988,0.36940471526673735,0.7254348386525913,0.7657460360783203,0,0,0.10797602427559298,1,0,1,0,0,0
6253,0.16666666666666666,0,0.0,0.3333333333333333,0.8095556326253249,1,0.19463056454916358,0.4449483757128632,0.20214071181831408,0.4777579044660194,0,0,1,0,0,1,0.7865168539325843,0.6101694915254238,0.3036462989964752,0.024949069411550433,0.36634937456395156,0.2522594319734622,0.4834400998377847,0.20642785319683762,0,1,0.01803436720720765,0,0,0,1,0,1
6254,0.6666666666666666,0,0.6666666666666666,0.3333333333333333,0.5877731717434577,0,0.6762334795119224,0.8440839771328594,0.4206416509645227,0.5499633767266197,0,0,0,0,0,0,0.38202247191011235,0.3389830508474576,0.41179193146908577,0.408428968288399,0.7163169624753144,0.13202981268673034,0.5130732515365883,0.09605377924064203,0,0,0.6997243520426831,0,0,0,0,0,0
6255,0.8,1,0.0,0.3333333333333333,0.5852939401050222,0,0.36623454679867185,0.12668401550077704,0.6919796212908031,0.20459934440801858,1,0,0,0,0,0,0.2808988764044944,0.01694915254237288,0.2679095241522016,0.17483421160686302,0.9962800792231202,0.1921990887938631,0.3578778383977707,0.19503672383850826,0,1,0.24163992295498282,0,0,0,0,1,1
6256,0.43333333333333335,1,0.3333333333333333,0.3333333333333333,0.9036206614048665,0,0.39963685342118493,0.23366512472517909,0.6466716309426457,0.3516081886694965,0,0,1,0,0,0,0.9887640449438202,0.5932203389830508,0.7827865084492135,0.14064496372933924,0.9824742686568262,0.6148456316166906,0.49111234518808244,0.8920588985374149,0,0,0.705932735362584,0,0,0,0,0,0
6257,0.03333333333333333,0,0.3333333333333333,0.6666666666666666,0.2072026285703888,0,0.5242418270028859,0.04557613899236811,0.43379565520858904,0.050728813485277656,0,0,0,0,0,0,0.2696629213483146,0.6440677966101694,0.4886467040495832,0.7523906123797965,0.37606980562789843,0.35145285865394343,0.6347957207480615,0.3157096287159089,0,0,0.42277063684668864,1,0,0,0,1,0
6258,0.7333333333333333,1,0.0,0.0,0.7166162634620902,0,0.393054922039063,0.7503877983281088,0.751637139787653,0.32836317498633394,0,0,0,1,1,0,0.6966292134831461,0.9322033898305084,0.9154038095270411,0.5047825663999371,0.39599498965167734,0.6818351970231395,0.7674640960241975,0.8705135799966679,0,1,0.02023982931363275,0,0,0,0,0,1
6259,1.0,1,0.0,0.0,0.6314291516485344,0,0.20943207369497682,0.8057073767438199,0.274209761836315,0.9908004052558388,1,0,0,0,0,0,0.9213483146067416,0.847457627118644,0.3150745991523654,0.41418875687181883,0.654232331131221,0.25770305272836014,0.13894477110785253,0.602417420217593,0,1,0.10481961358779117,0,0,0,0,0,1
6260,0.13333333333333333,0,0.0,0.3333333333333333,0.7974629074622032,0,0.4331221614054636,0.04000907111003664,0.6793050512401748,0.39039316543900854,0,0,0,1,0,0,0.19101123595505617,0.1694915254237288,0.8522338008513598,0.5343977658463782,0.3730547741282203,0.941438257507553,0.4734180254947227,0.15499079279412978,0,0,0.6371577838078039,0,0,0,0,0,0
6261,0.9666666666666667,0,1.0,0.3333333333333333,0.46095279921077453,0,0.2962455618381064,0.18551064136172712,0.1273868153290698,0.812750132664663,1,0,0,0,0,0,0.23595505617977527,0.4406779661016949,0.9907082494679982,0.16841029026603818,0.21206407309498035,0.6549380204397814,0.46239427110468884,0.06492897722074085,0,0,0.09795303913514611,0,0,0,0,0,1
6262,0.6333333333333333,0,0.0,0.0,0.4271601350049775,1,0.009922989898260855,0.16665153480987482,0.9948789006298641,0.5573899805399084,0,1,1,0,0,0,0.5842696629213483,0.06779661016949153,0.6227335643104961,0.4413997913440999,0.48643901438769316,0.9806468546553302,0.3699835680004075,0.3655289696244079,0,0,0.8470537988322714,0,0,0,0,1,0
6263,0.9333333333333333,1,0.0,0.3333333333333333,0.2230379197355032,1,0.7441399084871257,0.9867807444423778,0.250166633634464,0.4317118077277215,0,0,0,0,1,0,0.1797752808988764,0.6271186440677966,0.4209007524243437,0.6914864175607754,0.8196183797504701,0.480614951673429,0.015378287550740853,0.9553484231747392,0,0,0.3912699624555798,0,0,0,1,0,0
6264,0.6,0,0.0,0.6666666666666666,0.5255791260254292,1,0.529801796875671,0.5710040875169317,0.7913291851983406,0.986918356200365,0,0,0,0,0,0,0.8426966292134831,0.7966101694915254,0.059885267709637174,0.5320594824048988,0.13483791080242152,0.45026232072458494,0.9635190410618548,0.665078307962707,0,0,0.31313015898044505,1,0,0,0,0,0
6265,0.23333333333333334,0,0.6666666666666666,0.6666666666666666,0.5397522657840371,0,0.7310651938265988,0.17089552356838972,0.5881740827343898,0.5975048738535096,1,0,0,0,0,1,0.7191011235955056,0.6101694915254238,0.2742865236977905,0.4785591960313915,0.3170691518985864,0.9276302758451302,0.4018118795157379,0.11108080700385,0,1,0.15623087851263368,0,1,0,1,1,1
6266,0.0,1,0.3333333333333333,0.3333333333333333,0.11281967100440492,0,0.9024582958757698,0.23339274355011427,0.8070878450770833,0.3779509502127093,0,0,0,0,0,0,0.9662921348314607,0.23728813559322035,0.782306435463111,0.3849451608363224,0.1629967699859975,0.7059265511109218,0.923425823288281,0.7497726475408961,0,0,0.2169902194197917,0,0,0,1,0,0
6267,0.2,1,0.3333333333333333,0.3333333333333333,0.7227841792311662,0,0.13577424293421955,0.5472160485843752,0.14186619181770577,0.20032482143403962,0,0,0,0,0,0,0.6853932584269663,0.4067796610169492,0.327490330496501,0.7614271832533561,0.9538784333090139,0.5261295734867231,0.8358857209573801,0.18620567644698896,0,0,0.7097993029568546,0,1,1,0,0,0
6268,0.13333333333333333,1,0.6666666666666666,0.0,0.4952776750730051,0,0.904982954574195,0.4216919823752337,0.8874072719959449,0.3467812155723611,1,1,0,0,0,0,0.1797752808988764,0.6271186440677966,0.7570859549568155,0.7273209621453417,0.9928264445099124,0.540971237499713,0.11097374286620458,0.5034175399933357,0,1,0.4840435455632443,0,0,0,0,0,1
6269,0.6,0,0.0,0.0,0.3784041452277612,1,0.8542966675096291,0.02297444813953642,0.3111123384521054,0.23937376432606827,0,0,0,0,0,0,0.38202247191011235,0.5423728813559322,0.36916725980512033,0.04616569186299451,0.6284845588219483,0.07386481917301355,0.9512944731902176,0.9748436720802405,0,0,0.8341472250262764,0,0,0,0,0,0
6270,0.16666666666666666,0,0.0,0.3333333333333333,0.887975968795069,0,0.5092164677291221,0.2893847435027518,0.5480223153387906,0.5602199623255535,0,0,0,0,0,0,0.7078651685393258,0.8135593220338984,0.7234482122346293,0.1800510129220427,0.6215402155202486,0.3226326019329476,0.01680010913811667,0.6704812332714476,0,1,0.3140772965843397,1,0,0,0,1,1
6271,0.3,0,0.3333333333333333,0.3333333333333333,0.1560557093355602,1,0.6466747181458954,0.30246662043828904,0.07349070815896634,0.035168126865857484,0,1,0,0,0,1,0.550561797752809,0.4067796610169492,0.21384222933763603,0.04169772979679527,0.6619968093662802,0.18900560506109937,0.6969510048686826,0.37648681676654105,0,0,0.05232214630660099,0,0,0,0,0,1
6272,0.9,0,0.0,0.0,0.972540279710066,0,0.24182183025401724,0.18975293090031875,0.6992373416626623,0.7604982343633404,0,0,0,1,0,0,0.38202247191011235,0.0847457627118644,0.8507072493043938,0.32858270784923804,0.7664348838710382,0.3286547412310526,0.7830366306510073,0.4199841155490027,0,1,0.01783564695314782,1,1,1,0,0,1
6273,0.5666666666666667,0,0.0,0.3333333333333333,0.4730793523598305,0,0.4258642836112159,0.5543507162833432,0.0038166855412167184,0.2494975008911871,1,0,0,1,0,1,0.7865168539325843,0.6440677966101694,0.7902797499684568,0.8374510544299427,0.9152996796474516,0.4234804100568832,0.37176451437609404,0.2535957243992213,0,0,0.3902945309850983,0,1,0,0,1,1
6274,0.06666666666666667,0,0.0,0.0,0.9541704478928485,0,0.25258025890943364,0.02157836018091358,0.4040309890896382,0.4389908984787468,1,0,0,0,0,0,0.0898876404494382,0.7796610169491526,0.307357452439755,0.5311343796184333,0.05800203068315311,0.4734667601193888,0.5037074845811823,0.49751742839384705,0,0,0.5673869175300832,0,0,1,0,1,0
6275,0.1,1,0.3333333333333333,0.3333333333333333,0.6919392681753772,0,0.04919625397681429,0.0862610101447947,0.2859940927594694,0.1280664265751637,0,0,0,0,0,0,0.7078651685393258,0.2542372881355932,0.3119248142822062,0.4297710180456077,0.9227220898568363,0.7332978224275472,0.8955128159804155,0.9372116397785427,0,0,0.9963040903575084,1,0,0,0,0,0
6276,0.7,0,0.0,0.0,0.9269056533081563,0,0.08912621738262298,0.5883637430131837,0.531078858343108,0.8920326197619252,0,0,0,0,1,1,0.4943820224719101,0.2033898305084746,0.3990717188973694,0.8560534118358097,0.7107229560620172,0.05235625832785486,0.20847970112453673,0.49398151796109596,1,0,0.3305786972021519,0,0,0,1,1,1
6277,0.5666666666666667,1,0.0,1.0,0.09117094429262412,0,0.177475737235871,0.2744007982100643,0.18968669399507512,0.4873793973186597,1,0,0,0,1,0,0.4157303370786517,0.03389830508474576,0.29516469310207094,0.6128260856025196,0.8023081636523358,0.8088749277486826,0.5991586049315376,0.8690719585947808,0,0,0.7104238869267765,0,0,0,0,0,0
6278,0.8333333333333334,0,0.0,0.3333333333333333,0.07963990222410404,0,0.9564559547997853,0.04576928452994409,0.8356510574789251,0.06330818514803574,0,1,1,1,0,0,0.29213483146067415,0.0847457627118644,0.31205500411490283,0.5306728265734961,0.4068629458161532,0.4977622396045015,0.12911630554354878,0.1868440507997682,0,0,0.46182897746644813,0,0,0,0,0,1
6279,0.26666666666666666,1,0.0,1.0,0.7423200880203448,0,0.07145317503630387,0.1170663499160183,0.8942648866106858,0.2969982283556261,0,0,0,0,0,0,0.9775280898876404,0.7457627118644068,0.5031197320510727,0.1694856315484944,0.38790824094789805,0.16982585009413054,0.4858739106614509,0.33860475613449614,0,0,0.9752027869737987,1,0,0,0,1,0
6280,0.13333333333333333,1,0.0,0.0,0.7748193877189378,1,0.6799327651141307,0.033366671944203154,0.17143532022012026,0.038110601320663254,0,0,0,0,1,0,0.9101123595505618,0.8813559322033898,0.964796580641527,0.27619784610327675,0.15912309430203064,0.5806130152439118,0.19832197710221858,0.9772317674230737,0,1,0.330052309912729,0,0,0,0,0,1
6281,1.0,0,0.0,0.0,0.9844258481814151,0,0.87606670062714,0.19679645193026374,0.055793129328523844,0.35585039722516987,0,0,1,0,1,0,0.033707865168539325,0.559322033898305,0.1492725818042508,0.354369671228467,0.9817794117699505,0.5961912498982611,0.8214632379463949,0.29207766597872953,0,1,0.4743646244572279,0,0,0,0,1,0
6282,0.13333333333333333,1,0.0,0.3333333333333333,0.9670686742142789,0,0.5026024274512219,0.10036792924922122,0.9006058802906898,0.4613463176011278,0,0,0,0,0,0,0.5393258426966292,0.0,0.8817773438645881,0.1943513822839629,0.5659735313903573,0.5661510680024836,0.9058892448724276,0.1984542152915599,0,0,0.40321095284331415,0,0,0,0,0,0
6283,0.06666666666666667,0,0.0,0.0,0.4623303712502727,0,0.4686511648139893,0.7367513834063272,0.769789912146746,0.5162109251374181,0,0,0,0,0,0,0.9662921348314607,0.576271186440678,0.5119985280725408,0.0011306404206737086,0.955013342798754,0.5719291379167909,0.0708193799371939,0.8086713949434657,0,0,0.7914292514940833,0,0,0,0,0,0
6284,0.26666666666666666,0,0.3333333333333333,0.3333333333333333,0.03221266363748969,0,0.3563401255416305,0.15389237584311066,0.9335858576416677,0.4865924406980997,1,0,0,0,0,0,0.8876404494382022,0.7627118644067796,0.10321041872691737,0.1545755434682285,0.845991202532786,0.4139666435243407,0.24803267631014606,0.2003103795044077,0,0,0.8967642346665946,0,0,0,0,0,0
6285,0.1,0,0.3333333333333333,1.0,0.9126838848919953,1,0.8382870665667969,0.24265868656258605,0.2826887124796231,0.5766992997586813,0,0,0,0,0,0,0.6067415730337079,0.4406779661016949,0.8070044817648033,0.10028471213526088,0.7777452633476525,0.5570805081355829,0.6394151435697044,0.781895944202638,0,0,0.9301341252654546,0,0,0,0,1,0
6286,0.13333333333333333,0,0.3333333333333333,0.6666666666666666,0.8738541140349307,0,0.706771478373352,0.8398183815506065,0.8061021584046144,0.007103722815012208,0,0,0,0,0,0,0.9438202247191011,0.11864406779661017,0.0468505607545728,0.8525846257563845,0.019241591115016637,0.5508541251237111,0.37992126191627534,0.06238146295621696,0,0,0.9334063473272759,1,0,0,0,1,0
6287,0.23333333333333334,1,0.0,0.3333333333333333,0.5617024568333571,0,0.9595818238918672,0.42755359765478573,0.10163270695816586,0.45232497206044825,0,0,1,1,0,0,0.21348314606741572,0.22033898305084745,0.6172330428562564,0.21571118870937242,0.4282284621213393,0.5136515597297194,0.8513519602240485,0.02231738204660315,0,0,0.817448586349472,0,0,0,1,0,0
6288,0.36666666666666664,0,1.0,0.6666666666666666,0.40013783588333945,0,0.3465408117550289,0.8867358688367772,0.3369186787178198,0.9105408030159244,0,0,0,0,0,0,0.24719101123595505,0.9152542372881356,0.8176304624817904,0.41436154312119594,0.3714384678400643,0.8853902157124677,0.47233912337782,0.044178229218721325,0,0,0.7765510719946221,0,0,0,0,0,0
6289,0.7333333333333333,0,0.0,0.6666666666666666,0.7936197913621285,0,0.9404109532380949,0.730376288440677,0.5406532655200383,0.44151732594731696,1,0,0,1,0,0,0.7528089887640449,0.4915254237288136,0.1255550029345577,0.37739816282619276,0.6095938302428479,0.5637486325267969,0.019884577954226424,0.8811626020232073,0,0,0.493269543293425,0,0,0,0,0,0
6290,0.8666666666666667,0,0.3333333333333333,0.3333333333333333,0.37052405953803746,0,0.8019309718684331,0.5908420635125575,0.6987557352769944,0.3569541092865986,0,0,0,0,0,0,0.1797752808988764,0.2542372881355932,0.4047656283473051,0.9129984166282059,0.009865239178708725,0.013414591804792899,0.6559961006828077,0.5882088908324434,0,0,0.02065538794609193,1,0,1,0,0,0
6291,0.6,1,0.0,0.3333333333333333,0.7407583375617421,1,0.8730981051916081,0.38233146220083064,0.42413707769046277,0.5731272255741879,1,0,0,0,0,0,0.10112359550561797,0.6610169491525424,0.5610273611414973,0.17577150177128847,0.22964924421304037,0.6706909011706363,0.19746830745181262,0.3761142845138456,0,0,0.43201549335125417,0,1,0,0,0,1
6292,0.43333333333333335,1,0.0,0.3333333333333333,0.055716569982079626,1,0.029798942900059886,0.028399416090553888,0.17046046083650707,0.5651602653624246,0,1,0,0,0,1,0.9887640449438202,0.03389830508474576,0.9401386149264219,0.2564280753109484,0.8104892384250572,0.27115896506616777,0.2723085956934606,0.12014097400912933,0,0,0.07424306546196016,0,0,0,0,0,1
6293,0.6,0,0.0,0.3333333333333333,0.9937950079782626,0,0.16121300059557206,0.2403843427223454,0.5153118157048044,0.3231767971749259,1,0,0,0,1,0,0.7528089887640449,0.2711864406779661,0.4998496525953654,0.7153905373106333,0.7625681250325134,0.7345418094766657,0.32089957468120145,0.1271372647707183,0,0,0.5178624407027491,0,0,0,0,0,0
6294,0.8333333333333334,1,0.0,0.3333333333333333,0.49737728810620585,0,0.6658483689981356,0.18201998346991657,0.38216816796855596,0.03809151611443549,0,1,0,0,0,0,0.12359550561797752,0.13559322033898305,0.06240362878438695,0.9520220482028671,0.6298095884004673,0.1449032034665599,0.6332874146886561,0.9129278781246375,1,1,0.396336881496708,0,0,0,0,0,1
6295,0.5666666666666667,1,0.6666666666666666,1.0,0.29610151615868613,0,0.5248846986522523,0.2584668639735267,0.3943789578179806,0.15416606245088782,0,0,0,1,0,1,0.47191011235955055,0.06779661016949153,0.9857932493678202,0.9563869124378711,0.38040135406033787,0.4327162481269027,0.06927288975025099,0.13374484328860264,1,0,0.7667005762411319,0,1,0,0,0,1
6296,0.3,0,0.0,0.3333333333333333,0.24804593693315105,0,0.9096922534435841,0.3879364142874065,0.030831435686574333,0.4925017748171651,0,1,0,0,0,0,0.7640449438202247,1.0,0.6093112215363454,0.2299143259807008,0.744567906068882,0.6593674306344978,0.22600554820398297,0.4017478978980392,0,1,0.1844764199792438,0,0,0,0,0,1
6297,0.5333333333333333,1,0.0,0.0,0.3487674973986598,1,0.5360574101279585,0.3640333519502357,0.22314334509726103,0.6738739638801948,0,0,0,0,0,0,0.8314606741573034,0.01694915254237288,0.48062904647038585,0.7332824946362119,0.8481812122800139,0.9149272102451038,0.7926857831092017,0.8796793001443777,0,0,0.7026738122337628,1,0,0,1,0,0
6298,0.2,0,0.6666666666666666,1.0,0.9818614411759113,0,0.12403803328222868,0.04085980481541244,0.3315351961024532,0.7945650524006028,1,0,0,0,0,0,0.8426966292134831,0.7627118644067796,0.30618056126366194,0.4681965080595465,0.6039181262750439,0.16550611387754763,0.196238008564888,0.6403251938274943,0,0,0.5559335635422746,0,0,0,0,0,0
6299,0.9,0,0.0,0.3333333333333333,0.5239483651291493,0,0.5538857121379945,0.8120716996975077,0.06582701038522293,0.4744356895287968,0,0,0,0,0,0,0.34831460674157305,0.4915254237288136,0.41206642059270976,0.47896021341322287,0.7699140458507467,0.5792485150854063,0.2842141006912374,0.43276068623577923,0,0,0.41353989032802163,0,0,0,0,0,1
6300,0.16666666666666666,1,0.0,0.0,0.8058381195359081,1,0.8560140421077321,0.665243620387944,0.11042131511656657,0.5946300962348421,0,0,0,1,0,0,0.23595505617977527,0.3728813559322034,0.5148258357329486,0.3363146764763631,0.014366191949425362,0.30461197242480126,0.7931912313802673,0.6199292081591063,0,0,0.7519079229990072,0,0,0,0,1,0
6301,0.6666666666666666,0,0.0,1.0,0.5346375982458045,1,0.9270188571833904,0.563617341138058,0.6273288313690634,0.5336696628332614,0,1,0,0,0,0,0.4044943820224719,0.423728813559322,0.6826032450090305,0.7176992400350588,0.8245475592595087,0.25389444377145526,0.8571810459960985,0.3652307777977449,0,0,0.003985473048090881,0,0,0,1,1,0
6302,0.16666666666666666,0,0.3333333333333333,1.0,0.561980698471059,0,0.25235637881497275,0.4184408423574728,0.06812503541144112,0.06499020386317049,1,0,1,0,0,0,0.8876404494382022,0.4067796610169492,0.002345759254345592,0.967159419488468,0.35797672157964083,0.5704217921469816,0.6902124491462438,0.1426800786287402,0,0,0.9757895750856821,0,1,0,0,0,0
6303,0.1,0,0.6666666666666666,0.3333333333333333,0.3621507199033885,1,0.7033383793583715,0.40388462631336486,0.5373608638021332,0.7278464158200781,0,0,0,0,0,0,0.033707865168539325,0.11864406779661017,0.5214887449826486,0.13313320319424174,0.8529588664080855,0.09150926128543799,0.12234360364927419,0.3155350784446459,0,0,0.3982388416936578,0,0,0,1,0,1
6304,0.23333333333333334,0,0.3333333333333333,0.3333333333333333,0.455350254039671,0,0.801604005812536,0.23725961200281975,0.09913513718557164,0.6253636483946818,1,0,0,0,0,1,0.0,0.576271186440678,0.17602673123847612,0.8780211337361995,0.9408434194452918,0.5569288599244722,0.9154654256610318,0.04312763303504925,0,0,0.4460343274643884,0,1,0,1,0,0
6305,0.6666666666666666,1,1.0,0.3333333333333333,0.8475283959573464,0,0.030437728497362492,0.5661164483588202,0.5178611559714684,0.8173385900652317,1,0,1,0,0,1,0.550561797752809,0.06779661016949153,0.6903752701976459,0.2558394318918507,0.8846349182137438,0.23739676344189078,0.006818808131139555,0.6506104177272071,1,0,0.42702326207257524,1,1,0,0,0,1
6306,0.1,1,0.6666666666666666,0.3333333333333333,0.48271787967780644,0,0.4781511907202008,0.4685408908722097,0.4728748203828494,0.7213436943118943,0,0,0,0,0,0,0.5393258426966292,0.5254237288135594,0.6989671992322777,0.7652664485467849,0.5187105740251109,0.98558922345753,0.9532499719512486,0.1902132894497595,0,0,0.7181884187593217,1,0,0,0,0,0
6307,0.5333333333333333,0,0.3333333333333333,0.0,0.36164010899703614,0,0.2646497133876449,0.35401711666491925,0.9867295921865209,0.7666123534760586,0,0,0,0,0,0,0.19101123595505617,0.2542372881355932,0.5563297684071615,0.09003855656771581,0.9923198154017018,0.3504858727016614,0.6934821382288633,0.637365921363474,1,0,0.9569947179458606,0,0,0,1,0,0
6308,0.5666666666666667,0,0.0,0.3333333333333333,0.6014303887834431,0,0.09880732831260369,0.11220450700904745,0.017305327147498537,0.9337474767154507,0,0,0,0,1,0,0.9887640449438202,0.7796610169491526,0.7259355638073333,0.23941862248935683,0.8627008458813815,0.9443334894671396,0.8458061084822253,0.7508790723228637,0,0,0.7271946093981146,1,1,0,0,1,0
6309,0.6666666666666666,0,0.3333333333333333,0.3333333333333333,0.4495556647031198,1,0.0630253689619164,0.7149852168356948,0.5046964486117096,0.1976930380115607,1,1,0,0,0,0,0.898876404494382,0.05084745762711865,0.3517889937734972,0.7846249002019217,0.5891984261238792,0.7497236643068929,0.5619921463349624,0.6447249118381754,0,1,0.58834910782817,0,0,0,0,0,0
6310,0.5333333333333333,1,0.6666666666666666,0.6666666666666666,0.797676819839775,0,0.8128282319653664,0.5987784284573622,0.9188273916028741,0.5432899902074435,0,1,0,0,0,1,0.12359550561797752,0.864406779661017,0.1589437489983499,0.9516614472256976,0.15443399932821145,0.5012672562239294,0.5325076657319686,0.5231734028945492,0,0,0.3529027080089035,0,0,0,0,0,0
6311,0.43333333333333335,0,0.0,0.3333333333333333,0.11844039987910404,0,0.14001321385860532,0.701602068196801,0.9618629319199384,0.8163101331803829,0,0,0,0,0,0,0.34831460674157305,0.5423728813559322,0.6801450667845605,0.4774324150129458,0.6420845718706022,0.7160117693268153,0.32992333601414925,0.30446956529210345,0,1,0.8723493213375696,0,0,0,1,0,1
6312,0.8333333333333334,1,1.0,1.0,0.3963682021253565,0,0.5378891832964846,0.8067433679897006,0.9916408014694642,0.6705586259356526,1,0,0,0,0,0,0.1348314606741573,0.03389830508474576,0.8001800364461401,0.026369225451333585,0.9016020967613539,0.8685740598802193,0.5541010679446666,0.5390655502518201,0,0,0.900356520687113,0,0,0,0,0,0
6313,0.16666666666666666,0,0.3333333333333333,1.0,0.3346466397298731,0,0.2655905848140643,0.06479970329802204,0.789932355191691,0.4718590809748021,0,0,0,0,0,0,0.3595505617977528,0.847457627118644,0.08538017011452234,0.8319229806617436,0.9372517820647593,0.6548255867403316,0.4875630135577149,0.21289846824005823,0,1,0.742937206566191,0,0,0,0,0,0
6314,0.03333333333333333,0,0.0,0.0,0.33097796744648444,0,0.5041518902032028,0.40345813473129716,0.8823744343256759,0.24995292699707372,1,0,1,0,0,0,0.6067415730337079,0.3728813559322034,0.6439382387905668,0.019758591589727547,0.09512097894599612,0.5702978896226208,0.6048611370050183,0.41768181048677955,0,0,0.2714464661437661,0,0,1,0,0,1
6315,0.5666666666666667,0,0.0,0.0,0.2007390794053935,0,0.5120434863263422,0.9699389419221061,0.33056230614229765,0.634666248288529,0,0,0,0,0,0,0.47191011235955055,0.9322033898305084,0.1202958746705224,0.6302021994836079,0.249664268531925,0.6594014980934417,0.1281723309085208,0.7398876167771035,0,0,0.4564901554130333,1,0,0,0,0,0
6316,1.0,1,0.3333333333333333,1.0,0.012721017683552376,1,0.5979206798375684,0.6913195671341577,0.2747201390319151,0.7839244108920103,0,0,0,0,0,0,0.9662921348314607,0.2542372881355932,0.6259055858848958,0.9810035550228822,0.4406587298179128,0.4075900859504131,0.8821800291110099,0.006850936569966691,0,0,0.30318440437330824,1,0,1,0,0,0
6317,0.4666666666666667,1,0.0,0.0,0.9322791097636345,0,0.36408597016543326,0.5281094480902939,0.09516520674972324,0.09318694300755338,0,1,0,0,0,0,0.056179775280898875,0.0847457627118644,0.9411357873552405,0.7446692954013908,0.35888465983811957,0.2736202376090734,0.3607533963966962,0.2379955155046285,0,0,0.2601928308547607,0,0,0,0,1,1
6318,0.23333333333333334,0,0.0,0.0,0.5455819448356358,0,0.5809382664501568,0.4636690256936083,0.9055847945921884,0.5113138219839524,0,0,1,0,0,0,0.8089887640449438,0.1864406779661017,0.7720118590279255,0.006571763560976615,0.7895762451288018,0.49978470256716473,0.7368807382516196,0.7047476983370075,0,0,0.41048638422232103,0,0,0,0,0,0
6319,1.0,1,0.0,0.0,0.5811551378282667,0,0.8445641238859259,0.4967410245371922,0.1598849504732398,0.7310604448921006,0,0,0,0,0,0,0.8314606741573034,0.5084745762711864,0.7550623757174982,0.27251903593371196,0.1096251182561798,0.4298710935420115,0.3280791194353825,0.6879223471166702,0,0,0.6063645692950509,0,0,0,0,1,0
6320,0.06666666666666667,0,0.3333333333333333,0.3333333333333333,0.13621336175344678,0,0.4954476407633034,0.6790273196503408,0.12623219169638902,0.288107126298397,0,0,0,0,0,0,0.0449438202247191,1.0,0.027246977639611383,0.9966344284208479,0.08829308757050626,0.325708760392673,0.025587251372491356,0.8168546430529117,0,0,0.4686388042847166,0,0,0,0,1,0
6321,1.0,1,1.0,1.0,0.32358186962564583,1,0.83500782875208,0.253543228142239,0.18013512134832088,0.38636224341225983,0,0,1,1,0,0,0.21348314606741572,0.2542372881355932,0.48205338803757325,0.5744865876874486,0.6384754989032394,0.4222187763839274,0.06769547712564734,0.7025608794112543,0,0,0.31924895655850766,1,0,1,1,0,0
6322,0.13333333333333333,1,0.0,0.6666666666666666,0.0549480800151363,0,0.28365431154326637,0.07895156491007867,0.6840965183018375,0.08649984890137075,0,0,0,1,0,0,0.21348314606741572,0.22033898305084745,0.16435217757392462,0.33762253507622014,0.09181856856851203,0.9429669389250623,0.6412936470844749,0.9815128814351197,1,0,0.8356197170492929,0,0,0,1,1,0
6323,0.4666666666666667,0,0.0,0.3333333333333333,0.7511423302255896,0,0.16248352982849434,0.4531684107108197,0.23613343313082794,0.0507309040536825,1,0,1,0,0,0,0.1348314606741573,0.22033898305084745,0.5681967650822238,0.012222356311503285,0.69869433408707,0.15070922535322734,0.8783206445476633,0.8817864907870282,0,0,0.13022387037568506,1,0,0,0,1,0
6324,0.3,1,0.3333333333333333,0.0,0.9249638762021734,0,0.05336999371339213,0.13807780788439405,0.43597654205071207,0.7744999165754747,1,0,0,0,0,0,0.6067415730337079,0.6779661016949152,0.3912009196424104,0.12024115457270611,0.05092206255271908,0.7588319439286919,0.4662634504860676,0.6518578491052525,1,0,0.0,0,0,0,0,1,1
6325,0.16666666666666666,0,0.0,0.6666666666666666,0.45911340391979544,0,0.4949210419530201,0.9759336241578829,0.7800723018722924,0.17488570793909783,1,0,0,1,0,0,0.651685393258427,0.5254237288135594,0.897233775668815,0.5305967123028335,0.4628387540197819,0.4696527932392412,0.5110452996429284,0.1222656026990639,0,0,0.7399656973585496,0,1,1,1,0,0
6326,0.0,1,0.3333333333333333,0.6666666666666666,0.7674002566678518,0,0.02291871344636494,0.7371050309126224,0.672146296004007,0.7829905612791652,1,0,0,0,0,0,0.8202247191011236,0.1864406779661017,0.610354965613648,0.13415830948638388,0.40154577982529244,0.09457745468502987,0.9580423239455518,0.5687267478894334,0,0,0.6045080157314413,1,0,0,0,1,0
6327,0.6666666666666666,0,0.0,0.3333333333333333,0.05970631132532706,0,0.5556020947072545,0.2544982615977596,0.373604961215624,0.7407868989671932,0,0,0,0,0,0,0.6741573033707865,0.05084745762711865,0.3645939541525355,0.029753911594817974,0.4332068011240483,0.35694040067738075,0.09527496604134544,0.8016831558764053,0,0,0.5937743377435988,0,0,0,0,0,0
6328,0.36666666666666664,0,0.0,0.6666666666666666,0.647154311166457,0,0.40476572897005636,0.6810613257660683,0.2706166987556691,0.24209340316058556,0,0,0,0,0,0,0.14606741573033707,0.3050847457627119,0.21929914322489166,0.4624456486044987,0.8914922221908467,0.4585761774242371,0.4292054299670774,0.7420897821109753,0,0,0.1699771951677922,1,0,0,0,0,0
6329,0.16666666666666666,1,0.0,0.3333333333333333,0.00012886347816707522,0,0.12072757601449981,0.129559549639048,0.38341820565385404,0.7955518063652911,0,0,0,1,0,0,0.3707865168539326,0.7966101694915254,0.6695165100563146,0.6774118564075259,0.9853203492749965,0.8918462399757474,0.4208519711149054,0.5194347373789735,1,0,0.6845598870479058,1,0,0,0,0,0
6330,0.5666666666666667,1,0.6666666666666666,0.3333333333333333,0.9140155539038425,0,0.9281770888627793,0.027779237805120434,0.8500180982330274,0.5255336678467356,0,0,0,0,0,0,0.39325842696629215,0.711864406779661,0.01287272235780394,0.6695600828569236,0.10950603564685073,0.6626282275391188,0.1362904992543993,0.6137376415681858,1,1,0.8578617598193377,1,0,0,0,0,1
6331,0.7333333333333333,1,0.0,0.6666666666666666,0.12355508772210912,0,0.580017486394284,0.6597469233588622,0.5494335515463357,0.5766542227313456,1,1,0,0,0,0,0.056179775280898875,0.7288135593220338,0.8620499401352479,0.2609725192536045,0.12816990934106656,0.44393517306866226,0.6318341159473586,0.4766874501556752,0,0,0.5948683956927534,1,1,0,0,1,0
6332,0.7666666666666667,0,0.6666666666666666,0.0,0.07217947371445649,0,0.46303467329376247,0.769414171246211,0.11320545664962238,0.7098954553695566,0,0,0,0,0,0,0.06741573033707865,0.22033898305084745,0.4491079943669337,0.3420010066767999,0.5325008522161947,0.4709170628618297,0.2618434631489755,0.2054151855035922,1,0,0.24232575098225903,1,0,0,0,1,1
6333,0.7333333333333333,0,0.0,0.6666666666666666,0.7028581341608858,0,0.5029936936452425,0.4343868542355832,0.29991367140589364,0.5833601657763561,0,1,0,1,0,0,0.7528089887640449,0.9661016949152542,0.5107157422072994,0.6873085522693284,0.12849426473626124,0.6058337395237839,0.34589798753858964,0.22574678092757094,0,0,0.6297639947919366,0,0,1,0,0,0
6334,0.2,0,1.0,0.3333333333333333,0.9576220989028958,1,0.2871226357717446,0.9796953487400019,0.7559896056491281,0.7893548331930361,0,0,0,1,0,0,0.5393258426966292,0.8305084745762712,0.6075205472635671,0.9917705692943045,0.9643554861265379,0.09606398037134488,0.6129422478202018,0.24733865172062114,0,0,0.8923917762706192,1,1,0,0,1,0
6335,0.8666666666666667,1,0.0,0.3333333333333333,0.610703319866538,0,0.8843908351848307,0.9620482590442976,0.07516201908807961,0.42730007508486295,0,0,0,0,0,1,1.0,0.3389830508474576,0.9774617512172767,0.6780630862631745,0.7944657141421109,0.3562079532748806,0.822273843789571,0.022415336787483142,1,0,0.44738901497443007,0,0,0,0,1,0
6336,0.8333333333333334,0,0.0,0.3333333333333333,0.19960444556370077,0,0.35762204540994685,0.7895029505976568,0.9727306940334399,0.43012501656129365,0,0,0,0,0,0,0.9887640449438202,0.9661016949152542,0.6282651572774453,0.3201414417421934,0.8059475151583488,0.3355450893060341,0.9027807627590781,0.6931409954841357,0,1,0.9895979786635839,0,0,0,0,0,0
6337,0.5666666666666667,1,0.0,0.6666666666666666,0.6184284213401743,0,0.6195052669377474,0.16950993720302213,0.8644431924061984,0.9300437772434155,0,0,1,0,0,1,0.9775280898876404,0.4406779661016949,0.4466995338330919,0.49207007529854097,0.7380742142463258,0.764405096113492,0.6458490555902405,0.055344397760835516,0,0,0.4447152984723796,0,0,0,0,0,1
6338,0.8,1,0.0,0.0,0.6830340143709331,0,0.9998162906285158,0.1969123774332002,0.38380429664454435,0.07011702111451286,0,0,0,0,0,0,0.42696629213483145,0.03389830508474576,0.22807523527063847,0.34402948669183603,0.3700921574586232,0.9783434766324458,0.1794206736943345,0.6380316927547753,0,0,0.3156625578739153,0,0,0,0,0,0
6339,0.5333333333333333,1,0.3333333333333333,0.3333333333333333,0.8899106878347834,0,0.882669495342013,0.6001361686494819,0.37887339061394953,0.7293539082844865,0,0,1,0,0,0,0.47191011235955055,0.5084745762711864,0.6891114156979343,0.5507889614055236,0.5018003847847199,0.2715635688573412,0.8341714555478557,0.9393059142159178,1,0,0.8279138061229822,1,1,0,0,1,0
6340,0.43333333333333335,0,0.3333333333333333,1.0,0.1800048050647264,0,0.6266108656260205,0.04587039991853272,0.9261350581916873,0.44919691047862914,0,0,0,0,1,0,0.39325842696629215,0.6779661016949152,0.012117863602329602,0.28095387055062737,0.12834828769323198,0.6929378658951335,0.4733076656249981,0.15606083646798172,0,0,0.6380983336698727,1,0,0,1,0,0
6341,0.8666666666666667,0,0.3333333333333333,0.3333333333333333,0.7256739670316273,0,0.8954783755737625,0.9752519010786118,0.6040534757467572,0.8177217271327935,0,0,0,0,0,1,0.7528089887640449,0.05084745762711865,0.8339454993861897,0.9147237839772228,0.22618915594002204,0.0820601248373112,0.8386916764734808,0.42443516243110035,0,0,0.8936211420770102,1,0,0,0,0,0
6342,0.7,0,0.3333333333333333,0.0,0.9276983118582678,1,0.6723522310704074,0.15432796502311982,0.401419021376157,0.3047202271886402,0,0,0,1,0,0,0.011235955056179775,0.7627118644067796,0.04823056666391357,0.21196795814521327,0.119276760505517,0.21488873604172112,0.9720372533930373,0.803857243133621,0,0,0.5078189094072311,0,0,0,1,0,0
6343,0.36666666666666664,0,0.0,0.3333333333333333,0.2228098409851979,0,0.17100503340680714,0.5087935767670368,0.8551564982300602,0.37228128243933395,0,1,0,0,0,0,0.6067415730337079,0.23728813559322035,0.9350723722732494,0.7210721272277338,0.7512863374751699,0.21913127903751164,0.684355418364844,0.36927747000373745,0,0,0.23531141524730015,0,0,0,0,1,1
6344,0.6333333333333333,0,0.0,0.3333333333333333,0.08238047417732913,0,0.68144620609745,0.9967834540193845,0.4059908896601175,0.40788431445906836,0,0,0,0,0,0,0.7078651685393258,0.01694915254237288,0.8197880572928201,0.4104675649649174,0.5687364592909147,0.131914976224241,0.6146668966353036,0.9289816632147553,1,0,0.5188217213100775,0,0,0,1,0,0
6345,0.7333333333333333,1,0.0,0.6666666666666666,0.019742518861489606,0,0.728060816976077,0.7842613191819422,0.09533865490847741,0.6987867601384213,0,1,0,0,0,0,0.5842696629213483,0.9830508474576272,0.20340258853898538,0.6838533041807168,0.22524708125955345,0.5718314991266364,0.9120425226781671,0.7525207844696166,0,0,0.12321865871661367,0,0,1,0,0,0
6346,0.9,1,0.6666666666666666,0.6666666666666666,0.6205534076519221,1,0.594444774930012,0.31277742313490836,0.9105264281687148,0.5330763232834104,1,1,0,0,0,0,0.02247191011235955,0.559322033898305,0.46580513716130056,0.6102668864628794,0.1273987182386692,0.34617423418162563,0.8814337394162401,0.9825095434785498,1,0,0.3332982827874373,1,1,0,0,1,0
6347,0.9666666666666667,1,0.3333333333333333,0.0,0.6497388600025436,0,0.5279234231698344,0.15164548250255688,0.6563284197010053,0.812167714920287,0,0,0,0,0,0,0.9550561797752809,0.711864406779661,0.14183788839786923,0.32758762211164066,0.47648306513531635,0.5008904444367585,0.7041205886545224,0.4629603883445945,0,0,0.9668812322779771,0,0,0,0,0,0
6348,0.7666666666666667,0,0.3333333333333333,0.3333333333333333,0.11865212222183247,0,0.8603120755511964,0.0898334978420655,0.14877783600575942,0.11328034967040092,0,0,0,0,0,0,0.8651685393258427,0.5084745762711864,0.6507727501509465,0.6476147368805298,0.06896013408853177,0.7156758492823861,0.656463831594109,0.7110208506803977,0,0,0.9627570989420943,1,0,0,1,0,0
6349,0.7666666666666667,0,1.0,0.3333333333333333,0.49555873412579576,0,0.6991587012660683,0.4595623466530132,0.822811567685519,0.053218108454582906,0,1,0,1,0,0,0.011235955056179775,0.864406779661017,0.743954206204766,0.7654639877156327,0.633147984746263,0.5367963390934616,0.11458619282117628,0.9299444748687895,0,0,0.9387171035940304,0,0,0,0,1,0
6350,0.7333333333333333,1,0.3333333333333333,1.0,0.8854722596303218,0,0.38821004540048876,0.4455092974167993,0.5318858875961795,0.9744422544496254,1,0,0,0,0,0,0.6179775280898876,0.288135593220339,0.1953096611724053,0.6926606580160185,0.3061320980896088,0.5291598916397842,0.5351458471206855,0.8309819737055533,0,0,0.18109223880981204,0,0,0,1,0,0
6351,0.5,1,0.0,0.6666666666666666,0.18143703347168916,0,0.881992960335466,0.11023399186503605,0.44363029311594954,0.7247316070122288,0,0,0,1,0,0,0.6629213483146067,0.8305084745762712,0.24591562542702614,0.03269299957081897,0.0820175336121988,0.7671418522343966,0.38353179070282384,0.45807866855783513,0,0,0.7825508859367349,0,0,0,0,0,0
6352,0.3333333333333333,0,0.0,0.3333333333333333,0.8171904116193716,1,0.2683571596527863,0.5731492599100155,0.6087929718616213,0.18804260801132364,1,0,0,0,0,0,0.25842696629213485,0.4406779661016949,0.01056395825565847,0.15888634242311026,0.6978021402058207,0.2250072330979896,0.3608136129985483,0.9707129716683677,0,0,0.754349817907105,0,0,0,0,1,0
6353,0.7666666666666667,0,1.0,0.3333333333333333,0.9874454105547806,1,0.1696832623469991,0.7968765856148495,0.3759285259637258,0.8522243614602958,0,0,0,0,0,0,0.8089887640449438,0.5254237288135594,0.3320165832152393,0.11058982202882525,0.493973949903006,0.5035256491070916,0.8021099925664825,0.02540920618130375,0,1,0.45171203145964217,0,0,0,0,0,0
6354,0.43333333333333335,0,0.0,0.6666666666666666,0.8883726519384342,0,0.9240765123694875,0.07516315258442051,0.2501009953619415,0.040846057753275544,0,0,0,0,0,0,0.8539325842696629,0.3050847457627119,0.5150673873326496,0.5754924620790297,0.2040157833548348,0.08480364757521078,0.3242182035154428,0.10465386862606613,0,0,0.45931715971781645,1,0,0,0,1,1
6355,0.9666666666666667,1,0.0,0.3333333333333333,0.2562017304672881,0,0.7566910209783494,0.5320226093947495,0.8093197161110847,0.9988658962829847,0,0,0,1,0,1,0.7528089887640449,0.8135593220338984,0.9297580376529347,0.11014480794272476,0.6168453960763017,0.9021526176583224,0.6447940962660572,0.7684718269218528,0,0,0.002171457865521695,1,0,0,1,0,0
6356,0.6333333333333333,1,1.0,0.3333333333333333,0.6970398733166591,0,0.21251236451711514,0.2654060763497073,0.5338464326947031,0.7415921146475942,0,0,0,0,0,0,0.9101123595505618,0.3050847457627119,0.535489106439611,0.9206579395443737,0.24802361745829118,0.34826746036992084,0.14542755815203046,0.7704412729681515,0,0,0.08990786099102752,0,0,0,0,0,0
6357,0.7,0,0.3333333333333333,0.6666666666666666,0.4418114532684985,0,0.1330276315826142,0.9731219265620586,0.6842332991305572,0.596688382767598,0,0,0,0,0,1,0.38202247191011235,0.3220338983050847,0.24539407977680677,0.6709744378669604,0.38437020303894803,0.8926651907703668,0.9288293301685849,0.886263049597731,1,0,0.9064140077309252,0,1,0,0,0,0
6358,0.6333333333333333,0,0.0,0.0,0.8318025517980924,0,0.42749800783166325,0.6589888795452062,0.7704137722730363,0.9857112294184461,1,0,1,0,0,0,0.3258426966292135,0.01694915254237288,0.2594882714724706,0.9429093340699467,0.9982066843204324,0.6542082745748296,0.29985683136068264,0.6402724252515091,0,0,0.920168069887337,0,1,0,1,0,0
6359,0.6,0,0.0,0.3333333333333333,0.9600206816580367,1,0.4327438712704092,0.7236478249146586,0.7417604139763034,0.018057790798668403,0,0,0,0,0,0,0.7078651685393258,0.2542372881355932,0.5614740901250056,0.5577668381514862,0.6346340080132858,0.21031975855278198,0.5611088852219281,0.5959504272607694,0,0,0.5225967821419802,0,0,0,0,1,0
6360,0.3333333333333333,0,0.0,0.3333333333333333,0.016037657824749876,0,0.7310187903118519,0.41746999921604794,0.3884987501447034,0.8733185004109962,0,0,0,0,0,0,0.02247191011235955,0.847457627118644,0.9858219049316477,0.6990013345771298,0.4595535965448273,0.3867976158200957,0.4764833205064402,0.025931232046685546,0,0,0.09162505268924162,1,0,1,0,1,1
6361,0.5666666666666667,1,1.0,0.6666666666666666,0.012003013127958343,0,0.2658230913132917,0.8756535525192287,0.2538057809323048,0.21546407440237605,0,0,1,0,0,0,0.5730337078651685,0.06779661016949153,0.6055908348252163,0.8290711191188618,0.5283464451924871,0.718485858261839,0.6852052790148543,0.7113095214647794,0,0,0.2901021741471218,0,0,0,1,0,0
6362,0.6,1,0.0,0.3333333333333333,0.278486454063129,0,0.2656676421397569,0.5238510934257073,0.3766225509499011,0.9950443820847542,0,0,0,0,0,0,0.12359550561797752,0.4576271186440678,0.5664100295158393,0.6761536821096681,0.34917508679601483,0.927839602800093,0.21297583984388274,0.060359102648636344,0,0,0.09495512787121586,0,0,0,0,0,1
6363,0.4666666666666667,1,0.0,1.0,0.535712137252125,1,0.20968667837378233,0.6799471708580607,0.7560422333210937,0.8663381951745253,0,0,1,0,0,1,0.8876404494382022,0.3220338983050847,0.3234506188253217,0.33482923796241487,0.33954087112462283,0.3222113563354746,0.1993660249759007,0.18343820231536265,0,0,0.7393424562875706,0,0,0,0,0,0
6364,0.9,0,0.0,0.0,0.46280047829946597,0,0.0777436006123732,0.5316948115080032,0.2389135482614224,0.653649535346074,1,1,0,0,0,0,0.2808988764044944,0.9322033898305084,0.9380729099791978,0.17324851518238452,0.766311625981382,0.333708036096173,0.3360286836194814,0.9634630286738027,0,0,0.7026803851354663,0,0,1,1,1,0
6365,0.7333333333333333,0,0.0,0.3333333333333333,0.7338109014544094,1,0.6455455960954811,0.46033715962543165,0.46842460147554876,0.7166209946510415,0,0,1,0,0,0,0.3146067415730337,0.03389830508474576,0.9249002554800323,0.9932705825514896,0.0684855333823133,0.9316063657251391,0.2757177527689506,0.5653727311155793,0,0,0.3521188621160736,0,0,0,0,1,0
6366,0.5666666666666667,0,0.3333333333333333,0.3333333333333333,0.30787786411223367,0,0.024304746825821406,0.5273182523117704,0.5620633088716535,0.5547795037658356,0,0,0,1,0,0,0.5730337078651685,1.0,0.49596172577589764,0.7451954237781211,0.673926840240663,0.16998698492499237,0.3308706654544099,0.08487056894237997,0,0,0.8350833485450304,0,1,0,0,1,0
6367,0.23333333333333334,0,0.0,0.6666666666666666,0.685628758182906,0,0.42375453618534,0.8746341107830297,0.3972902193841481,0.22054229441612247,0,0,0,0,0,0,0.6741573033707865,0.0,0.4758156323165055,0.7377512252478328,0.28169939349224526,0.07704144730821469,0.6870003706034351,0.24210392169537706,1,0,0.7310486919598735,1,0,0,0,1,1
6368,0.1,1,0.6666666666666666,0.6666666666666666,0.1761874019108752,0,0.15852583482482951,0.10366483303041739,0.6234953022879969,0.45931467350501864,0,1,0,0,1,1,0.7303370786516854,0.9830508474576272,0.37978900936467125,0.012925419036192102,0.28630701963736477,0.32589812560151726,0.8805563935180133,0.9601098414538086,0,0,0.6475991758933339,0,0,0,1,0,0
6369,0.13333333333333333,0,0.0,0.0,0.2963653288366506,0,0.9587576856762191,0.02113002072443975,0.6077125605926152,0.9222271959291172,1,0,0,0,0,1,0.20224719101123595,0.22033898305084745,0.04725100571557577,0.10951389905630465,0.0815999299437767,0.38284689349025786,0.9179965676243799,0.2785689811468144,0,0,0.03248339382828819,0,1,0,0,0,0
6370,0.1,1,0.3333333333333333,0.3333333333333333,0.9375139078107172,0,0.005844427436364491,0.04994942004632965,0.10409647539003238,0.6373269796826813,0,0,0,0,0,0,0.3146067415730337,0.847457627118644,0.6881150408174731,0.4888640104292471,0.1557222518376691,0.11340455945445979,0.13357019870528675,0.7080953814747252,0,0,0.757461939801151,0,0,0,0,0,0
6371,0.9,1,0.0,1.0,0.4804591506172654,0,0.17142490739125493,0.532069421927736,0.5137529159152334,0.42354439961091156,0,0,1,1,0,0,0.7191011235955056,0.6271186440677966,0.5258316358131532,0.5337138283320491,0.10847823184636096,0.00813718327325222,0.8836215627327085,0.19025166555784834,0,0,0.10326842533504045,0,1,0,0,0,0
6372,0.13333333333333333,1,0.0,0.3333333333333333,0.8803570035865331,1,0.4904897361955833,0.88255676518076,0.9729191232121653,0.030127013647750427,0,0,0,0,0,0,0.0,0.9322033898305084,0.017681832843858887,0.3469819978522604,0.5635094022440286,0.693941649425083,0.16630999650333134,0.09083363839619911,0,0,0.3291409316149891,0,0,0,0,1,1
6373,0.9333333333333333,0,0.0,0.0,0.27766929760921777,0,0.30862270772510186,0.23125336249792633,0.41473427078060593,0.5471498350231698,0,1,1,0,0,0,0.9101123595505618,0.7457627118644068,0.47887125285721743,0.2502293219682513,0.8400642259103012,0.12922166123601384,0.25667108206267064,0.5784262214018224,1,0,0.8152074037693795,0,1,0,0,0,0
6374,0.9333333333333333,1,0.0,0.3333333333333333,0.8142995854324834,1,0.03837137563318005,0.8894106485742793,0.4080893296534042,0.5749683406741517,0,0,0,0,0,0,1.0,0.11864406779661017,0.8300746926935022,0.30351645441739195,0.08626759968706603,0.3704964039030208,0.22973260981209745,0.35882018349404887,0,1,0.6834875414262045,1,0,0,0,1,1
6375,0.9666666666666667,1,1.0,0.6666666666666666,0.0003757916810698237,0,0.2341041971392946,0.8812247807198443,0.21501477768334584,0.7162316807317826,1,0,0,1,0,0,0.9887640449438202,0.9661016949152542,0.333355726072468,0.603305473889614,0.2220443608764876,0.04833172078101029,0.13294181869039304,0.35763111777520085,0,0,0.17237157077675108,0,0,0,0,0,1
6376,0.5333333333333333,0,0.6666666666666666,0.0,0.4661464181874547,1,0.8254737047907781,0.1487376705602106,0.4704765485357987,0.5482712819615597,1,0,0,0,1,0,0.8089887640449438,0.5254237288135594,0.7496203723871031,0.6158849017821261,0.0007602941010878778,0.1135285300729984,0.9527091479440318,0.4222146814312389,1,0,0.5301370478249837,1,0,0,1,0,0
6377,0.3,0,1.0,0.3333333333333333,0.8624189826085175,0,0.36753239944524063,0.9643345533824965,0.5097761555252932,0.37212106748666884,0,0,0,0,0,0,0.11235955056179775,0.9491525423728814,0.04834681890842576,0.08554480524565272,0.005238027380288215,0.9821798675374362,0.832554407192919,0.445342879652269,0,0,0.5732017635762565,0,0,0,0,1,0
6378,0.16666666666666666,0,0.3333333333333333,0.3333333333333333,0.819598230396084,1,0.3619559933925908,0.46120580638412356,0.8403846372793395,0.63135845686345,1,0,0,0,0,0,0.20224719101123595,0.7966101694915254,0.48313614605543664,0.287799137775597,0.4542779964582095,0.9301304194132235,0.9390961911021967,0.4960159119695815,1,0,0.32220044820059246,0,0,0,0,0,0
6379,0.13333333333333333,1,0.6666666666666666,0.6666666666666666,0.8883668778916592,1,0.5640123245185372,0.938691051967084,0.04010959451784701,0.9150870481359636,0,1,0,0,0,0,0.48314606741573035,0.3728813559322034,0.2873372653180049,0.9632787032610517,0.6281339288612202,0.8007375331485125,0.8013837620576737,0.7789533373382908,0,0,0.9842547064632143,0,0,1,1,0,0
6380,0.8666666666666667,1,0.3333333333333333,0.6666666666666666,0.44177229905663673,0,0.05235999838180658,0.4308739839722122,0.34784058553717073,0.8636550771484736,0,0,0,0,0,0,0.6067415730337079,0.423728813559322,0.7852692318845506,0.3559692520557863,0.5234505046474656,0.9593612660946832,0.39442384493591404,0.35767785503109534,0,0,0.6904060029773051,0,0,0,0,0,0
6381,0.4666666666666667,0,0.6666666666666666,0.3333333333333333,0.2342236883882981,0,0.8822205565480178,0.7952594272173923,0.15521997390619865,0.42113797539266584,1,1,0,1,0,0,0.9101123595505618,0.5932203389830508,0.04803534447315577,0.3930598239953259,0.8320241333705265,0.6562731468329168,0.40500351677291274,0.3049111063458366,0,0,0.05666107227470057,0,0,0,1,0,1
6382,0.03333333333333333,0,0.3333333333333333,0.0,0.38304466130984,0,0.6225943785247359,0.8827848747996827,0.8696591788542753,0.2355523766589667,1,0,0,0,0,0,0.16853932584269662,0.15254237288135594,0.6056789342047021,0.6191209353910246,0.1907002871945174,0.2711726350521872,0.22329679363449892,0.21390603329037086,0,0,0.12668774061191268,1,0,0,0,0,1
6383,0.9666666666666667,1,0.0,0.3333333333333333,0.5956036495558162,1,0.5484534130855584,0.30360595508771615,0.736563539093111,0.21623610793724282,0,0,0,0,0,0,0.15730337078651685,0.4576271186440678,0.34130902091493415,0.567620932994612,0.0337573244106669,0.4792392583166111,0.7935704994653064,0.8486917444536678,0,0,0.9454229567969136,0,1,0,1,0,0
6384,0.5,0,1.0,0.0,0.8426041788506543,0,0.061690039974214655,0.6393528827134728,0.12553266926002876,0.032261764562278,0,0,0,0,0,0,0.3146067415730337,0.9322033898305084,0.27105183470892447,0.0862942379965959,0.7103108462173534,0.8884879628337686,0.43773036879827526,0.5352840382908713,1,0,0.06326274906182884,1,0,0,0,0,1
6385,0.8,1,0.0,0.0,0.7975076561682198,0,0.35372069333159006,0.5898903030567265,0.8595114876702508,0.38637787657429973,0,0,0,0,0,0,0.3146067415730337,0.11864406779661017,0.3841245290780594,0.9146652361556353,0.417042275481894,0.3532646031968205,0.6060679050934547,0.611452214560785,1,0,0.5078734243011265,0,0,1,0,1,0
6386,0.4,0,0.0,0.0,0.5385296334135142,0,0.2411860263046571,0.8475189887650648,0.9254934577313778,0.11486650855980478,0,0,0,0,0,0,0.42696629213483145,0.2542372881355932,0.33448904671899615,0.27972929904411087,0.11239766846929954,0.706692395495927,0.6962620611467913,0.3833587284894652,0,0,0.4111040577939031,0,0,0,0,0,1
6387,0.4,0,0.0,0.0,0.29502804191391235,1,0.8112140286198362,0.4222665961091072,0.024089340676401456,0.8065165666187252,0,0,0,0,0,0,0.8876404494382022,0.23728813559322035,0.6606272013778908,0.40116664704918337,0.676790996721086,0.5545200330439086,0.23707040547371183,0.25689833597649075,0,0,0.4614484018240832,0,1,0,0,1,1
6388,0.2,1,0.0,0.3333333333333333,0.2913524653627191,0,0.09417359101617946,0.6899240748581483,0.16477363449010532,0.6187755757361343,1,1,0,0,0,0,0.898876404494382,0.05084745762711865,0.6662441031574103,0.7719558473883225,0.8692965428579256,0.820346949336959,0.9944604643550812,0.5245773642082358,0,0,0.5902266823875097,0,0,0,0,1,0
6389,0.7333333333333333,1,0.0,0.6666666666666666,0.3148112931263127,0,0.8007159404459797,0.741944967578798,0.23351576358987552,0.4479278171253946,1,1,0,0,0,0,0.7865168539325843,0.576271186440678,0.5236391632230432,0.6003170285081861,0.4858620922616008,0.47082239045874025,0.244131881213118,0.543466121325068,0,0,0.021356985573770363,0,0,1,0,0,0
6390,0.6,1,0.0,0.6666666666666666,0.7857415078154697,1,0.8733418165665675,0.6524875445372869,0.0472040677428902,0.18122019670892792,0,0,0,0,0,0,0.6179775280898876,0.23728813559322035,0.004407435864045278,0.29787018639878676,0.8513346554281321,0.06275934326383495,0.06592738497195369,0.1062142570642422,1,0,0.21755626890091806,0,0,0,1,1,1
6391,0.4666666666666667,0,0.0,1.0,0.6018326297593631,1,0.3834812902085637,0.764860743482175,0.7093720674966103,0.43377667176898543,0,0,0,0,0,0,0.011235955056179775,0.1694915254237288,0.6174752163111208,0.06710663962357494,0.7362566213222536,0.11688593201927555,0.6917966217422281,0.5822782652581165,0,0,0.6516846158420516,0,0,0,1,1,0
6392,0.23333333333333334,1,0.0,0.0,0.8980912448992727,1,0.7436032856527567,0.4048969035673343,0.9436178800684909,0.4495085162810665,1,0,0,0,0,0,0.48314606741573035,0.0,0.6900520321376246,0.7946727210490131,0.20323001301062849,0.16895015433690486,0.3685102980800693,0.17176045544892643,0,0,0.1192304844699742,0,0,1,1,0,1
6393,1.0,1,0.0,1.0,0.23378388963037858,0,0.8425539491297349,0.8103561842392248,0.9692938740666356,0.3885074800276119,1,0,0,0,0,0,0.0,0.6779661016949152,0.11547154062023297,0.7354860704487333,0.5033703205011252,0.5042344768902008,0.07486191960091795,0.9363501687513069,0,0,0.04263918281787419,0,0,1,0,0,0
6394,0.6666666666666666,0,0.0,0.3333333333333333,0.3741337093789652,0,0.6246901282914513,0.14335420377091435,0.5782693966462824,0.2371378398972152,1,0,0,0,0,0,0.0449438202247191,0.9152542372881356,0.9075239604634414,0.6495484374398333,0.17316709224183532,0.5088632998349203,0.25162912365923285,0.7517475063494725,0,0,0.7741995818973278,0,0,0,1,0,0
6395,0.8666666666666667,0,0.0,0.0,0.3662998601410966,1,0.9368070646149991,0.9002337427489311,0.2808476398335583,0.5794933603458086,1,1,0,0,0,0,0.16853932584269662,0.03389830508474576,0.709981562501779,0.051527078689730346,0.47020325990454215,0.5380823896537232,0.7912380519935719,0.49824164104945995,1,0,0.02407661498094561,0,0,0,0,0,1
6396,0.9,0,0.0,0.3333333333333333,0.21228353772485484,0,0.49439247383281837,0.3253154386388121,0.9456779779746525,0.5100046599166589,0,0,0,0,0,1,0.7078651685393258,0.3220338983050847,0.5238562905163237,0.6456869611001136,0.6002552421199563,0.10740610211910982,0.2520401983551812,0.5942091253440542,0,1,0.4027862179622486,1,0,0,0,1,1
6397,0.6666666666666666,1,0.0,0.0,0.38915023088409356,1,0.7852683828290227,0.6288596276242333,0.7348638838964769,0.631309742598417,0,0,0,0,0,0,0.8202247191011236,0.7627118644067796,0.3338866517900444,0.3302353219011111,0.36121077438110877,0.3752157556812585,0.7361493759681648,0.07216275321336973,1,0,0.4927279703562765,0,0,0,0,1,1
6398,0.7,1,0.0,0.3333333333333333,0.552096040843442,0,0.9483576911141142,0.2853030890638183,0.9627783180015297,0.24684280532368083,0,0,0,1,0,0,0.3258426966292135,0.288135593220339,0.03355309972607802,0.6788009046948039,0.14168443542146492,0.12835618400424853,0.8210795697861522,0.9604386597054532,0,0,0.6624641133615194,0,0,0,0,0,0
6399,0.9333333333333333,0,0.3333333333333333,0.3333333333333333,0.013510459306839378,0,0.5249128185959483,0.9276116110606699,0.22439763254779896,0.08349874288648546,1,0,0,1,0,0,0.30337078651685395,0.9322033898305084,0.6046838853698248,0.5087259671983178,0.6400963659460621,0.9606139014385535,0.4870952699777502,0.013686982664598474,0,0,0.1065061398283223,0,0,0,0,0,1
6400,0.9333333333333333,1,0.3333333333333333,0.3333333333333333,0.21498518883931192,1,0.05294417515279618,0.8518751801176822,0.6004265043133896,0.30690202543462614,0,0,0,0,0,0,0.11235955056179775,0.15254237288135594,0.5534858383038761,0.9731895346806493,0.7768066567004009,0.6374041479210526,0.6910341115450485,0.9121497756566054,0,0,0.8262204036638374,0,1,0,0,0,0
6401,0.2,1,0.6666666666666666,0.3333333333333333,0.8642860574364245,1,0.10196969847828961,0.8346512243366644,0.7930785995548905,0.3781442318804536,0,0,0,0,0,0,0.42696629213483145,0.6610169491525424,0.6753728640164882,0.6851859957436582,0.3719751483535696,0.14578920706673656,0.659745630077409,0.11327081426676044,1,0,0.14259385452563095,0,0,0,1,0,1
6402,0.03333333333333333,0,0.3333333333333333,0.0,0.17084288437840162,0,0.224102377475309,0.6720003778731493,0.7113182690763548,0.05473191010287456,0,0,1,0,0,0,0.9325842696629213,0.9152542372881356,0.2915890296689752,0.4836054416821724,0.9454789890537092,0.09484645126642371,0.3610704503237173,0.8037463840192491,0,0,0.19685670877306968,0,0,0,0,0,0
6403,0.2,1,0.0,0.3333333333333333,0.28778101805705686,0,0.1818863459971638,0.3287786547183049,0.6752459475365451,0.6090904246234785,0,0,0,1,0,0,0.12359550561797752,0.7966101694915254,0.672643920397611,0.7248203012628927,0.8666948751163582,0.46709320593757203,0.5986849313615303,0.17590281397858673,1,0,0.057266329525535294,0,0,0,0,1,1
6404,0.1,1,0.3333333333333333,0.6666666666666666,0.2384734024994658,1,0.9797686405011197,0.6072399936750545,0.3372666594606486,0.04062671991771926,0,0,1,0,0,0,0.14606741573033707,1.0,0.3982043235546616,0.9212990058671019,0.41346029718951205,0.7295975709482135,0.6794447842871921,0.30912262415266734,0,0,0.7243548813585441,0,0,0,0,1,0
6405,0.6333333333333333,0,0.0,0.0,0.7002792470148372,0,0.7533755541130024,0.2862857275813201,0.7886821897231339,0.9149776749474223,0,0,0,0,0,0,0.20224719101123595,0.23728813559322035,0.28028042870892583,0.022458243279945396,0.05399218900837042,0.7578926573795908,0.5922072626553991,0.5600898370360012,1,0,0.039824835487465494,0,0,0,0,0,1
6406,1.0,0,0.0,0.0,0.9532611402110212,0,0.3806369714790052,0.19768825209827592,0.17689503892719766,0.7593867106681157,1,0,0,0,0,1,0.24719101123595505,0.9322033898305084,0.4359131663887049,0.8807990647957076,0.4636630495923366,0.41130771644634445,0.1360930922771806,0.6543365101151651,0,1,0.5841537575693204,0,0,0,0,0,0
6407,0.6666666666666666,0,0.0,0.3333333333333333,0.7922734211930118,0,0.1891030089523603,0.590331184017285,0.49478209375813215,0.05667351704300525,1,0,0,0,0,0,0.15730337078651685,0.5932203389830508,0.14620270363663898,0.6242928828528976,0.5801368695511537,0.6357004045783293,0.5642274380444071,0.09806885117462627,1,0,0.5115712880462219,0,0,0,0,1,1
6408,0.23333333333333334,0,0.0,0.0,0.5708322682483578,0,0.042931253828282445,0.05010649434632779,0.3030049376897395,0.4813932474106617,0,0,0,0,0,1,0.550561797752809,0.2033898305084746,0.9552099952665004,0.8842225657936659,0.8726824512690521,0.18137889648592112,0.8272175765365903,0.21826893357531513,0,0,0.637845985206532,0,0,0,0,1,0
6409,0.5666666666666667,0,0.3333333333333333,0.3333333333333333,0.6874270901025348,0,0.19024325572038273,0.29216945960354523,0.8601298874196442,0.8847341018231581,0,0,0,0,0,1,0.5168539325842697,0.06779661016949153,0.9759269427934864,0.9186536684116017,0.5650619456208706,0.4092625704668772,0.3003444992335595,0.5789029814086865,0,0,0.023868665259636466,1,0,0,0,1,0
6410,0.36666666666666664,0,0.0,0.3333333333333333,0.173962894034726,0,0.21667139289687765,0.7606204652346028,0.3972549763458083,0.48425656134550155,0,0,0,0,0,0,0.7865168539325843,0.8983050847457628,0.8454491470924964,0.7295189714859751,0.8090182077088557,0.3224008267367491,0.8362129228160966,0.17974325250301337,1,0,0.7017336789881907,0,0,0,1,0,0
6411,0.43333333333333335,0,0.0,1.0,0.7943492422599855,0,0.042620150349748046,0.7814099850267877,0.30369527484202685,0.9261438080763345,0,0,1,0,0,0,0.7191011235955056,0.6779661016949152,0.6016516957217846,0.9151197017387203,0.672196425012912,0.22726461834652564,0.19754687844142044,0.47680379350449537,0,0,0.7830170727195092,0,0,0,0,0,0
6412,0.5666666666666667,0,0.0,1.0,0.008818459339375775,0,0.6571129344100279,0.9225704205342027,0.7065083198554938,0.9927318734860068,0,0,0,0,0,0,0.6853932584269663,0.9322033898305084,0.14479683327825923,0.6259578382353872,0.3699875581328931,0.44175425588491135,0.736714920181946,0.025478203694633886,0,0,0.7115396754194938,0,1,0,0,0,0
6413,0.26666666666666666,0,1.0,0.3333333333333333,0.025512257941338445,1,0.39797942172222495,0.8391115929990058,0.20867717002138025,0.23746611800822,0,0,0,1,0,0,0.9325842696629213,0.3728813559322034,0.5063877219289864,0.28395425479406766,0.263288394183466,0.4173812541965039,0.8575890355972613,0.448754371705175,0,0,0.16531817105139815,0,1,0,0,0,0
6414,0.6,1,0.3333333333333333,0.3333333333333333,0.8259088942451472,1,0.6626413112402757,0.32212808079039235,0.4312562821170795,0.2732431562211589,0,0,0,1,0,0,0.1797752808988764,0.15254237288135594,0.853595923537872,0.09489358939425725,0.21570885009762153,0.6686828119131768,0.8608234899863253,0.594592556032086,0,0,0.8733381760796879,1,0,0,0,0,0
6415,0.36666666666666664,1,0.3333333333333333,0.3333333333333333,0.31725009620700945,0,0.39443528598355726,0.38469576716055337,0.17904372690808543,0.8973356755499052,0,0,0,0,0,0,0.39325842696629215,0.9830508474576272,0.17690579293419234,0.5623796516466154,0.2696297598095674,0.5026563047503718,0.3123471825559337,0.9631158307271349,1,0,0.8058181165388288,0,0,0,0,0,0
6416,0.1,0,0.0,1.0,0.9988830124714595,0,0.6797368016380649,0.3243551206284679,0.35197958657367795,0.17701944847117054,1,1,0,0,0,0,0.48314606741573035,0.13559322033898305,0.0507133175541093,0.9711237491851447,0.2873722521846576,0.18748638987888852,0.9620869067768193,0.009047242608099446,0,0,0.9141749243992644,0,0,0,0,0,0
6417,0.1,1,0.0,1.0,0.4564119279270834,0,0.41144362073100954,0.5882786293912733,0.027129081846238016,0.8876750789962333,0,0,1,0,0,0,0.20224719101123595,0.8983050847457628,0.9482374496001984,0.7691956255683297,0.32333850852565155,0.9822497148810196,0.812144028244274,0.21360180591970696,1,0,0.5325793705067631,1,0,0,0,0,0
6418,0.23333333333333334,1,0.0,0.3333333333333333,0.5735196932720493,0,0.4024725173266275,0.4182721494916856,0.061594602326237244,0.27341210119874415,1,0,1,0,0,0,0.9213483146067416,0.06779661016949153,0.7856319290931112,0.7730868431891608,0.41075723681870163,0.3405919050036756,0.10378366900492543,0.6288530982816827,0,0,0.8292954282367722,0,0,0,0,1,0
6419,0.13333333333333333,0,0.0,0.3333333333333333,0.022620921966277394,1,0.6640809684415684,0.6703007360024381,0.7239408524023473,0.7319123765098708,0,0,0,1,0,0,0.5280898876404494,0.8305084745762712,0.59333316631848,0.3306149672141956,0.2570683504682444,0.19065256150123872,0.1574112718182166,0.3004836424590943,0,0,0.5127999306256894,0,0,0,1,0,0
6420,0.06666666666666667,0,0.0,0.6666666666666666,0.33407106724406294,0,0.9582830555569891,0.22150277884818306,0.1721331602373072,0.6273573236673017,1,0,0,1,0,0,0.033707865168539325,0.7627118644067796,0.8593483879454271,0.9079423675587868,0.7060881065812331,0.9612991819681097,0.6510544070679396,0.5513058159082239,0,1,0.40591383151057703,0,0,0,0,0,1
6421,1.0,1,0.3333333333333333,0.6666666666666666,0.6273380774353744,0,0.09411871043116607,0.8174830856825128,0.8071733287888696,0.263055707283332,1,0,0,1,0,0,0.8314606741573034,0.8983050847457628,0.3413356225842907,0.15361016493734314,0.19147690605921766,0.1695994906057821,0.6364550527906255,0.031091261683970462,0,0,0.15087811242796123,1,0,1,0,1,1
6422,0.9,0,0.0,0.0,0.6849634159284536,1,0.3660219747740737,0.3248183833742559,0.2749984664558318,0.9635029197409944,1,1,0,1,0,1,0.6629213483146067,0.7288135593220338,0.8961370534390419,0.8157476287453428,0.0821340613844511,0.32267267095802593,0.34004137104548915,0.410103011241642,1,0,0.7751427528090924,0,0,0,0,0,1
6423,0.4,0,0.0,0.3333333333333333,0.1642431391582527,1,0.3411394541399319,0.7574569202691612,0.3393341730360582,0.11479260357777203,0,0,0,1,0,1,0.8426966292134831,0.0,0.2158672116777138,0.7068294651902461,0.760746286651346,0.43449585376101046,0.8722834068331657,0.6455578884852553,1,0,0.06945487415007316,0,1,0,0,0,0
6424,0.3,0,0.0,1.0,0.4434747804642345,0,0.6479998017542141,0.11480063930450313,0.6517435859479225,0.5139554673792494,1,0,0,0,0,0,0.19101123595505617,0.576271186440678,0.7836587353313761,0.28410196162068063,0.10924125134016285,0.33748878396717846,0.7787168225285204,0.8439723747629463,0,0,0.688725366644164,0,0,0,1,0,0
6425,0.36666666666666664,1,0.0,0.0,0.2733384879164258,0,0.19536897959268767,0.7575182251778085,0.22817464977258772,0.5592513808218587,0,0,0,0,0,1,0.7752808988764045,0.9830508474576272,0.009963301258449169,0.3782360605193342,0.9771280955356458,0.7922647904558285,0.31499749340611094,0.251310843434278,0,0,0.7663604639574554,0,0,0,0,1,0
6426,0.7666666666666667,1,0.0,0.3333333333333333,0.8662642277950894,1,0.021575847534749275,0.6571508535697458,0.37721218911645227,0.6348538047333289,0,0,0,0,0,0,0.5280898876404494,0.2711864406779661,0.4034253323181526,0.5298200371225005,0.5628181838924273,0.43183473805809847,0.5200888821631806,0.43821955342410374,0,1,0.12545802746728732,1,0,0,1,1,1
6427,1.0,1,0.0,0.3333333333333333,0.020829100791111936,1,0.49766167680740425,0.5563206972571932,0.931867235562557,0.9302485784712842,1,0,0,0,0,0,0.6853932584269663,0.7627118644067796,0.7041691432855833,0.6298138082020872,0.6033049375811335,0.3201487948878289,0.6221412455491218,0.1134378650939533,0,0,0.647417435991605,1,1,0,0,1,0
6428,0.26666666666666666,0,0.0,0.3333333333333333,0.8891229227345584,0,0.9985788070536225,0.7092034789668631,0.4106830793595502,0.5315577488706285,1,0,0,0,0,0,0.3707865168539326,0.8135593220338984,0.4779439724842289,0.349058892252174,0.30213742460295,0.9470923871914401,0.2195235243272162,0.4535901101630846,1,0,0.8117781732480616,1,0,0,0,0,1
6429,1.0,0,0.0,0.0,0.25131895867392673,0,0.3142261285900794,0.6477944602687464,0.49070236240250004,0.06127126353280699,1,0,0,1,0,0,0.8089887640449438,0.864406779661017,0.7902506331492604,0.34512522994142125,0.8259927587301787,0.36365362620280106,0.2668233246421321,0.966256971390649,1,0,0.6023058916938331,0,0,0,0,0,0
6430,0.26666666666666666,1,0.0,0.0,0.5561855557277804,0,0.35192255421196483,0.9489345644639345,0.64016481254193,0.9765047962898409,0,0,0,1,0,0,0.4157303370786517,0.3220338983050847,0.16753817473653349,0.04668348715049659,0.6263136318995702,0.6898603654487088,0.2525206853861169,0.0011443290739452416,0,0,0.7778727286932072,0,0,0,0,1,0
6431,0.3333333333333333,0,0.0,0.3333333333333333,0.9375441595317268,0,0.07587649077710068,0.13973473286004356,0.9271439189051914,0.1961475038294234,1,0,0,0,0,0,0.19101123595505617,0.0847457627118644,0.2211229538751694,0.7362665928820201,0.9148742005676472,0.15906082504674124,0.7669873403156138,0.4554054565528737,0,0,0.6724577231783103,0,0,0,0,1,0
6432,0.7333333333333333,1,0.0,0.3333333333333333,0.8055586449353755,0,0.8104786868582541,0.20832271097910945,0.30801656554620016,0.7467871862279329,0,0,1,0,0,1,0.8426966292134831,0.4745762711864407,0.14312048580175424,0.37986436050313804,0.5055961019103767,0.8634277807288745,0.39965514758332377,0.11792319668072634,0,1,0.2870176378225431,0,0,0,0,1,1
6433,0.9333333333333333,1,0.0,0.6666666666666666,0.12637015851407804,1,0.5942146147833496,0.8444752633831012,0.49161520403966774,0.5492569638289918,1,0,0,0,0,0,0.5056179775280899,0.4406779661016949,0.391989887319799,0.1287974192126831,0.913121198530421,0.938390533751434,0.6764757565251953,0.6170622644649278,0,0,0.7029850951956651,0,0,1,0,0,0
6434,0.9333333333333333,0,1.0,0.6666666666666666,0.15998031148669078,1,0.3023576967261052,0.03565665443953205,0.6508692230226532,0.9712484535005069,0,1,0,0,0,0,0.5617977528089888,0.3050847457627119,0.05412319712273463,0.7995683946058408,0.6322365517689716,0.03622860533307855,0.6511422417537062,0.10357814710410504,0,0,0.690389345109472,1,0,0,0,0,0
6435,0.7,0,0.0,0.6666666666666666,0.2920067218741538,1,0.24614133161484292,0.3052034261338807,0.7297727945028715,0.6239851516126882,0,0,0,0,0,1,0.7078651685393258,0.06779661016949153,0.7878533703867265,0.3650464128863572,0.7036498636041876,0.7495265470453677,0.9471003868737953,0.5391664705756112,0,0,0.13506339832551983,0,0,1,1,0,0
6436,0.3333333333333333,1,0.3333333333333333,0.0,0.37931908693718996,0,0.4459086526098445,0.5354919552209945,0.5496007575009817,0.4257288458543408,0,0,0,0,0,0,0.7865168539325843,0.5254237288135594,0.35855930930570046,0.01827541513734425,0.44547318572240885,0.010195847326552536,0.9532324543359475,0.9742101390000538,1,0,0.6132277455974671,1,0,0,1,0,0
6437,0.0,1,0.6666666666666666,0.3333333333333333,0.9459070182921683,1,0.1969697247223157,0.3278641708461605,0.11795772641525475,0.7254824007429589,0,0,0,0,0,1,0.5393258426966292,0.7288135593220338,0.16730210200078027,0.4536866351269214,0.012275715445261737,0.9255937761121817,0.38988280034405154,0.6121997481617403,0,1,0.013341076599783917,0,0,1,0,0,1
6438,0.06666666666666667,0,0.0,0.3333333333333333,0.9125397298097452,0,0.2029123588300991,0.4130288207464105,0.8032043016268863,0.35573826789868424,0,0,0,0,0,0,0.033707865168539325,0.7796610169491526,0.7045991739997806,0.9964750043722367,0.8698555911432119,0.4025528955920472,0.05078708055768975,0.7724177859614006,0,0,0.24245401724274196,0,0,0,0,1,0
6439,0.6333333333333333,1,0.3333333333333333,0.3333333333333333,0.9624002475619431,1,0.44232080722697714,0.9106925968525215,0.6832013320418004,0.750689801917008,1,0,1,0,0,0,0.16853932584269662,0.4915254237288136,0.4116448520719693,0.9585476667371401,0.6756233605961134,0.3110591839819857,0.3638162228413709,0.7197641418368497,0,0,0.30302878386914944,0,0,0,0,0,0
6440,0.5666666666666667,1,0.0,0.3333333333333333,0.009917250438905779,0,0.3168646214850934,0.4364518037182061,0.005064146612792521,0.13213445900145238,0,0,0,0,1,0,0.6966292134831461,0.7627118644067796,0.2798259219219084,0.7294466559841838,0.16360571045172154,0.8415212099362981,0.6399929471729338,0.8492428471449064,0,0,0.2853368260317732,0,0,0,0,1,0
6441,1.0,0,0.0,0.3333333333333333,0.6064644546611251,1,0.8985117628557674,0.5946336884413329,0.06982497409940777,0.5082745152827648,1,0,0,0,0,0,0.7191011235955056,0.11864406779661017,0.5575317426829467,0.0015778693660234479,0.32576940082701694,0.4874591354406644,0.5454385548305016,0.39672771692020964,1,0,0.2859307285416925,0,0,0,0,1,1
6442,0.9333333333333333,1,0.3333333333333333,0.6666666666666666,0.5765722724185708,1,0.42924570334681017,0.22256266474242725,0.5652583307143636,0.4055344718531987,0,0,0,1,0,0,0.2696629213483146,0.2542372881355932,0.03398652535437451,0.30693220359358464,0.12768144683604088,0.8080163746420993,0.8797289228044755,0.6349272482829859,0,1,0.7328574081734951,0,0,0,0,0,0
6443,0.5666666666666667,1,0.6666666666666666,0.0,0.3086530475667729,0,0.2583499214970272,0.7723927885033482,0.5232983236453661,0.355671197986255,0,0,0,0,0,0,0.2247191011235955,0.7796610169491526,0.7285937540246054,0.9478948551835701,0.666731499988559,0.6838684162843615,0.29870944062558447,0.40227488087441865,0,0,0.326630803991002,0,0,1,0,1,1
6444,0.06666666666666667,0,0.6666666666666666,0.3333333333333333,0.3651465395605748,0,0.9182955907144739,0.9472565224178473,0.641594396657165,0.797305222692422,0,1,0,1,1,0,0.5056179775280899,0.1016949152542373,0.36809050779371044,0.4049607004831081,0.5710774257879956,0.4778253902431238,0.30858110724937116,0.26546546740827887,0,1,0.043291821110219356,0,0,0,0,0,1
6445,0.0,1,0.0,0.0,0.9731106889409027,0,0.7918409249621511,0.3692381034679629,0.2045593913547332,0.7245449847564095,0,0,0,0,0,0,0.5393258426966292,0.288135593220339,0.8684416341229595,0.42264962966995023,0.05299758920555574,0.856580799501198,0.29320808578742863,0.1460246422721086,0,0,0.45650733021083517,0,0,0,0,0,1
6446,0.6,1,0.0,0.3333333333333333,0.22808668829189335,1,0.10180563370451298,0.2804274422843217,0.811481425514987,0.4446132791563719,1,0,0,0,0,1,0.07865168539325842,0.8135593220338984,0.6908439725808885,0.760552684136648,0.13515001382492114,0.7692724484431422,0.7175178228990468,0.12237571515298876,0,0,0.7469892778080047,0,0,0,0,0,0
6447,0.6666666666666666,1,0.0,0.6666666666666666,0.07527771322023039,1,0.3316082471642986,0.6634814806844517,0.8525343751854624,0.7926353839324854,1,0,0,0,0,0,0.550561797752809,0.559322033898305,0.7501610826994382,0.4170764461293455,0.12487459539141775,0.6199346640176823,0.20629414868382961,0.027445879606262748,0,0,0.26876171656161907,0,0,0,0,0,1
6448,0.23333333333333334,0,0.0,0.0,0.4537970432667904,1,0.78398482659474,0.9886248074826417,0.18863985739945316,0.8471603337891271,0,0,0,0,0,0,0.8764044943820225,0.4576271186440678,0.5754999790185725,0.499113986910574,0.21250424830954748,0.21738497999609716,0.8468814726089958,0.4048147372531275,0,0,0.7378487949985638,0,0,0,0,0,0
6449,0.7333333333333333,0,0.0,0.3333333333333333,0.4488617491233157,1,0.597996293361522,0.4961060821380121,0.6660715021284956,0.5444421088707979,0,1,0,0,0,0,0.8202247191011236,0.4067796610169492,0.026235435875027444,0.11715296297080545,0.035448619268393065,0.34052373191459406,0.8537712257478968,0.9302551022369823,1,0,0.16809760442245011,0,0,0,0,0,0
6450,0.5,0,0.0,0.0,0.18483362465748213,1,0.5253198253331938,0.7175762728709176,0.9014296902377676,0.7765277721994638,0,0,0,1,0,0,0.550561797752809,0.0847457627118644,0.19127741109753618,0.01850966285467875,0.18246513923252347,0.16478814771046146,0.1377189471864901,0.6013147509811161,0,1,0.44225193120049866,0,0,0,1,1,1
6451,0.9333333333333333,0,1.0,0.0,0.6711079214805481,1,0.2624165640328019,0.6675031854701496,0.31155580277582423,0.37711294896131053,0,0,0,0,0,0,0.8314606741573034,0.7966101694915254,0.563093661415161,0.11654140797097376,0.082370991999114,0.05715237740676419,0.3742599368968003,0.10712649422371355,0,0,0.5969301004301943,0,0,0,0,0,0
6452,0.06666666666666667,1,1.0,0.6666666666666666,0.32814402908637963,0,0.28045450982342696,0.7576842478601514,0.16497224668341526,0.2178970038252795,0,1,0,0,0,0,0.1797752808988764,0.0,0.1991782738087968,0.6866898889922796,0.6985813911749121,0.8973707440144969,0.5348282946831479,0.9652610217523596,0,0,0.8857828373165763,1,0,0,1,1,0
6453,0.4,1,0.0,0.3333333333333333,0.3619159952787879,0,0.5159767520873576,0.7846716724842098,0.1293852202052385,0.2263611927562937,1,1,1,0,0,0,0.8202247191011236,0.9491525423728814,0.72385800569939,0.2787732911186439,0.887782908414981,0.2562200540646237,0.7425780429478375,0.7431641437652294,1,0,0.06793166600813143,0,1,0,0,0,1
6454,0.43333333333333335,1,0.0,0.3333333333333333,0.6116149328643894,1,0.6024857035910969,0.891519375447524,0.4994225509744672,0.8904935477403995,0,0,0,0,0,0,0.056179775280898875,0.7966101694915254,0.5205438451871134,0.6103705959126036,0.036593055180673004,0.59385590991624,0.818349483431765,0.6154056428916789,0,0,0.12269596911809896,0,0,0,0,0,0
6455,0.6666666666666666,0,0.3333333333333333,0.3333333333333333,0.3808155096013326,0,0.7186169039679055,0.4018527981153176,0.3691044685186341,0.5649415812783044,0,0,0,0,0,0,0.3258426966292135,0.05084745762711865,0.865467129088368,0.368830763662797,0.01593693018491536,0.7806990524081927,0.9314084906665058,0.5998235332215015,0,0,0.9605447036854948,0,0,1,0,1,0
6456,0.4666666666666667,0,1.0,0.0,0.6564835364261215,0,0.3072448725175298,0.2544286557354613,0.7896498159678736,0.34867301789321503,0,0,1,0,0,0,0.3258426966292135,0.15254237288135594,0.14081339184574823,0.09536847812025713,0.4157872747187759,0.8654469578686044,0.9365728842189374,0.6080260443459579,0,0,0.22490465177296928,0,0,0,0,0,0
6457,0.8333333333333334,0,1.0,0.0,0.900042202330519,1,0.6678929447029063,0.8886753790122756,0.3807599768305872,0.3934039638701744,0,0,0,0,0,0,0.6404494382022472,0.6779661016949152,0.12471497350802767,0.07135840145808624,0.7665967634676836,0.45932519575643815,0.2445585368314889,0.9217048046057872,1,1,0.8563208465386883,0,0,1,0,0,1
6458,0.36666666666666664,0,0.0,0.6666666666666666,0.10151147532512982,1,0.18915122676675147,0.6176863115917358,0.5583097883420965,0.45744331153457113,0,0,0,0,0,0,0.7528089887640449,0.13559322033898305,0.37405954669203983,0.27808679794798935,0.49043899930028795,0.46656307845304396,0.6682270237583966,0.8320067583670774,1,1,0.386059130894422,0,1,0,1,1,1
6459,0.3,1,0.6666666666666666,0.3333333333333333,0.8807316326152984,0,0.1579833267631629,0.6286697094967754,0.8728409044180321,0.3779258886862915,1,1,0,1,0,0,0.8089887640449438,0.576271186440678,0.9877552308993062,0.49850150769095575,0.14934250334724808,0.39639454995094703,0.5642508268135282,0.9538107918507273,0,0,0.018547966241295826,0,0,0,1,1,0
6460,0.5333333333333333,0,0.0,0.3333333333333333,0.5596230622698003,1,0.5248287669685227,0.6725293826677475,0.021926507670421123,0.976567120370912,0,0,0,0,0,1,0.9550561797752809,0.864406779661017,0.2799257763884968,0.7139301929840662,0.18609192811962583,0.5796025659091611,0.6369252912531597,0.7045696478688824,0,0,0.0342131234369025,1,0,0,0,1,0
6461,0.36666666666666664,1,0.3333333333333333,0.0,0.22372478736030538,0,0.9756727951511618,0.5527528536299707,0.030471890083534486,0.24314962170370039,0,0,1,0,0,0,0.797752808988764,0.1016949152542373,0.5425324968513298,0.6506057093783267,0.7804006739658693,0.8491756659816653,0.784367532081059,0.44213239358109496,0,0,0.7945693102848482,1,0,1,0,0,0
6462,0.1,1,0.0,0.3333333333333333,0.8242313321373277,0,0.30332539965729527,0.6470450015569809,0.21479814043916462,0.823833303695543,1,0,1,0,0,0,0.7865168539325843,0.01694915254237288,0.4310533080484027,0.8274878974201549,0.6752954102708647,0.1173743036264133,0.784536197579016,0.09255170772741562,0,0,0.228007078812736,0,1,0,0,0,1
6463,0.16666666666666666,0,0.0,0.3333333333333333,0.015919584878126274,0,0.07523422342506621,0.28403214616695316,0.9878282720908999,0.9196416831342812,0,1,1,0,0,0,0.34831460674157305,0.576271186440678,0.5436672251470689,0.38625848875642155,0.49129585478957033,0.6976120609003105,0.07445005917496392,0.8615829701609131,0,0,0.2580309097701731,0,1,1,0,0,0
6464,0.8333333333333334,1,0.6666666666666666,0.3333333333333333,0.24642435232770601,1,0.32561723085891603,0.7298690767801734,0.7456879943286052,0.10834872351161577,1,0,1,0,0,1,0.8539325842696629,0.4067796610169492,0.792574209533183,0.7096477657259102,0.8225333372401216,0.4631958028076555,0.38591651722685627,0.2170340506359254,0,0,0.9617083647704131,0,0,0,0,1,0
6465,0.7,1,0.0,1.0,0.08435649694748777,0,0.0637710704095834,0.1490789250414745,0.2727777672404689,0.7165032416435542,0,0,0,1,0,0,0.449438202247191,0.5423728813559322,0.21443647903385962,0.9083933403767853,0.9667610565985347,0.8381613267879426,0.42167300630423565,0.3098959275102929,0,0,0.6666967363387984,0,0,0,0,1,0
6466,0.43333333333333335,0,0.0,0.6666666666666666,0.8527686733329654,0,0.09595765111243784,0.36488493740465894,0.16416202116344025,0.8657456673224448,0,0,1,1,0,0,0.5617977528089888,0.5084745762711864,0.17349657573329472,0.9050663577862083,0.4951534912059975,0.18513403936545392,0.4895605860092803,0.152709735084925,0,1,0.37065014646842637,0,0,1,0,1,1
6467,0.8666666666666667,0,1.0,0.3333333333333333,0.36255823604224396,0,0.6006939410195364,0.7929397186220385,0.36196697271072154,0.9704578525528074,1,0,1,0,0,0,0.2696629213483146,0.3389830508474576,0.8718811012162494,0.06829287241707895,0.3608570629775605,0.3291901125120896,0.7878916704950439,0.9996140965986215,0,0,0.9622091500689227,0,0,1,0,1,0
6468,0.0,0,0.0,0.3333333333333333,0.3578530237559309,0,0.7940246923334674,0.35063511738029807,0.014793534033272607,0.19769323653294701,0,0,0,0,0,0,0.8426966292134831,0.9322033898305084,0.2771307277915937,0.9481585515321743,0.748040221242954,0.36077174771979814,0.1266737338164044,0.9522739793303933,0,0,0.45695832489345944,0,0,0,0,1,0
6469,0.16666666666666666,0,0.0,0.0,0.9132289248737044,0,0.5327749273408209,0.29013616613084897,0.8652820381281179,0.10152823365962882,0,0,0,1,0,0,0.1348314606741573,0.8813559322033898,0.2500584381493626,0.32656303364885475,0.7026161600798608,0.34703109096861073,0.7359088547429024,0.7933425057792266,0,0,0.7581076047003595,0,0,0,0,1,0
6470,0.2,1,0.0,0.3333333333333333,0.0663087446481495,0,0.09352487595955601,0.8709381187405388,0.6966958697684636,0.4299194846617776,0,1,0,0,0,0,0.2696629213483146,0.711864406779661,0.25632060167198395,0.43350666206402866,0.895158532263724,0.7234851121102212,0.04979181446872934,0.44565308751230537,0,0,0.10622358765420933,0,1,0,0,1,1
6471,1.0,1,0.3333333333333333,0.3333333333333333,0.08914290034914685,0,0.34786220381768973,0.17674816750910313,0.8647829776041215,0.5203585570050514,0,0,0,0,0,0,0.6404494382022472,0.9830508474576272,0.6622427960218557,0.33539408409229104,0.7021308809614023,0.8025973908358587,0.1022146438795953,0.7939740672416177,0,1,0.33762558452004815,0,0,1,0,0,1
6472,0.5666666666666667,1,0.0,0.3333333333333333,0.5414505636295134,1,0.980348928250335,0.04031472208827778,0.2923134230249982,0.4404621716928005,1,0,0,0,0,0,0.550561797752809,0.03389830508474576,0.6916772805092289,0.9158016463251796,0.5030826016709229,0.9741465081787324,0.7754511735017253,0.8643961471053958,0,0,0.0510855337197689,1,0,0,0,1,0
6473,0.7666666666666667,0,0.6666666666666666,0.6666666666666666,0.1559463561110171,1,0.4400643165913034,0.7714000342633951,0.20724878961112128,0.5883582406619442,0,1,0,0,0,0,0.47191011235955055,0.711864406779661,0.010779120229919295,0.6481087503008777,0.7037364306302425,0.3260232224852017,0.9078406533672525,0.3061221657299777,0,0,0.6635649365164935,1,0,0,0,0,0
6474,0.06666666666666667,0,0.0,0.6666666666666666,0.8093248056292098,0,0.37244030859306315,0.7439561376469338,0.448212712355808,0.2635192292270407,0,0,0,0,0,0,0.3146067415730337,0.6610169491525424,0.3160351267110193,0.8150240332901348,0.28935179383009074,0.7647471201664185,0.06714123377194507,0.03568689641759077,0,0,0.03191830597721593,0,0,0,0,0,0
6475,0.5,0,0.3333333333333333,0.3333333333333333,0.007365976093257286,1,0.09347558828753674,0.7136791633863478,0.7382706830680632,0.5636912417770998,0,0,0,0,0,0,0.12359550561797752,0.9491525423728814,0.3888359078134903,0.3328927441564357,0.6249716696344768,0.9557967480828106,0.5943998915821131,0.3935477954985087,1,0,0.6096997001173016,0,0,0,0,1,1
6476,0.3333333333333333,1,0.0,0.6666666666666666,0.708377917917144,1,0.5085346915392358,0.46835911497116195,0.11849952932872233,0.8073312999257481,1,0,0,0,0,0,0.9550561797752809,0.9152542372881356,0.625088146635032,0.6595815094922847,0.16646288583397503,0.43015601621164234,0.6576948403019508,0.5010596040813208,0,0,0.9065139012642935,0,1,0,0,0,0
6477,0.2,1,0.0,1.0,0.9531961805298366,0,0.4105082149954197,0.2615412394150682,0.8830300902048243,0.7521507979178902,1,0,0,1,1,0,0.5617977528089888,0.01694915254237288,0.29318682478123403,0.8505306420492112,0.3940315661136903,0.9466810495528901,0.8018213200931891,0.9214600824912674,0,0,0.14713993965658528,0,0,0,0,0,0
6478,0.1,0,1.0,1.0,0.9600076811189677,1,0.2656163264167823,0.9097162363388436,0.16263940384780887,0.953464798930254,1,0,0,0,0,0,0.7752808988764045,0.4576271186440678,0.17464304387607027,0.47473389566080537,0.22425073681016985,0.14311620000618241,0.3715520226361912,0.7394459721099761,0,0,0.7572964231743973,0,0,0,0,0,0
6479,0.7333333333333333,0,0.3333333333333333,0.3333333333333333,0.6038590170475647,0,0.20175842792272056,0.5321774100700325,0.47994171972212646,0.2372374247079247,0,0,0,0,0,0,0.550561797752809,0.9830508474576272,0.2628420425675762,0.3632775658027301,0.40772820147010025,0.16614337958512948,0.6200479607990459,0.9285886616522201,1,0,0.7592126483463647,1,0,1,0,0,0
6480,0.26666666666666666,1,0.0,0.6666666666666666,0.840157714174549,0,0.5913487966843044,0.3325006271050101,0.828669180297251,0.25712756784460145,1,0,1,0,0,0,0.651685393258427,0.5084745762711864,0.40746429409890544,0.4000061258124528,0.8775573193311487,0.2851424364947539,0.9134676953677612,0.7961563046883589,0,0,0.9077830171771223,0,0,0,0,1,0
6481,0.8333333333333334,1,0.0,0.0,0.21712543677199944,1,0.28218703838864406,0.8947241978044129,0.6364021009570272,0.7119300809512804,1,0,0,0,1,0,0.0898876404494382,1.0,0.06830117275490767,0.42364273241963524,0.36281504095932166,0.5146693743721814,0.35734040840944625,0.4155386055998084,0,1,0.25873552030188507,0,0,0,0,0,1
6482,0.6666666666666666,0,0.0,0.6666666666666666,0.07252997735481236,1,0.9484160355857078,0.8451524234055375,0.6365731346533045,0.27370359520735754,0,1,0,1,0,0,0.8764044943820225,0.03389830508474576,0.16330411159601127,0.7943541335715277,0.6700881937079659,0.25842566403107586,0.0645980512592723,0.07251530532653355,0,0,0.18961994397965962,0,0,0,1,1,1
6483,0.23333333333333334,0,0.0,0.3333333333333333,0.3736537686096323,0,0.4959264093397491,0.1448109367741586,0.34141834689517536,0.7855147905800959,0,0,0,0,0,0,0.39325842696629215,0.7966101694915254,0.1647428353245785,0.3472646845074513,0.5354841411680704,0.9420095554341988,0.32718454662687485,0.07783292813392109,0,1,0.297641716771397,0,0,0,0,0,1
6484,0.5,0,0.0,0.3333333333333333,0.7686970591607593,1,0.6555949891421405,0.1213960891271887,0.7486347604525716,0.5236724212286502,0,0,0,1,0,0,0.20224719101123595,0.8135593220338984,0.9701269849358716,0.13350552736871704,0.6029806716997039,0.049333588219773225,0.8959959401296611,0.8939526371906273,0,0,0.25723887296226755,0,0,0,0,1,0
6485,0.3,1,1.0,1.0,0.8881307090953275,1,0.6481442643032058,0.9455817329371605,0.9829897973533158,0.06374366045657733,0,0,0,1,1,0,0.7865168539325843,0.6440677966101694,0.975031557021525,0.38609768007782463,0.39365323810966435,0.5878472441859927,0.8713004830519168,0.9469567392658029,1,1,0.1929647006226664,1,0,0,0,1,0
6486,0.26666666666666666,0,0.0,0.3333333333333333,0.15637650431736919,1,0.49857790675434627,0.3395652343672618,0.03154586934133127,0.6303107468355112,0,0,0,1,0,0,0.5730337078651685,0.7796610169491526,0.8968292579057906,0.6785713421146999,0.7067131580729364,0.964376927905949,0.4296443803976709,0.9862891919706098,0,0,0.5690058682879776,1,0,0,0,1,0
6487,0.0,0,0.0,0.6666666666666666,0.6936030744942805,0,0.7753974662816474,0.20882047474011417,0.7557582830673215,0.5168753524656624,1,0,0,0,0,0,0.0,0.06779661016949153,0.07988623892082147,0.07976856667594628,0.7216931659167273,0.3595015346090795,0.265523400505728,0.0481633836119204,1,0,0.0014020059543725066,0,0,0,0,1,1
6488,0.9,1,0.0,0.6666666666666666,0.35287088715454723,0,0.21529375374360793,0.9786529749417066,0.1847471713369848,0.7156626608199753,0,0,0,0,0,0,0.4044943820224719,0.6610169491525424,0.14731335681866708,0.6815925695113602,0.109362293381457,0.9551951678378429,0.07318418372232796,0.09938992731695659,0,0,0.550781510870066,0,0,0,0,0,0
6489,0.9666666666666667,0,0.0,0.3333333333333333,0.7737157499791407,1,0.1557533324137085,0.8445713942576158,0.5815086036335643,0.011404601332445316,0,0,0,1,0,1,0.6179775280898876,0.3220338983050847,0.8821506849346614,0.9170079339087917,0.18111801487443877,0.005262150060812706,0.30934992497406,0.03304442618617566,0,0,0.529962753291247,0,0,1,0,0,0
6490,0.0,1,1.0,0.0,0.9075553307543412,0,0.5744968564260591,0.4187196238690834,0.8095964474773687,0.49277987347804725,0,1,0,0,0,0,0.8651685393258427,0.288135593220339,0.6336817873519873,0.6506966180971341,0.650792292165316,0.7132044875637444,0.13210970167580896,0.9239328076622012,0,0,0.7644781034461683,1,0,0,0,0,0
6491,1.0,1,0.0,1.0,0.524362382994179,1,0.3722490715303676,0.020027754265593438,0.5488831862106954,0.19110255396477852,1,0,0,1,0,0,0.7303370786516854,0.2033898305084746,0.04967272417131093,0.2828516426913336,0.6055910558003859,0.909004334010101,0.9730555348787152,0.6086228766228235,0,0,0.39750172647902837,1,0,0,0,1,0
6492,0.8,0,0.3333333333333333,1.0,0.003079648192588575,0,0.22532098389005684,0.03128721968769352,0.15710011156820133,0.15717063056242422,0,0,0,1,0,0,0.4943820224719101,0.288135593220339,0.561852307972947,0.939366376697701,0.7717038266527487,0.5250294122583088,0.33547465341904453,0.8901698821192465,0,0,0.6071439130280234,0,0,0,0,1,0
6493,0.6666666666666666,0,0.6666666666666666,0.6666666666666666,0.6604739412044713,1,0.8021529095327989,0.09175455542522085,0.3635006941499762,0.47804441419315724,1,1,0,0,0,0,0.6741573033707865,0.7288135593220338,0.8601209168964467,0.6236588612478087,0.6767794314133692,0.730425871861405,0.7460315121091153,0.20930588220679575,0,0,0.27833871656726916,0,0,0,0,0,1
6494,0.5,1,0.0,0.6666666666666666,0.7008033121689393,0,0.7647570170094868,0.7380602661920262,0.9791069517536753,0.8671189096646416,0,0,1,0,0,0,0.16853932584269662,0.7457627118644068,0.8019765690985271,0.7039777646008087,0.5998019434405465,0.30941290525032383,0.8028484595460231,0.7426191951131447,0,0,0.5242009994046218,0,0,0,0,0,0
6495,0.5,0,0.0,1.0,0.5762577398226864,0,0.7733232539597247,0.7514182109266158,0.7302534302595397,0.9387761145347319,0,0,0,0,0,0,0.1797752808988764,0.1864406779661017,0.2630460713486492,0.9817804846423329,0.5776156348961725,0.9938741120114855,0.5868761100528473,0.7492555686525415,1,1,0.9039040560692088,0,0,0,1,0,1
6496,0.6666666666666666,1,1.0,0.0,0.30112116305223113,0,0.9780656890909176,0.4157465591600151,0.4926187199073943,0.6005629881075819,1,1,1,0,0,0,1.0,0.8135593220338984,0.031779822683614165,0.920440749508595,0.5487455084903744,0.6648140608174459,0.9274847783994056,0.25891370107340356,0,0,0.9307494921406027,0,0,0,0,1,0
6497,0.43333333333333335,0,0.3333333333333333,0.6666666666666666,0.885826827664209,0,0.8019387578103624,0.7937717886855983,0.37231221176375423,0.5119408505395272,0,0,0,0,0,0,0.20224719101123595,0.5254237288135594,0.805177090044618,0.2777776301970318,0.9337959399510213,0.06684425656765282,0.15434505393000783,0.8214736014077885,0,0,0.39073744902503593,0,0,0,0,0,0
6498,0.7666666666666667,1,0.0,0.3333333333333333,0.920826440671615,1,0.44893700749946724,0.671229397883562,0.0019610664466363716,0.5071553805745939,0,0,0,0,0,0,0.7415730337078652,0.8135593220338984,0.7098019205876029,0.4503236743193514,0.07128396691606992,0.3262289331065357,0.9207722862083976,0.679805429192203,0,0,0.3384746337128121,0,0,0,0,0,0
6499,0.7333333333333333,0,1.0,0.0,0.3292475703232144,1,0.4594598720344489,0.7167586919083504,0.11231267961061482,0.1018871829433028,0,1,0,0,0,0,0.4606741573033708,0.5254237288135594,0.24192899525537662,0.9707444920447821,0.11440657184500444,0.9110090070476625,0.2161989159779925,0.8112183745549856,0,0,0.8987186346925643,0,0,0,0,0,0
6500,0.5666666666666667,0,0.0,0.3333333333333333,0.3429056825054257,0,0.02121773341372904,0.11519960083098103,0.18948333369658338,0.21159942900699,1,0,0,1,0,0,0.5056179775280899,0.3898305084745763,0.4206197377035125,0.4451118585614862,0.6641804749554572,0.20775486633152287,0.19717120729592133,0.05474180411653058,0,0,0.5979261229912346,0,0,1,0,0,0
6501,0.23333333333333334,1,0.0,0.0,0.3266176827277366,0,0.7759347859235226,0.4243387589003452,0.2885934538927515,0.5517731111650508,0,0,1,1,0,0,0.6853932584269663,0.4406779661016949,0.4956262555944042,0.45488263151471375,0.8196415909051517,0.47368120360241606,0.12975579367454493,0.13103465178379978,0,1,0.3806266537300793,0,0,0,1,0,1
6502,0.03333333333333333,1,0.0,0.3333333333333333,0.33986139240833246,1,0.9841931580613342,0.5368361953750226,0.6618945060636279,0.90350602535852,0,0,0,0,0,0,0.6629213483146067,0.1864406779661017,0.12929390791151923,0.0678488504536192,0.523578750327543,0.2204764455705496,0.6041022450548136,0.481329690646933,0,1,0.3104575219289058,0,0,0,0,0,1
6503,0.9,0,0.3333333333333333,1.0,0.8717999808097131,1,0.6742108727409661,0.6671411431157362,0.0015174611137081936,0.7364666689781229,0,0,0,0,0,0,0.5617977528089888,0.711864406779661,0.15350669985586995,0.6000975615623644,0.8714311274334644,0.6706657260875988,0.268826883821936,0.6265291678976147,0,0,0.24852015502519909,0,0,0,0,1,0
6504,0.0,0,0.0,0.6666666666666666,0.496928535181828,0,0.6288932613994315,0.2724026184900876,0.2078945054985475,0.7926880578995829,0,0,0,1,1,0,0.06741573033707865,0.9830508474576272,0.6564488584285848,0.5492527968556918,0.18046347337020452,0.29308780142268376,0.29110788174124697,0.44455248533696595,0,1,0.953336475384084,1,1,0,0,0,1
6505,0.5333333333333333,0,0.0,0.6666666666666666,0.1890957975608617,0,0.5742184903272225,0.9920366581781557,0.1784349346200203,0.7735166547014246,1,0,0,1,0,0,0.11235955056179775,0.9491525423728814,0.4746210232600742,0.32267140840873304,0.3687327290608576,0.681263847983936,0.4586101082321799,0.7728592496652897,0,0,0.17041865712105697,0,0,0,0,0,0
6506,0.9,1,0.6666666666666666,0.0,0.30882852752193823,0,0.7458831874007779,0.8799933955382484,0.12813869330877642,0.8348648995763776,1,0,0,0,0,0,0.7191011235955056,0.0,0.9187134800484316,0.04102124555835255,0.12135751066689024,0.8227524163614078,0.7985874520020849,0.5139350602393203,0,0,0.8744435448209585,0,0,0,0,0,0
6507,0.6666666666666666,1,1.0,0.6666666666666666,0.5206005236515238,1,0.39233359058817047,0.55964833075393,0.5993065399920311,0.295734249855544,0,0,0,0,0,0,0.5168539325842697,0.15254237288135594,0.4738931964991153,0.945572818319905,0.9015470161902224,0.39411110328688714,0.7353432219395342,0.8642550251823646,0,1,0.5667024983546005,0,0,0,0,1,0
6508,0.16666666666666666,0,0.3333333333333333,0.3333333333333333,0.5504421421328461,0,0.12403296542399483,0.1084568958816738,0.6112293116969267,0.5256246461831536,0,0,1,0,0,0,0.550561797752809,0.288135593220339,0.33738841338505376,0.7602614996306584,0.9713678344671919,0.6158182124702525,0.09996861637875973,0.5219051570429917,0,0,0.3188804797824191,0,0,1,0,0,0
6509,0.06666666666666667,0,0.0,0.6666666666666666,0.34338384513429365,0,0.061754975660004624,0.06638842054670553,0.3354750190866275,0.9324861486806624,1,1,0,0,0,0,0.0449438202247191,0.864406779661017,0.3505344024616306,0.5853960668241788,0.27294803457063205,0.428734913126588,0.6132217598014487,0.5648622001224474,0,0,0.3983058880336014,1,0,0,0,0,0
6510,0.9,1,0.3333333333333333,0.0,0.3513241719036276,0,0.16820088634633923,0.2248895470269674,0.04391141259736913,0.2595842255151911,0,0,0,0,0,1,0.0,0.06779661016949153,0.01593707558332556,0.46886229418083963,0.20715819745720898,0.7282214863840698,0.28275568764380643,0.2986073467692716,0,0,0.3565176779730298,0,0,0,0,0,1
6511,0.6333333333333333,1,0.0,0.3333333333333333,0.10871704587385286,1,0.4273566079717917,0.568440573460942,0.40111489378679455,0.9610027268510272,1,0,0,0,0,0,0.5280898876404494,0.4406779661016949,0.06255352383095986,0.6512743817107018,0.562341435343378,0.8135243116630868,0.06734586656759221,0.9360840930423697,1,0,0.5060568696751586,0,0,0,0,0,0
6512,0.9666666666666667,1,0.0,1.0,0.7621714474938046,0,0.4245004430487846,0.9268158661697025,0.8402898220489181,0.17283176074762427,0,0,0,0,1,0,0.30337078651685395,0.7627118644067796,0.6809648692935335,0.1599900390331515,0.9026974875402091,0.407547904987666,0.9508295075693209,0.15203481967026503,0,0,0.05235034914402664,0,0,0,0,0,0
6513,0.06666666666666667,0,0.0,0.3333333333333333,0.6285817188401495,0,0.7898483876450217,0.9973776669229666,0.8265116805846239,0.8173850508301832,1,0,0,1,0,0,0.9213483146067416,0.6949152542372882,0.8952245487387221,0.114585847446583,0.41983983546362436,0.972096235975939,0.8742782009302914,0.36768275737441125,0,1,0.5564948947895227,0,0,1,0,0,0
6514,0.06666666666666667,1,0.3333333333333333,0.6666666666666666,0.5957933228832369,0,0.71308178939878,0.32003114148901235,0.8901769103305334,0.9214110595920882,1,0,0,0,1,0,0.8876404494382022,0.3220338983050847,0.6424100098116513,0.32802046758552356,0.7256721838127242,0.7169821537590763,0.5206134520419236,0.7832084094100993,0,0,0.7626523854168363,0,0,0,0,0,0
6515,0.3,1,0.0,0.6666666666666666,0.5335613871268975,0,0.6943533949565232,0.3908915204456341,0.795515694806482,0.6951564944679814,0,0,0,0,0,0,0.6067415730337079,0.576271186440678,0.7911033859048878,0.43441070868892284,0.40117027598801064,0.688953548961729,0.734107463113182,0.556734290819236,0,0,0.24263702222630548,1,0,0,0,0,0
6516,0.9666666666666667,0,1.0,0.0,0.9123456682861766,1,0.24053279507141345,0.4007216063083396,0.329468680207754,0.9488057672942007,0,0,0,0,0,0,0.3146067415730337,0.7796610169491526,0.5519815970498303,0.6106539386601498,0.017887377466226966,0.07266523883008558,0.024194601283547734,0.18492838617465943,0,0,0.05050673541902327,1,0,0,0,0,1
6517,0.9666666666666667,1,0.0,0.3333333333333333,0.5854298854423158,1,0.5653846812612711,0.8149112829078454,0.9981915560375172,0.6874193313511706,0,1,0,0,0,0,0.8876404494382022,0.7288135593220338,0.9242540988237661,0.12581461105795094,0.661226050607997,0.18897902958174786,0.9410620685407457,0.3709226980545862,0,0,0.00507820508599223,0,1,0,1,0,0
6518,0.8333333333333334,1,0.3333333333333333,0.6666666666666666,0.4081618084323648,0,0.30245631575658477,0.8452118185330801,0.8038318717016888,0.6580827780431646,0,0,0,0,0,0,0.7640449438202247,0.3050847457627119,0.9812242660944461,0.9008445904669299,0.5464822480381925,0.264530996059786,0.4798881474080253,0.5223649678650815,0,0,0.6160802829480759,1,0,0,0,0,0
6519,0.8,0,1.0,0.3333333333333333,0.6334607365313588,0,0.3252421763034421,0.40524318963700096,0.08103729542373989,0.593593722377328,0,0,0,0,1,0,0.7528089887640449,0.6271186440677966,0.9144730784531141,0.235134610126773,0.5645789852622792,0.4199930057493101,0.8465383372738484,0.31816132396843844,1,0,0.002134160098689503,0,1,0,0,0,0
6520,0.6333333333333333,1,0.0,0.3333333333333333,0.38845360844803223,1,0.5474123204569856,0.7463544781795868,0.39402371517557666,0.009515139594550826,0,0,0,0,0,0,0.7865168539325843,0.6779661016949152,0.46070639536423097,0.014891701814965115,0.24724165483104366,0.5481732389614877,0.07498408336189118,0.8121068672986285,0,0,0.3719498965124588,0,0,0,0,0,0
6521,0.3,0,0.0,0.3333333333333333,0.10303957228788377,0,0.14756645815704175,0.3797031851512634,0.8786530811403218,0.5790458053229063,0,0,0,1,0,1,0.797752808988764,0.6779661016949152,0.10578156929542999,0.08225208646646191,0.4680850018952966,0.48813242705231663,0.26475351052993384,0.6127482829922762,0,0,0.4311968983717016,0,0,0,1,0,0
6522,0.3333333333333333,1,0.0,0.6666666666666666,0.24162344364100588,0,0.12838057794352684,0.22361216344649745,0.9100292734661756,0.8271212600840407,0,0,0,0,1,0,0.02247191011235955,0.9491525423728814,0.41695494652110504,0.5004442403674189,0.020144164986034954,0.6100529144405965,0.023042469393106297,0.4994703418695856,1,0,0.1867432516886051,1,0,0,0,1,1
6523,0.6333333333333333,0,0.0,0.6666666666666666,0.8097705066959605,0,0.6105418823823451,0.8614164398557217,0.770918595923996,0.14818154968232045,1,0,0,0,0,0,0.4606741573033708,0.8305084745762712,0.9032138072699655,0.19566960526957072,0.9356744522438132,0.48246962121787956,0.12613953361604816,0.41530218748417524,0,0,0.0111488121459651,1,0,0,0,0,1
6524,0.4,0,0.3333333333333333,1.0,0.614385419656179,0,0.3866204815253125,0.9435584850440926,0.9714576582461486,0.3067401940439254,0,0,0,1,0,0,0.2696629213483146,0.288135593220339,0.5855452997513795,0.7758743011255572,0.6795727051969207,0.8841881432687718,0.5640947546763543,0.6804631260979472,1,0,0.45348786028744176,1,0,1,0,0,1
6525,0.3,0,0.3333333333333333,1.0,0.6423501176379377,1,0.4237108188649706,0.9070167257399381,0.03435046856412036,0.3311243457403434,0,0,0,0,0,1,0.1797752808988764,0.15254237288135594,0.8329261861527041,0.020234649303020248,0.714366888149178,0.9097854468216905,0.2685732580675508,0.24735571389514524,0,0,0.4686308331447378,0,0,0,0,1,1
6526,0.4666666666666667,1,0.0,0.3333333333333333,0.62568332312584,0,0.953798302172139,0.335548605713681,0.4672542823306615,0.7223007431828153,0,0,0,0,0,1,0.12359550561797752,0.3389830508474576,0.6142266210557447,0.4798332510529982,0.9717181212720286,0.603352329566493,0.49604824908722134,0.8453810920625786,0,0,0.9492347392410427,0,1,0,0,0,0
6527,0.7,1,0.3333333333333333,0.3333333333333333,0.35374733302585226,0,0.5673135458366971,0.06897443902457762,0.006931221153354661,0.7928147764509109,0,0,0,0,0,0,0.25842696629213485,0.576271186440678,0.5734120215620626,0.46111802596742835,0.8549844463307422,0.2274417742346804,0.04399229702628619,0.020541958533839208,1,1,0.3297567904707458,0,1,0,0,0,1
6528,0.5666666666666667,1,0.0,0.3333333333333333,0.523204876888284,0,0.4111630382560887,0.27610809578819845,0.9228744602531547,0.7627592773982371,0,0,0,0,0,0,0.1348314606741573,0.9322033898305084,0.31771573416257726,0.33638485247991273,0.9780084997927329,0.7223845793218067,0.1047720509729007,0.624865250370144,1,0,0.7861319592551544,0,0,0,1,0,0
6529,0.13333333333333333,1,0.3333333333333333,1.0,0.23864407188657247,1,0.02206239651862716,0.030498338498351076,0.27204790048383937,0.6895090989934443,0,0,0,1,0,0,0.651685393258427,0.4745762711864407,0.8940087638371634,0.9851290374744686,0.2801008869015102,0.683416505017201,0.43797013705105814,0.4558496019241893,1,0,0.08811858539242709,0,0,0,0,0,1
6530,0.13333333333333333,0,0.0,0.3333333333333333,0.11726021036240052,1,0.11563154833042089,0.393589330740824,0.11245269354256064,0.7514361221765481,0,0,0,1,0,0,0.2808988764044944,0.4067796610169492,0.45759720331088005,0.1848248263863576,0.265245147343986,0.240171335070233,0.9728953825333645,0.17685109325083856,0,0,0.1920713599538279,0,0,1,0,0,0
6531,0.6666666666666666,0,0.3333333333333333,0.3333333333333333,0.8134774003005975,0,0.8694375252173915,0.3617423787397613,0.16830508152179646,0.17437088332765968,1,0,0,1,0,0,0.30337078651685395,0.3898305084745763,0.7573359413304398,0.6692446815106249,0.9799905479368266,0.3685172212805976,0.6070723493459387,0.25472700223091976,0,0,0.7298625467471772,1,0,0,0,0,0
6532,0.9,0,0.0,1.0,0.40684044907502187,0,0.6594668455290671,0.03350794589634156,0.6834072738475595,0.6669469076362845,0,0,0,0,0,0,0.4943820224719101,0.423728813559322,0.6450589470956131,0.5483294466346853,0.2707434202397882,0.9970500263463755,0.44795699802012295,0.30007194687408056,0,1,0.7740119180265169,0,0,0,1,1,1
6533,0.3333333333333333,1,0.0,0.6666666666666666,0.42001136682123114,0,0.8467406139212237,0.6041532894157725,0.9530202929225213,0.5660543054405823,1,0,1,0,0,0,0.9887640449438202,0.7966101694915254,0.9517158161426276,0.3309099242867725,0.4788396420895124,0.21011021757216083,0.3330467810975645,0.9155435198917937,0,0,0.13381872342545725,1,1,0,0,0,0
6534,0.16666666666666666,0,0.0,0.6666666666666666,0.9498966321491517,0,0.627615872814925,0.392618850882522,0.18370926313063032,0.3424156919961131,0,0,1,0,0,0,0.7752808988764045,0.8983050847457628,0.2651480415179265,0.2468701485459131,0.514210241856936,0.5109391109004283,0.5279862846514397,0.8653584077454338,0,0,0.5489180448240496,0,0,0,0,0,0
6535,1.0,0,0.6666666666666666,0.3333333333333333,0.7831610627253628,0,0.6240149872829578,0.7904085531125548,0.7689858748230008,0.45207954519994004,0,0,1,0,0,0,0.7752808988764045,0.2542372881355932,0.32661628756750904,0.9545411693290501,0.32167714711514384,0.7872594497816531,0.31790124198822084,0.21530495299238694,0,0,0.12184527903444788,0,0,0,1,1,1
6536,0.0,1,0.0,0.0,0.01757600870661423,0,0.6399176399192837,0.028881276912286067,0.015185247455248853,0.3493283478234532,0,0,0,0,0,0,0.15730337078651685,0.8135593220338984,0.6969488823330735,0.05623675727985645,0.26449926539456897,0.9509681794062395,0.4651649512304521,0.12784441727916854,0,0,0.052558467365565714,1,1,0,0,0,1
6537,0.5,1,0.3333333333333333,0.0,0.6021941643387364,1,0.30768645629951746,0.9508791485225757,0.25121648377736583,0.05939655550429451,1,0,0,0,0,0,0.011235955056179775,0.3220338983050847,0.8617844445227586,0.13847799171999164,0.24206999766481063,0.5913217913090114,0.02933104649532899,0.42844845560504435,0,0,0.8040034396338986,0,0,0,0,1,0
6538,0.16666666666666666,0,0.0,0.6666666666666666,0.11606137424380307,0,0.671097796444141,0.9736873263795316,0.14354460093086108,0.6190460273076227,0,0,0,0,0,0,0.9101123595505618,0.6610169491525424,0.4016781914798249,0.3927569022480748,0.27466331920579184,0.8804459524403503,0.6222002066658235,0.7260406785390664,0,0,0.06509860342727783,0,0,0,0,0,0
6539,0.5333333333333333,0,0.3333333333333333,0.6666666666666666,0.31765302099103004,0,0.049598966800277706,0.6681759810977216,0.2796525346361177,0.1258198011793696,1,0,1,0,0,0,0.7640449438202247,0.15254237288135594,0.6710309407112343,0.791076280551433,0.17550226320569773,0.7330001007063747,0.49795996560566086,0.25454459100091786,0,1,0.3489229281140143,1,0,0,0,1,1
6540,0.5666666666666667,0,0.0,0.3333333333333333,0.7950447857377094,0,0.6208140094907253,0.011286415398373915,0.6762586548095179,0.30033792427618233,1,0,0,0,0,0,0.43820224719101125,0.23728813559322035,0.6356887037505631,0.15911959808151144,0.997021051205334,0.685102986834702,0.8287109444305112,0.2791741231166717,0,0,0.2562400095408289,1,0,0,0,1,0
6541,0.1,1,0.0,1.0,0.8833319895694698,1,0.8459249527511108,0.5705009399439602,0.7162769703103962,0.2985222945412418,1,0,0,0,0,0,0.5393258426966292,1.0,0.7035368327119021,0.13532807124511942,0.830764645074678,0.8484692032190811,0.8648943327633389,0.028273913538241668,0,0,0.5077824156282849,0,0,0,1,0,0
6542,0.6666666666666666,1,0.3333333333333333,0.6666666666666666,0.7761453306472611,0,0.612256540574362,0.8777775147623648,0.26370849085951553,0.1344732630045226,0,0,0,0,0,0,0.48314606741573035,0.6101694915254238,0.971290390022498,0.5573418888087768,0.08314370097982658,0.7940971598133929,0.16587500841380518,0.39547830897691433,0,0,0.8999900063096464,0,0,0,0,0,0
6543,0.8,1,0.6666666666666666,0.0,0.8130233989955931,0,0.7085817683759488,0.18917653162379997,0.5647399304600395,0.8635806637473,0,0,0,1,0,0,0.07865168539325842,0.3898305084745763,0.601582341620952,0.247604438739214,0.07054467293728878,0.6259005306490508,0.4568293126847114,0.027777504312240596,0,1,0.28383503817773253,1,0,0,0,0,1
6544,0.2,0,1.0,0.3333333333333333,0.12215640290949845,0,0.8140916400284284,0.16823988606441978,0.24445504532575943,0.6691007822211599,0,0,0,0,0,0,0.33707865168539325,0.3389830508474576,0.914819650016991,0.5529580730273761,0.3389964105679387,0.9753118504184751,0.7185650309909613,0.18181161042078503,0,0,0.7586040104522898,0,1,0,0,0,0
6545,0.5333333333333333,1,0.3333333333333333,0.6666666666666666,0.8469549618638342,1,0.551771195045015,0.9546389013524368,0.7252711595307293,0.06040587231013096,0,1,0,0,0,0,0.9101123595505618,0.3050847457627119,0.12089884078573018,0.13770689565767238,0.7560396106113425,0.9598933774417063,0.14900863807781517,0.5401211500445152,1,0,0.4725127649943848,0,0,0,0,1,1
6546,0.5333333333333333,1,0.0,0.3333333333333333,0.8945231065125632,0,0.3542832021778871,0.11799321903829627,0.0401102021931654,0.06176813051681549,0,0,0,0,1,1,0.25842696629213485,0.3050847457627119,0.4954410931442896,0.8635323019803232,0.07818028451564457,0.10862670069564129,0.6961572939747166,0.859970908044929,0,1,0.9588147705562592,0,0,0,0,0,0
6547,0.8,1,0.0,0.0,0.4553646218478829,0,0.4293433688119848,0.9456498936348446,0.6661960215392231,0.7144515937915363,0,0,0,0,0,0,0.9775280898876404,0.4406779661016949,0.7192964852580469,0.4963603578565621,0.1813820339008566,0.40730171821896466,0.8780932810325592,0.40955320557258884,1,0,0.3678498305474075,0,0,1,0,0,0
6548,0.4666666666666667,1,0.0,0.0,0.07177703052640404,1,0.22981428735634235,0.4717761060255297,0.3667664544016892,0.30290876921954124,0,0,0,0,0,0,0.5617977528089888,0.1864406779661017,0.2913485534783984,0.7342037627402083,0.14913264522963948,0.17379044242117203,0.342960865260571,0.5259663667112155,0,0,0.7647011699460452,0,0,0,0,1,0
6549,0.6,0,0.0,0.6666666666666666,0.7162285172967167,0,0.8232264116141222,0.4662620834503621,0.826627048307581,0.5782230246681898,0,0,0,0,0,0,0.7191011235955056,0.5932203389830508,0.11527368374883788,0.3773499289845546,0.07987714591711205,0.8736179277449732,0.6068123438324438,0.40198698593992005,1,0,0.16364428106930703,0,0,0,0,0,1
6550,0.23333333333333334,1,0.0,1.0,0.21696105364630164,0,0.42751112633653304,0.5729809053408987,0.037243850660087195,0.28155436512086063,1,0,0,1,0,1,0.0898876404494382,0.15254237288135594,0.5446290907487559,0.3362976800547243,0.16704065971745305,0.5027507279167784,0.6585014964711084,0.5410318605362049,0,0,0.0800062556612043,0,0,0,0,0,0
6551,0.4,1,0.0,0.0,0.8438795554441778,0,0.9662408620239641,0.5425147659456561,0.5453112094619391,0.16309552548277184,1,0,0,0,0,0,0.3258426966292135,0.2542372881355932,0.05707211633584148,0.2870850339725248,0.5598678800238024,0.1493174321571886,0.3826646079643061,0.2552489403718219,0,0,0.772891058472289,0,0,0,0,0,0
6552,0.03333333333333333,0,0.0,1.0,0.9638132649548016,0,0.09336629385981374,0.025658623570409156,0.8557331850064744,0.8269573203135813,0,0,0,0,0,0,0.9775280898876404,0.2033898305084746,0.5679493374606283,0.7738802254342603,0.5148094090440921,0.7596077778285523,0.4581346755241389,0.21315188733122778,1,0,0.13985665314221316,0,0,0,0,0,1
6553,0.23333333333333334,1,0.0,0.0,0.7711146767777375,0,0.8521298659491439,0.8568467192206086,0.3483764762779195,0.6249834857786244,0,0,0,0,0,0,0.011235955056179775,0.7457627118644068,0.6013370250473448,0.9326120093234372,0.8923207831076745,0.743995982920291,0.7029717464908555,0.14590514859361664,0,0,0.9416261548761061,0,0,0,0,1,0
6554,0.5333333333333333,0,0.0,0.3333333333333333,0.20510448323826824,0,0.2611179943040958,0.4378321707736502,0.6173205930960831,0.9848635934973162,0,0,0,0,0,0,0.30337078651685395,0.5084745762711864,0.969060627103852,0.3616865130652882,0.24061350832859354,0.11158717135420589,0.6536234275904803,0.9979358022742937,0,0,0.23922685684376582,0,0,1,0,1,0
6555,0.5666666666666667,1,0.0,0.0,0.8232950930323448,1,0.947509494490981,0.6318276588431073,0.7153687437043336,0.9140199483179663,0,0,0,0,0,0,0.30337078651685395,0.6101694915254238,0.41750250375459286,0.38408026281019364,0.6758328217225522,0.932702873974396,0.48109464698695886,0.0919505740097992,0,0,0.6968363093426285,0,0,0,0,0,0
6556,0.26666666666666666,1,0.0,0.3333333333333333,0.46515423069657724,0,0.08798065941364358,0.8744055908050624,0.46544619556978584,0.11347040862297655,0,1,0,1,0,1,0.07865168539325842,0.7288135593220338,0.14948099868696477,0.7855313291692017,0.9244473155925724,0.22009966958455907,0.17101434415554767,0.7812450550644038,0,1,0.3664368141612823,0,0,0,1,0,1
6557,0.43333333333333335,0,0.3333333333333333,0.3333333333333333,0.2792726726468321,1,0.7728105113929377,0.28620287101939207,0.8669474565090377,0.6283168497120347,0,0,0,0,0,0,0.5730337078651685,0.9152542372881356,0.4488144368072095,0.3919067963563144,0.5024898227799758,0.3747721851575725,0.6603334462871919,0.9450252423649831,0,0,0.036108263437747035,0,0,0,0,0,0
6558,0.9666666666666667,0,1.0,0.3333333333333333,0.9907665485260807,0,0.08481695276395793,0.4866855232576718,0.8884293447792386,0.3900565902068939,1,0,0,0,0,0,0.6853932584269663,0.3050847457627119,0.08739932100776346,0.3543757498285918,0.0189359082523712,0.8943566984406647,0.5217585058406135,0.9711677828242823,0,0,0.747129900562002,1,0,1,0,0,0
6559,0.13333333333333333,0,0.3333333333333333,1.0,0.3601991619400827,0,0.24200073597285648,0.20410053525921998,0.9241064107707186,0.6605709926617723,0,0,0,1,0,0,0.449438202247191,0.4406779661016949,0.7658595952397069,0.05845884373912553,0.31869826900971276,0.6379663748441975,0.22712681309257923,1.0,0,1,0.7818651721401215,0,0,0,0,0,0
6560,0.9333333333333333,1,0.0,0.6666666666666666,0.14586714521177116,1,0.32841510706495125,0.5234895455030266,0.2527731972731256,0.43616882782232147,1,1,0,0,0,0,0.30337078651685395,0.9830508474576272,0.7625088058970083,0.6825948557887708,0.3130562936060797,0.24444139692985492,0.6533314680562817,0.45009908862961173,0,1,0.8367397629823801,0,0,0,0,1,1
6561,0.5333333333333333,0,0.0,0.6666666666666666,0.7387477832123089,0,0.08017134107588231,0.9308286377158882,0.7199574669788377,0.3276732189450542,0,0,1,0,0,0,0.8202247191011236,0.2711864406779661,0.10863771025980899,0.934934041921217,0.5299029071915048,0.5868951615180811,0.5915769875919678,0.24281816656917055,0,0,0.6313398207805816,1,0,0,0,1,0
6562,0.36666666666666664,1,0.0,0.0,0.9843603517124178,1,0.838955570768022,0.6026249955719416,0.30934501240220097,0.2628322857162695,1,1,0,0,0,0,0.5730337078651685,0.11864406779661017,0.1680086437324106,0.27753544349283776,0.8397693041119445,0.3346337807600256,0.1208433601648822,0.42287224828050984,0,0,0.04674010466257687,0,0,0,0,0,1
6563,0.8,0,0.0,0.3333333333333333,0.7589026816195146,1,0.9269567751799299,0.9389534238293322,0.18271791814200025,0.5302123773727506,0,0,0,1,0,1,0.19101123595505617,0.6610169491525424,0.4297981000987038,0.9739811467805157,0.7053714688494649,0.854611370007447,0.8555416653004894,0.12882941881807938,0,0,0.18046195046773328,0,0,0,0,0,0
6564,0.8333333333333334,0,0.0,0.6666666666666666,0.8037443003129453,0,0.7726933409181191,0.7141229483249465,0.9587822665243929,0.2619632939394221,0,0,0,0,0,0,0.3258426966292135,0.9152542372881356,0.20682328167642985,0.9625288623420031,0.5872262204006529,0.14983433006496255,0.4685909857660055,0.5609907725190667,1,1,0.7211079924304064,0,0,0,0,0,1
6565,0.16666666666666666,0,0.3333333333333333,1.0,0.3307444199293425,0,0.7144769971407302,0.6029439669908934,0.7738969310142353,0.9009597168628569,0,0,0,0,0,0,0.3258426966292135,0.7627118644067796,0.14038689279979666,0.23363209708947205,0.6222205324456942,0.4461289220422834,0.25259424867795266,0.396711188903663,0,0,0.4704115336235071,0,0,0,1,0,0
6566,0.7666666666666667,0,0.0,0.6666666666666666,0.37134542105496987,0,0.3982496128691606,0.14902669402248686,0.4613776232221255,0.22078199746497043,0,0,0,0,0,0,0.2808988764044944,0.847457627118644,0.07203811779615012,0.0740883287171557,0.11774143392580094,0.9171304871379623,0.03478320395972413,0.7998153305488264,1,0,0.2762091397654097,0,0,0,0,0,1
6567,0.6666666666666666,1,0.0,0.3333333333333333,0.41307028842245785,0,0.46377952754753504,0.6315885435013338,0.5092489372490271,0.9313061099606665,0,0,1,0,0,0,0.9887640449438202,0.05084745762711865,0.6360008345607212,0.0650372939825022,0.5630508083696406,0.6651821086115202,0.7408665212807796,0.5791958491255896,1,0,0.5581289493860693,0,0,1,0,0,0
6568,0.7,1,0.6666666666666666,1.0,0.4015956086989228,0,0.3647615985781464,0.22729378487157725,0.17252052107315088,0.8881282338148839,1,0,0,1,0,0,0.5280898876404494,0.5084745762711864,0.8729860762848382,0.5978655216651154,0.14557668765034212,0.38844068287096406,0.05217508411248922,0.9994887672328598,0,0,0.8501615126272503,0,0,0,0,0,0
6569,0.8333333333333334,0,0.0,0.3333333333333333,0.6477289270876339,0,0.21862914756723748,0.3243257664814151,0.26760832596370776,0.13377963783709923,0,0,0,0,0,1,0.47191011235955055,0.1864406779661017,0.1137821607713815,0.3047357741114705,0.9441501733481921,0.39423099008727747,0.23363362554568565,0.7814105899751591,0,0,0.8084912816442217,0,0,0,0,0,0
6570,0.5333333333333333,0,0.0,0.0,0.6941103637872136,1,0.9334280687794398,0.04492841187899351,0.4179238018414266,0.06990641148705216,0,0,1,0,0,0,0.8089887640449438,0.576271186440678,0.250001837285722,0.6445806177219874,0.5452421021299022,0.18306518904094365,0.39559277142645916,0.13568286434890456,1,0,0.2586197960354443,0,1,0,0,0,1
6571,0.7333333333333333,0,0.3333333333333333,0.3333333333333333,0.8177830651095735,1,0.8951375243006687,0.17107465492736051,0.8513517406837717,0.08624940597304058,0,0,0,0,0,0,0.898876404494382,0.288135593220339,0.32110161514875946,0.48223331598774577,0.3627773953096156,0.07087594170415226,0.38356609335986613,0.25995855398552065,0,0,0.9745877920192455,1,0,0,0,0,0
6572,0.9666666666666667,0,0.0,0.0,0.9894719942467498,0,0.2489870788348095,0.009571882421290432,0.948324720264216,0.07207962828066859,0,0,1,1,0,0,0.10112359550561797,0.7966101694915254,0.25143707899149975,0.3904139991016372,0.7594978717636031,0.9719553706409013,0.2775909470248089,0.9747896364616624,1,0,0.24231850133118518,0,0,0,1,1,1
6573,0.5333333333333333,0,0.3333333333333333,0.6666666666666666,0.6399790281493867,1,0.24246217338289686,0.03747752568259801,0.33617205365245334,0.6453593717031926,0,0,1,1,0,0,0.9662921348314607,0.9491525423728814,0.9346394917305579,0.37740001141673585,0.9531084478351053,0.8904159675648957,0.47339712917184606,0.31717866679884693,0,0,0.738790053898825,0,0,0,0,1,0
6574,0.9333333333333333,0,0.3333333333333333,0.3333333333333333,0.41034044680586657,1,0.4380591602709132,0.16437382623621682,0.6689215395140876,0.9886586666096365,0,1,0,0,0,0,0.1797752808988764,0.1694915254237288,0.10354624439656004,0.2390719620850058,0.017974711946977133,0.9686590970642309,0.3450197927748896,0.0014733557258349165,0,0,0.679959255976153,0,0,0,0,0,0
6575,0.03333333333333333,1,0.0,0.3333333333333333,0.17544991477983754,0,0.48898919448393297,0.9439207685508864,0.20052013049702655,0.43771569955646134,0,0,1,0,0,0,0.651685393258427,0.7288135593220338,0.8342213373525351,0.7972074841312059,0.4555660579732535,0.11703736883729371,0.7959721959903857,0.04343269468223512,0,0,0.9746841202961088,0,0,0,0,0,0
6576,0.13333333333333333,1,0.0,1.0,0.795493961618806,0,0.157123849348372,0.1942234052515428,0.3610512215957429,0.583592983864663,1,0,0,0,0,0,0.9213483146067416,0.7627118644067796,0.483091145132739,0.38352534028700347,0.9000194266397121,0.8448933282813487,0.8145200898401305,0.5678811025151013,0,1,0.7057057454052512,0,1,1,0,0,0
6577,0.9333333333333333,0,1.0,0.0,0.6917075414202326,1,0.24027909774070727,0.03891759728627848,0.5893260300984282,0.9887317621567926,0,0,0,0,0,0,0.7640449438202247,0.9830508474576272,0.7868400271213999,0.8318443398579172,0.20920135578843008,0.49981593007955705,0.8870350455875495,0.5531736412147673,0,0,0.3495123052272032,0,1,0,0,1,0
6578,0.8666666666666667,1,0.6666666666666666,0.0,0.018530471261913213,1,0.4692938235736449,0.4490861105162517,0.24749452209949424,0.4308110931401165,0,0,0,0,0,0,0.07865168539325842,0.7627118644067796,0.8808232178194202,0.20888410233235655,0.687303319420999,0.1538253099010759,0.4183143339755154,0.6378307811553455,1,0,0.8735488811185732,0,0,1,0,0,0
6579,0.5333333333333333,1,0.3333333333333333,0.3333333333333333,0.00765426095733207,0,0.30365443354893423,0.07130766023313177,0.6489256344333773,0.28059067611815997,1,1,0,0,0,1,0.0449438202247191,0.2033898305084746,0.3343346647113839,0.8129346722254702,0.4780959099015741,0.2834107432303496,0.8699760460527468,0.2062310397900117,1,0,0.35273137069877514,0,0,1,0,0,0
6580,0.6666666666666666,1,0.6666666666666666,0.6666666666666666,0.8224745441436566,0,0.35601537417795337,0.7796744862359887,0.06720486963447997,0.7937478978608351,0,0,1,1,0,0,0.5842696629213483,0.2711864406779661,0.6463042867153566,0.2344897460019607,0.2669610938483296,0.057193226705323584,0.15640911932773516,0.6025708446933249,0,0,0.88877352685054,0,1,0,1,1,0
6581,0.13333333333333333,0,0.3333333333333333,0.0,0.2730028961124561,1,0.8562847162739495,0.6664656314512004,0.8804602172943032,0.02032121248021561,0,1,0,0,0,0,0.1348314606741573,0.3728813559322034,0.06411843565723613,0.9727359139202426,0.19590176152810945,0.28730343442503387,0.8813070313643709,0.7437995720723476,0,0,0.6498850977822772,1,0,0,0,0,0
6582,0.4666666666666667,1,0.3333333333333333,0.6666666666666666,0.06669841373699142,0,0.09644589079198977,0.06265015972951278,0.26981837059017677,0.6386110191553221,0,1,0,0,0,0,0.9101123595505618,0.2542372881355932,0.0350539473714585,0.7324502976909216,0.23786877516307225,0.6257126209970079,0.7097264609148649,0.5784187143792546,0,1,0.024134599670952644,0,1,0,1,0,1
6583,0.36666666666666664,0,0.0,1.0,0.31141340971406645,0,0.7630051205174113,0.026058270539368003,0.9946268605824613,0.4030743362791585,1,0,0,0,0,0,0.25842696629213485,0.8305084745762712,0.04965398506845621,0.13281719477900436,0.6174811181442195,0.9637986527199933,0.29001525222121366,0.29680528274285684,0,0,0.13849789905671056,0,0,1,1,1,1
6584,0.7333333333333333,1,0.3333333333333333,0.0,0.8947067927991944,1,0.057505103350410786,0.16646337947250503,0.34561628978016207,0.8446694370243971,0,0,0,0,1,0,0.7752808988764045,0.0,0.362297443108528,0.8792414310570391,0.08420514373964048,0.20032628019160242,0.6824506071352345,0.39386685604642324,0,0,0.743953892220682,1,0,0,1,0,0
6585,0.1,1,0.0,0.3333333333333333,0.037981764809419144,0,0.6847395602915785,0.04740043036225862,0.8967974770274701,0.42274737317227645,0,0,0,1,0,0,0.23595505617977527,0.711864406779661,0.016422383464936362,0.6072490216372171,0.6792768244978823,0.7061732414189356,0.43700792579576814,0.21783656408948548,1,0,0.30566304440395514,0,0,0,0,0,1
6586,0.9333333333333333,0,1.0,0.6666666666666666,0.90391768281312,1,0.7617938382844104,0.3494046370927025,0.42493948400775317,0.5917861857355035,0,0,1,0,0,0,0.0,0.3389830508474576,0.7529566052377261,0.8044371540524694,0.07097547527067317,0.3254318822716048,0.0717051601529351,0.10325613730021406,1,0,0.1627374430204939,0,0,0,1,0,1
6587,0.4666666666666667,1,0.0,1.0,0.10603663102144881,1,0.48052263663807604,0.863590646336908,0.2610975327154948,0.022464898257644948,0,0,0,0,0,0,0.449438202247191,0.15254237288135594,0.6608809875364929,0.8861386577474295,0.49188715103556885,0.6228577575471338,0.9511650545740603,0.5038162435439204,0,0,0.7100841092550318,1,0,0,0,0,0
6588,0.9,1,0.0,0.6666666666666666,0.7183839261278141,0,0.013176988173289328,0.96475075677526,0.8229997672227436,0.9462184476731224,0,0,0,0,0,0,0.33707865168539325,0.01694915254237288,0.3734419420398196,0.17022874972712554,0.19452673923779276,0.06951960933843103,0.5551092346475204,0.19088852969945774,0,0,0.8762306580203425,0,0,0,0,0,0
6589,0.5333333333333333,0,0.0,0.6666666666666666,0.5748657551698066,0,0.2863569102937348,0.7505398421065322,0.7521078221186073,0.7902949378790489,0,0,0,1,0,0,0.7528089887640449,0.576271186440678,0.5417083502599344,0.5208609841652188,0.4435368586103395,0.24868477048308235,0.7945150884976276,0.9378344903119067,1,0,0.9527051320053352,0,0,0,1,0,0
6590,0.8333333333333334,1,0.0,0.0,0.06881784647736952,0,0.20338346957895748,0.9071224717956814,0.8464827296416304,0.2816306104034243,1,0,0,0,0,0,0.11235955056179775,0.5423728813559322,0.6800354012796047,0.4622465104357377,0.3532426713548506,0.7211188011706026,0.6521293296738441,0.9943202295493225,0,0,0.7695035589178507,0,1,0,1,1,0
6591,0.26666666666666666,1,1.0,0.3333333333333333,0.7748688138551975,1,0.36830010287488085,0.878643076067858,0.2738868822510336,0.03527080164713483,0,0,0,0,0,0,0.2696629213483146,0.05084745762711865,0.0650431335545896,0.5934045990214487,0.590882980464121,0.02655425469771387,0.9826558048056768,0.013851998062043359,0,0,0.25056931139726685,0,0,0,0,0,0
6592,0.6666666666666666,0,0.0,0.0,0.5264640249689436,0,0.6915757664222385,0.3522667647802264,0.7154261843352032,0.5527383575341224,0,0,0,0,0,0,0.9213483146067416,0.23728813559322035,0.5870858678759239,0.09102294040350137,0.7369286519841045,0.7608583954488005,0.9827359513421576,0.13956652092956967,0,0,0.17861684905644035,0,0,0,0,0,0
6593,0.4666666666666667,1,0.0,0.6666666666666666,0.6325082255748028,1,0.20472343258207273,0.27257315534879795,0.8282704971557132,0.4673231679522173,1,0,1,0,0,0,0.5730337078651685,0.5254237288135594,0.809079453763735,0.9490424077894404,0.20289885360589624,0.09579059042448343,0.9024655347226971,0.6110941243087481,0,0,0.7620201349331144,0,0,0,0,0,0
6594,0.3,1,1.0,0.6666666666666666,0.7490881792888568,0,0.7094738603743117,0.08632865522302138,0.8346102065547769,0.030403127440433428,0,0,0,1,0,0,0.0898876404494382,0.5932203389830508,0.7609617493958907,0.5690788639053476,0.3907069085646352,0.3344525763422639,0.7112265414173714,0.17811599714987622,0,0,0.8232453591644125,0,0,0,0,1,0
6595,0.7666666666666667,1,0.6666666666666666,0.3333333333333333,0.37988937137494583,0,0.5167472759697888,0.07560330461908525,0.7064011743016799,0.22776918171722954,0,0,0,1,0,0,0.6292134831460674,0.0847457627118644,0.5874198816044095,0.40020611927312,0.19966597113113566,0.12790620563796615,0.4280423968701889,0.628328797120659,1,0,0.8709779470349851,0,0,0,0,0,0
6596,0.03333333333333333,1,0.0,0.6666666666666666,0.7298208406118151,0,0.4708767601349352,0.13368804663397785,0.3261273471146961,0.5439835757427788,1,0,0,0,0,1,0.3258426966292135,0.8983050847457628,0.4928901937007275,0.6902540417773935,0.3181939857742754,0.6480587055735109,0.2656777326124554,0.6673145119107212,0,0,0.7764559732949383,0,0,0,0,0,0
6597,0.43333333333333335,1,0.0,0.3333333333333333,0.08773184163308326,0,0.40219656670530796,0.675348208307299,0.019877938342870192,0.3602087946055175,1,0,1,0,1,1,0.5730337078651685,0.01694915254237288,0.39672653728021684,0.16974698084932194,0.5577930966677943,0.9876002263881751,0.8113354234972173,0.4452108372792543,0,0,1.0,0,0,0,0,0,0
6598,0.9,1,0.0,0.0,0.7929928362895463,0,0.3260309622026653,0.21599380050912173,0.33774980874001287,0.459952743853415,0,1,0,0,0,0,0.8876404494382022,0.9830508474576272,0.8222690931113673,0.19118846378908888,0.5157951313053245,0.5744380619062117,0.005097053968150901,0.8706910510833199,1,0,0.34728316560714523,1,0,1,0,0,1
6599,0.7666666666666667,1,0.6666666666666666,0.3333333333333333,0.6862470405311881,0,0.4350377561913807,0.15092372375265647,0.00813410908299053,0.1425271264982894,1,0,0,1,0,0,0.8426966292134831,0.8813559322033898,0.9344169050969404,0.8611489911739828,0.5490975395617042,0.9963485980572941,0.5632056534729999,0.9523594392632821,1,0,0.563987846086958,0,0,0,0,1,0
6600,0.03333333333333333,0,0.0,0.6666666666666666,0.010979770725817094,0,0.1098094006379395,0.31724665456126455,0.07163550255114814,0.057373254344284405,0,0,0,0,0,0,0.9438202247191011,0.5084745762711864,0.43818176517440954,0.1412792420810085,0.05077098979450268,0.3463896196396889,0.0397150622440241,0.9739940415600723,0,0,0.7537529763060673,0,0,0,1,0,0
6601,0.7666666666666667,1,0.3333333333333333,0.0,0.42915283658035563,0,0.7601309346046509,0.1017432229426839,0.7669483302306257,0.43706008743641905,0,0,0,1,0,1,0.07865168539325842,0.3898305084745763,0.13491980597837713,0.22376227637915205,0.9716342641244292,0.32355326930320477,0.2609566011567675,0.24041915562510774,0,0,0.7125351052235134,0,0,0,0,0,0
6602,0.8,1,0.0,0.3333333333333333,0.8151797869673648,0,0.9132567341880139,0.42579484540691076,0.3062061714592806,0.22756462060047242,1,1,0,0,0,0,0.6853932584269663,0.9322033898305084,0.5615969521396585,0.5032060721579846,0.2732540137448822,0.4556082419473768,0.9670392125765794,0.8124007816993786,0,0,0.150127340612289,1,0,0,0,1,0
6603,0.5333333333333333,0,0.0,0.3333333333333333,0.6263243852974388,0,0.4648319354660444,0.6667323965964227,0.10807998203174711,0.042060293028512497,0,0,0,0,0,0,0.5842696629213483,0.864406779661017,0.9622731601421177,0.2197362822666485,0.4365735648329345,0.8052215177149669,0.10224019391285079,0.5780138186464694,0,0,0.08108508383011795,0,0,0,0,0,0
6604,0.6333333333333333,0,0.6666666666666666,0.3333333333333333,0.919322969358171,0,0.9116404006567643,0.6813960971590143,0.43438330819120113,0.8251869748180123,0,0,0,1,0,0,0.056179775280898875,0.4406779661016949,0.6745089659650427,0.845896944393258,0.9528430165445756,0.35137412073606045,0.4030019897097545,0.7275636900767614,1,0,0.1757686961186426,1,0,1,0,0,1
6605,0.8,1,0.3333333333333333,0.6666666666666666,0.6975311011810108,1,0.5094198493894214,0.7285122037233112,0.4014253479804839,0.9864813521464384,0,0,0,0,0,0,0.5730337078651685,0.1694915254237288,0.31455563042744505,0.3720813544242795,0.4872369868147854,0.5954863126164288,0.8009761041203318,0.9353342293373267,0,0,0.09381346491974404,0,1,0,1,0,0
6606,0.3333333333333333,0,1.0,0.6666666666666666,0.028017364149548488,1,0.5132549863964331,0.25062595329684506,0.7137343746413881,0.23730887511932336,1,0,0,0,0,0,0.15730337078651685,0.5084745762711864,0.7724232990248961,0.7063528815450948,0.020617831910780173,0.21639719792381068,0.8060826019194738,0.970754460299947,0,0,0.028685942649775392,1,0,1,0,0,0
6607,0.16666666666666666,0,0.0,0.3333333333333333,0.8255430069573776,0,0.6619186213235445,0.5652042056497828,0.24083537074922823,0.31968947956287985,0,0,0,0,0,0,0.898876404494382,0.1864406779661017,0.11531675267571626,0.8521629280865697,0.9286723509555187,0.748320850311625,0.7569417836995018,0.017139520740159665,0,1,0.3835618102498463,0,0,0,0,1,1
6608,0.8333333333333334,0,0.0,1.0,0.6748242173829522,0,0.9562465312028589,0.0016367382254669819,0.2984897479566432,0.3341132780914419,0,0,0,0,0,0,0.9662921348314607,0.7288135593220338,0.4105842384056587,0.29469434509017295,0.30140396873828856,0.7387111653399324,0.2901589864756059,0.2548802023614405,0,0,0.009619213108951861,0,0,0,0,1,1
6609,0.3333333333333333,0,0.0,0.3333333333333333,0.8912312619924523,0,0.703596572126314,0.37494681285724984,0.8823329912113284,0.24627885739165584,0,0,0,0,0,0,0.5056179775280899,0.559322033898305,0.6418750648344668,0.3880406909560731,0.2770349843528664,0.7449886388776692,0.9507430105432413,0.9352608018705054,0,0,0.39656362920435767,1,0,0,0,0,0
6610,0.5666666666666667,1,0.0,0.6666666666666666,0.07145213744168244,1,0.2623398092865684,0.6519059976520498,0.42845120685301397,0.017781061440996816,0,0,0,0,0,0,0.2808988764044944,0.6101694915254238,0.44238821241245757,0.45426441852507793,0.20456438631350551,0.8102961859754392,0.051828359387460776,0.7967231514370633,0,1,0.06588348497412734,0,0,0,0,1,1
6611,0.6333333333333333,1,0.6666666666666666,0.0,0.8886655361678578,0,0.9677777153708869,0.6824251225737655,0.8905034922495969,0.011859355796551504,0,0,0,1,0,0,0.9550561797752809,1.0,0.22500701041782994,0.19315480919179873,0.31894152513122925,0.872894886012637,0.3683420849578024,0.815998235340655,1,0,0.39417593027126757,0,0,0,0,0,1
6612,0.36666666666666664,1,0.0,0.3333333333333333,0.5049778472867011,0,0.6022614822910928,0.8739717806574042,0.21828985075109208,0.25314226495811776,0,0,0,0,0,0,0.4157303370786517,0.2033898305084746,0.7447492156439909,0.42442477047725524,0.6856055277351584,0.191750309262371,0.052066914343491935,0.31256510793320824,0,1,0.7959588025165846,0,0,1,0,1,1
6613,0.03333333333333333,1,0.0,0.0,0.02300794895500123,0,0.2778552181041125,0.8719319456118281,0.28037059618121524,0.7229804998320742,0,0,0,0,0,0,0.4044943820224719,0.1694915254237288,0.7774078801992946,0.030207726836540754,0.2509978106717619,0.7939252396509462,0.19320301598702513,0.8818461264909478,0,0,0.08068788564833262,1,0,0,1,1,0
6614,0.2,1,0.0,0.6666666666666666,0.4151486634334343,0,0.9731059023028912,0.1412227383445153,0.5264168101386143,0.5967578440662359,0,0,0,0,0,0,0.1797752808988764,0.1864406779661017,0.007007926608081711,0.3613773078958957,0.4118310234998827,0.3367989715452184,0.6724955456622911,0.3656733784464758,0,0,0.8834030165477929,0,0,1,1,1,0
6615,0.3,0,0.3333333333333333,0.3333333333333333,0.6543652958737308,1,0.5215684507852986,0.36759669325024713,0.388456223679958,0.33489998570413937,0,1,1,0,0,0,0.7640449438202247,0.2711864406779661,0.5237591856348234,0.36522610285164214,0.3611206205325502,0.023345502666626022,0.58744546314718,0.22136637964639377,0,0,0.8017680793469167,0,0,1,0,0,0
6616,0.9,1,0.3333333333333333,0.6666666666666666,0.6208925094414469,0,0.8856599204352297,0.3758042110122463,0.35478040413235823,0.8997403819770754,0,0,0,1,0,0,0.02247191011235955,0.559322033898305,0.6774280932444791,0.8029463601803608,0.2969698945657051,0.6350320748772416,0.5871428589281724,0.9725779812711981,0,0,0.6638393804600919,1,0,1,0,0,0
6617,0.6666666666666666,0,0.0,0.0,0.6272777164890512,0,0.664233426451966,0.4254322952205281,0.5651654846625449,0.8545618094990303,1,0,0,1,0,0,0.7078651685393258,0.847457627118644,0.9977756744438957,0.27553846920703456,0.2823091061130468,0.45369075270638687,0.15891774978987158,0.01970501104571456,0,0,0.4469045026296326,0,1,0,0,0,1
6618,0.9666666666666667,0,0.0,0.6666666666666666,0.5857147374431201,1,0.15447220598642006,0.7021259132448097,0.036233242305405096,0.04332288156564946,1,0,0,0,0,0,0.7415730337078652,0.15254237288135594,0.20390319964916032,0.3617663451400306,0.3144629919130752,0.5281629032677397,0.5445867956593418,0.1524769619785526,0,1,0.591146434072333,0,0,0,0,0,1
6619,0.5,0,0.0,0.3333333333333333,0.13530774337261123,0,0.8600620018384133,0.7343642085568141,0.33989360281604536,0.3970434349485214,0,0,0,0,0,0,0.5280898876404494,0.4067796610169492,0.117238438727408,0.385839174860252,0.5508459620140171,0.9133958524314678,0.35743865177728057,0.7748574263964239,0,1,0.5227171598658475,0,0,1,0,1,0
6620,0.4666666666666667,0,0.0,0.3333333333333333,0.4310752534910368,0,0.5146400669514111,0.21680348765554827,0.3959726441017817,0.11884232665701955,0,0,0,0,0,0,0.2808988764044944,0.3559322033898305,0.5209244937202294,0.017022516267022763,0.6263902740518561,0.9458345683829587,0.5340664444493548,0.005323036492445338,1,0,0.9748098066254995,1,1,0,0,1,1
6621,0.9,0,0.0,0.3333333333333333,0.34459711123605685,0,0.5184783908065828,0.37021214927150004,0.20077618107315146,0.12106005300542072,0,0,1,1,1,0,0.449438202247191,0.8983050847457628,0.3805713726269001,0.9129152547110265,0.7748167807912698,0.659897935704027,0.6289374938395201,0.9454906611054629,0,0,0.06981448378436825,0,1,0,0,0,0
6622,0.7666666666666667,0,0.0,0.6666666666666666,0.37512580579731997,0,0.9551651059330314,0.6760370347732776,0.22669989440252783,0.8554229264104063,1,0,0,1,0,1,0.033707865168539325,0.1864406779661017,0.35913232355677693,0.5925201088088523,0.2926381367401056,0.9338957449497682,0.2635799985907433,0.31409721766411725,0,0,0.08314736849434202,1,0,0,0,1,1
6623,0.4666666666666667,1,0.0,0.0,0.8772177652007034,1,0.22057333471199905,0.2008741854907194,0.5524843964920347,0.8183055848391534,0,1,0,1,0,0,0.8426966292134831,0.03389830508474576,0.42724712894465466,0.9833076035043704,0.3533793209697708,0.272090155165753,0.9880087208346684,0.2139658732463038,0,1,0.004409328536692054,0,0,0,0,1,0
6624,0.5333333333333333,0,0.6666666666666666,0.3333333333333333,0.4007672758541252,0,0.6704202023796827,0.8503729942206962,0.6427212462457093,0.6353301318734377,0,0,0,0,0,0,0.4044943820224719,0.711864406779661,0.7000917369858344,0.5218978382518353,0.7405200584152658,0.6201588553868296,0.6490972939158879,0.16441619657135953,1,0,0.5116386058355714,0,0,0,0,1,1
6625,0.9,0,0.0,0.3333333333333333,0.20098117899584242,0,0.504130897312862,0.5339368819290565,0.07561753078857325,0.6023449350827297,0,0,0,0,0,0,0.2247191011235955,0.6949152542372882,0.01858525976621281,0.37000115254960275,0.7975073647543744,0.31796797867452514,0.7440774603030982,0.45424003202609775,1,1,0.5588238164078734,0,0,0,0,0,1
6626,0.03333333333333333,1,0.0,0.0,0.595552822748583,0,0.3506649314263656,0.14567769617053294,0.69747241029153,0.9851070232816347,0,0,1,0,0,1,0.5955056179775281,0.288135593220339,0.8998055060504261,0.7627459089176455,0.07571636914329076,0.06810475187560804,0.39069037639200044,0.9168445961797029,0,0,0.44092622384364105,0,0,0,0,1,0
6627,0.26666666666666666,1,0.0,0.3333333333333333,0.4016792371218321,1,0.07929319256372008,0.9195449840380533,0.9097987261886799,0.7129075449850497,0,0,0,0,0,0,0.033707865168539325,0.1864406779661017,0.7204551538088171,0.1505778223607726,0.24223459164410355,0.8675605686529342,0.5986029485811717,0.8729208726702667,1,0,0.7452832533433941,0,0,0,0,0,0
6628,0.5666666666666667,0,0.3333333333333333,1.0,0.5277103176550617,1,0.11475297003314602,0.9871006482595885,0.7732472834096454,0.781464873127972,1,0,0,0,0,0,0.5842696629213483,0.4406779661016949,0.8509489714902944,0.8205192639177291,0.08875277919775774,0.399889534613568,0.9008957681126493,0.057959236475011416,0,0,0.6874233851632396,1,0,0,0,0,0
6629,0.7666666666666667,0,0.0,0.0,0.31883548632775705,1,0.38998893658562495,0.03777479533345303,0.2883459611945395,0.5186106155333328,0,0,0,0,0,1,0.2808988764044944,0.6440677966101694,0.14038738448194504,0.39433821987290196,0.22609974701229812,0.43261910630702066,0.06296543005126294,0.08877770999469291,0,0,0.6833366044646306,0,0,0,0,1,0
6630,0.9333333333333333,0,0.0,0.0,0.3642515374453759,0,0.7020354568722272,0.29812035644280965,0.9647057609402774,0.7597332110588494,0,0,0,0,0,0,0.5280898876404494,0.2711864406779661,0.35028543884605357,0.995217827585281,0.06752531311633414,0.41589099938734186,0.9066460730785834,0.15482240329641317,0,1,0.3922658030499213,0,1,0,0,0,0
6631,0.7,0,0.3333333333333333,0.0,0.8473977287706939,0,0.7633386286607328,0.17515043489860624,0.5245871226493942,0.4994243133564703,0,0,0,0,1,0,0.43820224719101125,0.7796610169491526,0.47666179778853013,0.36968355010829085,0.5478645581622543,0.1747346076006301,0.3068652262900575,0.04982081465679016,0,1,0.9407250333825766,0,0,0,0,0,1
6632,0.8,0,1.0,0.3333333333333333,0.27887333231519634,1,0.5402878468778236,0.5544098299159628,0.5287685261675393,0.7338391113304391,1,0,1,0,0,0,0.6404494382022472,0.9491525423728814,0.9430010233044657,0.16011801520820232,0.12201413036740558,0.9086788172509529,0.6939753284624287,0.6938487770653174,1,0,0.19767956399936404,0,0,0,1,0,1
6633,0.06666666666666667,0,0.3333333333333333,0.6666666666666666,0.8468566275760049,0,0.7080236217421412,0.6436023452918804,0.5067078502468173,0.1750290730086084,1,1,1,0,0,0,0.25842696629213485,0.7457627118644068,0.6759745234718847,0.17973205843552637,0.5383302516342371,0.7565253944496934,0.09181878212452194,0.593004487791632,0,1,0.3101164018788884,1,0,0,0,0,1
6634,0.5,1,1.0,0.0,0.014589742389289766,0,0.8412422636643488,0.5404747546001714,0.06651390589692073,0.3816723677871734,1,1,0,0,0,1,0.30337078651685395,0.03389830508474576,0.3894719807369398,0.7178130316457277,0.1547607645463961,0.7614455139313199,0.8010851200946012,0.906765845147266,0,0,0.30085630557641313,0,0,0,0,0,0
6635,0.4666666666666667,1,0.0,0.3333333333333333,0.3214175836088068,0,0.7778042583389252,0.5117372548354645,0.7335203017198313,0.17273621048533952,0,0,0,0,0,0,0.4044943820224719,0.1864406779661017,0.7990174271713931,0.18369864905375374,0.4839305715601613,0.12002535027894715,0.5082185468341258,0.3526247989525166,1,0,0.4472455053816439,0,0,0,0,1,1
6636,0.9333333333333333,1,0.3333333333333333,0.0,0.1361788185575545,0,1.0,0.7636935315406371,0.5691700297176119,0.9293872691322683,0,0,0,0,0,0,0.7415730337078652,0.4576271186440678,0.49839754094753225,0.0,0.9249395625303136,0.7991538888760715,0.44661280570835504,0.24191444544447208,0,0,0.7650284672128843,0,0,0,0,0,0
6637,0.43333333333333335,1,1.0,0.0,0.2806492811073733,0,0.8161616524943772,0.41444711201765133,0.9421029742349818,0.9101305193259459,0,0,0,1,0,0,0.07865168539325842,0.6101694915254238,0.16090530274259637,0.6507166316108243,0.4714914631681551,0.6671981941909411,0.3881344462607899,0.7273966199514837,0,0,0.11482231663102045,0,0,1,0,0,0
6638,0.36666666666666664,1,0.3333333333333333,0.0,0.8622834190074452,0,0.9684335868372439,0.40077712596883186,0.0724739859735243,0.05189059897598862,0,0,0,0,0,0,0.06741573033707865,0.8813559322033898,0.3782809056792157,0.16089218980135744,0.4121617982416379,0.5440895059880623,0.25166468966576544,0.16812530788299881,0,0,0.1987801046974386,0,0,0,1,1,1
6639,0.5666666666666667,0,1.0,0.0,0.8972125452720012,0,0.869765370109561,0.43617191053803483,0.8819176097104435,0.7125366564900165,0,0,0,0,0,0,0.5730337078651685,0.8305084745762712,0.9358846279660578,0.7715442323302576,0.3546500175881054,0.12703580147915067,0.6562338598947249,0.8776921810264089,0,0,0.6333590070567515,0,0,0,0,0,0
6640,0.4,0,0.3333333333333333,1.0,0.44476286949248584,0,0.566464684726926,0.013189710005378557,0.9432983918571091,0.025013040465771668,0,0,0,0,0,0,0.033707865168539325,0.9152542372881356,0.0163150595604962,0.7585187078188308,0.9849065717125489,0.7688913477791885,1.0,0.8603699518065573,1,0,0.48057722823893795,0,0,0,0,0,0
6641,0.5,1,0.6666666666666666,0.3333333333333333,0.6676186240812366,0,0.11512058729341797,0.46226285847295706,0.10560630221248432,0.8969838047688308,0,0,0,0,0,1,0.9325842696629213,0.8135593220338984,0.4316405722068037,0.21896509006083867,0.20739542013463863,0.8649548606514726,0.4579544287145458,0.9122109566699277,0,0,0.5025792536358062,0,0,0,0,0,0
6642,0.16666666666666666,0,0.0,0.3333333333333333,0.32946370609403774,0,0.9340627348545559,0.7984941954251191,0.9845992456499585,0.9659205362655858,0,1,0,0,0,1,0.15730337078651685,0.06779661016949153,0.9580414013108981,0.08754632445201654,0.24355360911860233,0.2303771721994139,0.011487905766458946,0.9050296912079827,1,0,0.5825071598755683,1,0,0,0,0,0
6643,0.4,1,0.0,0.3333333333333333,0.2001905253106101,0,0.8700380950786412,0.23868460263430413,0.13494545901500882,0.26391309601649937,1,1,0,0,0,0,0.8764044943820225,0.01694915254237288,0.8706630225636448,0.350319840270602,0.9816228850950725,0.21977409452223914,0.5144820957887614,0.2873761641719433,0,0,0.9528937716239011,0,0,0,1,0,0
6644,0.26666666666666666,0,0.0,0.6666666666666666,0.9549812211371851,1,0.8486764507282805,0.8900616653111311,0.7797336169570666,0.8274622105235941,1,0,0,0,0,0,0.2247191011235955,0.847457627118644,0.8864994146141334,0.6679342398341228,0.14894066465963193,0.9934987258592443,0.6912710515459717,0.8574607059997481,0,0,0.024335728286489857,0,0,0,0,1,0
6645,0.5666666666666667,1,0.0,0.6666666666666666,0.6614166052078247,0,0.602760773782124,0.05433306570726192,0.9547539151722573,0.027456198867983027,0,1,0,0,1,1,0.16853932584269662,0.423728813559322,0.4624606751480414,0.8211264982082268,0.3809117295449639,0.7810538251146733,0.7388669785107416,0.974788676223871,0,0,0.22434619972985423,0,1,0,0,0,0
6646,0.7333333333333333,1,0.6666666666666666,0.3333333333333333,0.3250739268410229,0,0.9992569882749194,0.7311058066336656,0.2160321705268716,0.055809453543768664,0,0,0,0,0,0,0.33707865168539325,0.6779661016949152,0.20157336422594727,0.22954098036767093,0.97858371181116,0.7005446220269196,0.7785901144441851,0.840542709537774,0,0,0.14888001672060724,0,0,0,0,0,0
6647,0.03333333333333333,0,0.0,0.6666666666666666,0.28474295727506166,0,0.3352878918312106,0.5113644830229447,0.8957762954746905,0.6632022052913448,0,0,1,0,1,0,0.06741573033707865,0.8983050847457628,0.7373974060708725,0.5874645335926176,0.21600481182976444,0.929302389507417,0.7487385242438511,0.9163525448845246,0,0,0.9251979731277583,0,0,0,1,1,0
6648,0.8333333333333334,0,0.0,0.6666666666666666,0.3110598246246258,1,0.5522409252594946,0.0624702394984239,0.06764964674830351,0.4243786866103171,0,0,0,0,1,0,0.21348314606741572,0.7966101694915254,0.854532752316192,0.7026792865618388,0.596802952657009,0.5698855747329331,0.2088345281194768,0.6695640019887236,1,0,0.7825920725789767,0,0,0,0,0,0
6649,0.23333333333333334,0,0.0,0.0,0.7637717686585467,0,0.09388706068639477,0.1560682091127957,0.9774714825932789,0.8369946708863599,0,1,0,1,0,0,0.7528089887640449,0.22033898305084745,0.08967739262599465,0.865272978028786,0.8776916903246175,0.3273550583352062,0.9646867870399034,0.6948573220218596,0,0,0.6309469914271238,1,0,0,0,0,0
6650,0.03333333333333333,1,0.0,0.6666666666666666,0.6396569869635981,1,0.2570536787536603,0.22878029584183934,0.5285740929543812,0.06902413128019573,0,0,0,0,0,0,0.8876404494382022,0.9322033898305084,0.6374852696177415,0.1925305505016036,0.8500553150314012,0.9245724659347244,0.03397641609394268,0.32290612621818665,1,0,0.45455394743300503,0,0,0,0,0,1
6651,0.5,0,1.0,0.6666666666666666,0.4560900719179702,0,0.12431073037508322,0.8772194096418774,0.4897607500602365,0.08178851134138553,0,1,0,0,0,0,0.23595505617977527,0.4745762711864407,0.9314333508756312,0.2603297978519483,0.37371564432208704,0.7653729028885349,0.10605096328964879,0.09484138833904956,0,1,0.8427531693584477,0,0,0,0,0,1
6652,0.4,1,0.0,0.6666666666666666,0.7514971721075754,0,0.3952800845463133,0.8852548108536261,0.031137445046382384,0.22488367566852036,1,1,0,0,0,0,0.20224719101123595,0.3898305084745763,0.9601391800022252,0.20791208247546472,0.0660526495878625,0.1535320937717823,0.41203111943693227,0.527145264650723,1,0,0.6460211275305927,0,1,0,0,0,0
6653,0.8,0,0.0,0.6666666666666666,0.11811498718831989,1,0.18890907670025148,0.4527557064674166,0.7418715554490013,0.7847779741827964,0,0,0,0,0,0,0.056179775280898875,0.01694915254237288,0.37001862825921256,0.6062760556068418,0.910612494444712,0.37356862323954443,0.48765211593915475,0.949134238245973,0,0,0.10292708832649572,0,0,0,0,0,0
6654,0.6333333333333333,1,0.6666666666666666,1.0,0.22926737888261867,0,0.3414340195457586,0.7742119753462687,0.10223699392291942,0.602135245978075,0,0,0,0,0,0,0.8876404494382022,0.6779661016949152,0.430421992552895,0.059327306820806364,0.6005787636368124,0.7048434208275355,0.8922359099321868,0.0831326664148495,0,0,0.13971371292019866,0,0,0,0,0,0
6655,1.0,0,0.0,0.6666666666666666,0.09692047273618426,0,0.6498263561664481,0.9199799813900298,0.5754942994418835,0.3901590568536322,1,1,0,0,0,1,0.02247191011235955,0.4067796610169492,0.4037952934463245,0.5104088002727478,0.4690930383719708,0.4409437558831173,0.05524823954071581,0.631330050189583,0,0,0.1384233643652643,0,1,0,0,0,0
6656,0.9666666666666667,1,0.0,1.0,0.5268502204181084,1,0.5746204476473245,0.07891329949854427,0.6582116483927393,0.6137806601291902,1,0,0,0,0,0,0.4943820224719101,0.0,0.1239650909516432,0.9222693048616395,0.019818201980534838,0.16328919800173947,0.010713727985915687,0.7143824131543257,0,0,0.18228908344162664,0,0,0,1,0,0
6657,0.1,0,0.3333333333333333,0.3333333333333333,0.6751388143576285,0,0.79920958014224,0.744898716987168,0.8928029268808128,0.9412367024722732,0,0,1,0,0,0,0.2696629213483146,0.9491525423728814,0.6187471670800045,0.44999665361738994,0.7241404912585023,0.8451078301251307,0.09509702633989829,0.544010752468894,0,1,0.9671254982983466,0,0,0,0,1,0
6658,0.9333333333333333,0,0.0,0.3333333333333333,0.9769134613503098,0,0.1753939092581478,0.8149536256398533,0.8421148718026273,0.7727033477722485,0,1,0,0,0,0,0.21348314606741572,0.23728813559322035,0.2791294847677958,0.24446418688998198,0.49320328273515746,0.8212355812572136,0.900540256492287,0.8520978303780732,0,0,0.0729316149310501,0,0,0,0,1,0
6659,0.26666666666666666,1,0.0,0.6666666666666666,0.277684050130831,1,0.5021693333391737,0.6592413640755063,0.42490362528501957,0.8524453310090183,0,0,1,0,0,0,0.449438202247191,0.5084745762711864,0.758317262778991,0.02901352870906651,0.852765030865552,0.7032401333874595,0.9436203630834307,0.42052727452976263,0,0,0.5614420513744998,0,0,1,0,0,0
6660,0.36666666666666664,1,0.0,0.3333333333333333,0.15191894454743696,0,0.9982772918305277,0.03323058732483806,0.7157956508572225,0.8708128253511493,0,0,1,0,0,0,0.0,0.3389830508474576,0.7850068096642829,0.8845009474440203,0.11606315256457991,0.9348830932927767,0.9070678005128828,0.690790755011567,1,1,0.7871347098949275,0,0,1,1,0,0
6661,0.13333333333333333,1,0.0,0.6666666666666666,0.3795206176947241,0,0.6222546219411561,0.5136532037471125,0.8748054675979369,0.8180032233979065,0,0,0,0,0,0,0.5280898876404494,0.6949152542372882,0.595476793934545,0.6511199871287282,0.5088913562175195,0.3998989180083622,0.49421743293216697,0.34643368852580037,0,0,0.7757179896501876,0,0,1,0,0,0
6662,0.5333333333333333,1,0.0,0.3333333333333333,0.46109590504223164,0,0.21662285155795719,0.012178379262219981,0.7853718061086457,0.5789645881002693,0,0,0,0,0,0,0.898876404494382,0.711864406779661,0.7105654175227846,0.2385793021161252,0.9027420880953483,0.5989406962066851,0.350710619017313,0.46605338247323197,0,1,0.7207459558431973,1,1,0,0,1,1
6663,0.9333333333333333,0,0.0,0.3333333333333333,0.47671173846782033,0,0.7180796243985118,0.5584449125148786,0.3793639561538983,0.3311561929896844,1,0,0,0,0,0,0.12359550561797752,0.22033898305084745,0.3864830055482204,0.14167386376431634,0.04780635843532838,0.19493904490841193,0.9075815529417933,0.6145828248570168,0,0,0.3763772627271304,0,0,0,1,1,0
6664,0.13333333333333333,0,0.0,0.3333333333333333,0.37102304422251076,0,0.9768494606192918,0.6457936827145416,0.5472765722697399,0.9028613532327244,0,0,0,0,0,0,0.9662921348314607,0.6779661016949152,0.737298674125628,0.1352264913877667,0.5432006958551346,0.5914365571043567,0.1468364624667777,0.7447398600463823,0,0,0.5916831461352403,0,0,0,0,1,0
6665,0.9333333333333333,1,0.6666666666666666,0.0,0.005061199402256705,1,0.786916203785777,0.30943566721590865,0.3612539319522211,0.1362959401800419,0,1,0,1,0,0,0.6853932584269663,0.8305084745762712,0.8995715433114057,0.31287112135835404,0.03592116585834228,0.3181423782052416,0.8627787111799323,0.10593992583417947,0,0,0.594474451821829,0,0,1,0,0,0
6666,0.6666666666666666,0,0.3333333333333333,0.3333333333333333,0.5361220865517993,0,0.5870867074993505,0.2198982648839198,0.7889208418968848,0.9084693079177678,0,0,0,0,1,0,0.1348314606741573,0.847457627118644,0.6536175744911128,0.48827533127730177,0.1789003460005665,0.7386662225178316,0.2434520505860916,0.0630399335051499,0,0,0.7154743315740815,0,0,0,0,0,0
6667,0.7,1,1.0,1.0,0.5706777099134434,0,0.9195230085512699,0.09107808639334547,0.8261460700729328,0.6431558837034203,1,0,0,1,0,0,0.4044943820224719,0.23728813559322035,0.9646164305585476,0.6821526772053289,0.7099329302196123,0.9159418011245457,0.20590794008127436,0.4921109578325748,0,0,0.705478344301124,0,0,0,0,0,0
6668,0.9,0,0.0,0.3333333333333333,0.04092422944330971,1,0.4331789200758018,0.604276184887185,0.541465050562184,0.6925408954172141,0,1,1,1,0,1,0.9775280898876404,0.3898305084745763,0.9457345275524092,0.7528163016103817,0.08944739012607725,0.29095136074496036,0.4656325809921698,0.4989576607644107,1,0,0.6042426994567182,0,0,0,0,0,1
6669,0.9666666666666667,0,0.0,0.6666666666666666,0.3084334201450678,0,0.4278068912443157,0.5283220374375157,0.937364339915016,0.41851775151679066,0,0,0,0,0,0,0.5280898876404494,0.11864406779661017,0.24543821848999434,0.16539148879710236,0.28506011090896455,0.6799821014349424,0.3526190380708507,0.374821106711386,0,1,0.9443857163354513,0,0,0,0,0,1
6670,0.6666666666666666,0,0.0,0.3333333333333333,0.5130742172845778,0,0.29963254739315504,0.25403182341767977,0.493982066821923,0.6855519862790723,0,0,0,0,0,0,0.4606741573033708,0.1016949152542373,0.8224132929372401,0.66393931306574,0.07680315570237474,0.14725253309074127,0.20659809809104984,0.4902593667605502,1,0,0.9328991511145801,0,1,0,1,0,1
6671,0.7,0,0.6666666666666666,0.6666666666666666,0.2306029850756312,0,0.3626327639688695,0.28321508635876125,0.14596349519804877,0.7339071244470728,1,0,0,0,0,1,0.5056179775280899,0.13559322033898305,0.0639180868306656,0.13887367693367125,0.722701321159638,0.03898710233752998,0.6188943801617147,0.5305305442065866,0,0,0.0956682961213038,1,0,1,0,1,0
6672,0.9333333333333333,0,0.3333333333333333,0.3333333333333333,0.3941282196001246,0,0.5678742328471583,0.7582914599165081,0.5156739080303553,0.4059240983069954,0,0,0,0,0,0,0.8876404494382022,0.11864406779661017,0.5961997506854224,0.0057893714072066406,0.38510980298740055,0.6332172055933554,0.14238340394640708,0.6965238364577113,0,0,0.0829381254160936,0,0,1,1,1,0
6673,0.6666666666666666,0,1.0,0.6666666666666666,0.2728820240730404,0,0.7433387915135783,0.26497352962800946,0.35456123741439194,0.9789592165091623,0,0,0,1,0,0,0.7078651685393258,0.4067796610169492,0.09739219263236436,0.3133672017171033,0.26774631152427275,0.5941176798818583,0.24054335996321918,0.482790402811416,1,0,0.12657542842838956,1,0,0,0,0,1
6674,0.5666666666666667,0,0.0,0.0,0.9004690313447686,0,0.4686998552270079,0.5770139195353581,0.7023216952609087,0.2551264546358519,0,0,1,0,0,0,0.3707865168539326,0.711864406779661,0.43893902972449034,0.8779129683184821,0.3082724127410168,0.27772659417783785,0.83126857276833,0.645566141635645,1,1,0.14991029849778242,0,0,0,0,0,0
6675,0.7666666666666667,1,0.0,0.3333333333333333,0.7644492950922499,1,0.28944482769176855,0.4922608608383205,0.9823855071049488,0.6962179403563422,0,0,1,0,0,1,0.33707865168539325,0.23728813559322035,0.06618310713938934,0.8024014756150281,0.6751938675299045,0.32657863775736085,0.733759339834986,0.4946562467271994,0,0,0.561343934304188,0,0,0,0,0,0
6676,0.0,0,0.3333333333333333,0.0,0.7345829424837258,0,0.43673257365129403,0.7293154716735415,0.945658111490987,0.49665877210307635,1,0,0,0,0,1,0.9550561797752809,0.7796610169491526,0.09323051987253236,0.1976970751369481,0.0830541260759877,0.4003771243839683,0.04939026123807839,0.790700028898881,0,0,0.7478281698359531,1,0,0,0,0,0
6677,0.9666666666666667,0,0.0,0.0,0.24781158702540731,0,0.8033784034125855,0.9181078060771339,0.5672895759301652,0.0009603661051357068,0,0,0,0,0,0,0.25842696629213485,0.7796610169491526,0.9595941505502169,0.8608565513938852,0.2512971684389999,0.24891927130087707,0.09010126325785904,0.032736080651968896,0,0,0.9629696860328054,1,1,0,1,0,0
6678,0.7666666666666667,1,0.0,0.3333333333333333,0.7060775965141226,1,0.13734273755937945,0.26097553584538946,0.17642681374288405,0.9847917809281863,0,0,1,0,0,0,0.011235955056179775,0.1016949152542373,0.739089382446357,0.8587383558791551,0.4902659521595847,0.02155152241448227,0.07604092417707256,0.908058638763159,0,0,0.20173206768106344,0,0,0,1,0,0
6679,0.3,0,0.0,0.6666666666666666,0.23756087932982276,1,0.2262201165533389,0.020201490861049814,0.0583488423947764,0.4101682871735692,0,0,1,0,0,0,0.7078651685393258,0.0,0.306333960599908,0.15739552972307344,0.3099364724800089,0.713262131166578,0.17519233249027605,0.9713338252716769,0,0,0.8169676059921739,0,0,1,0,0,0
6680,0.3,1,0.3333333333333333,0.3333333333333333,0.32593884207107143,1,0.3681645819612569,0.2834479322259021,0.9560762119830086,0.7274269375750607,0,0,0,0,0,0,0.16853932584269662,0.7966101694915254,0.20599246032944177,0.5605237611329756,0.7849998591590562,0.969080307590323,0.057382130822662754,0.4638378228007039,0,0,0.3508519487306836,1,0,0,0,0,1
6681,0.8,0,0.0,0.6666666666666666,0.06399442787610123,1,0.9103315976044446,0.44997845126100594,0.0284628789453395,0.28126670079581373,0,0,0,0,1,0,0.7865168539325843,0.01694915254237288,0.06507747025684038,0.7970953462151609,0.3061038207495908,0.8218109875651604,0.20821861084710186,0.7237738372553938,1,1,0.8013023816426423,0,0,0,0,0,1
6682,0.3333333333333333,1,0.0,0.3333333333333333,0.7975223826713286,0,0.44483570327014815,0.8765295027725998,0.5052297259632432,0.5132719947447679,0,0,0,0,0,0,0.3595505617977528,0.11864406779661017,0.30530043567041437,0.2699556964092769,0.4906959563656392,0.13991524323098264,0.5049969189374576,0.046242492009344056,0,0,0.6131888575467916,0,0,0,0,0,0
6683,0.3333333333333333,0,1.0,0.3333333333333333,0.6178348722954009,1,0.7372207788136738,0.2616308667896193,0.6682089802080604,0.6265284447809611,0,0,0,0,0,0,0.14606741573033707,0.03389830508474576,0.33338214486750917,0.6481888305217098,0.5196908453891981,0.8724602476968911,0.7074821880246172,0.8490495009613684,0,0,0.32457223991368334,0,0,0,0,0,0
6684,0.6666666666666666,0,0.0,0.6666666666666666,0.23141894765772889,1,0.47282863990881985,0.7085466294054371,0.7723300524990189,0.9709599637334075,0,0,0,0,0,0,0.10112359550561797,0.7457627118644068,0.6735943954422173,0.6212762960466287,0.4351849054551362,0.9183363993329291,0.575341490499911,0.8873433628458647,0,0,0.3763854175141111,0,0,0,1,0,0
6685,0.9666666666666667,1,0.0,1.0,0.21999600738333808,1,0.8424660785470995,0.9938029784966742,0.10674436039577624,0.12359421275012675,0,0,0,0,0,0,0.0,0.3728813559322034,0.12271555086507895,0.6662047489215039,0.8816492068421324,0.9727434454252479,0.24217959886110021,0.560467030126186,0,0,0.33288265829644237,1,0,0,0,0,0
6686,0.9666666666666667,1,1.0,0.6666666666666666,0.7458771861076361,1,0.26327779549862756,0.4190350799527647,0.014994051131772813,0.2391197720937287,0,1,1,1,0,0,0.42696629213483145,0.3220338983050847,0.4615273310226406,0.4755503591898527,0.37415720332676466,0.9090053720078108,0.5226988438577002,0.3142724935076745,1,0,0.3202335050098851,1,0,0,0,1,1
6687,0.3333333333333333,1,0.0,0.6666666666666666,0.23728637430260216,0,0.24748213889390933,0.7842890626489283,0.6837560660939307,0.1889301082396307,0,1,0,0,0,0,0.20224719101123595,0.3050847457627119,0.8239737778448145,0.7042996927324682,0.47561129790301804,0.045576160312076494,0.48640722916921625,0.18122159240998484,1,0,0.7868639325385984,0,0,0,1,1,1
6688,0.9666666666666667,0,0.0,0.3333333333333333,0.1979036403837293,0,0.6419030867772961,0.4147992672213688,0.584121420526598,0.4629846660004502,0,0,0,0,0,0,0.9662921348314607,0.8305084745762712,0.2819025910234233,0.17542246485124516,0.964126652824442,0.9955027521519816,0.47443211639329924,0.3805326631843609,1,0,0.6735649568328778,1,0,0,0,0,1
6689,0.36666666666666664,1,0.0,0.0,0.2367675083408428,0,0.9061852933323512,0.5376470635490076,0.837074672812544,0.542372482467466,0,0,0,0,1,1,0.449438202247191,0.6949152542372882,0.7447934752338038,0.8903447395509281,0.11576361195040563,0.946397450207335,0.04833853049024516,0.8715684743072832,0,0,0.6763514563281037,0,0,0,0,1,0
6690,0.13333333333333333,0,0.0,0.0,0.20945762787780772,0,0.7168750201022923,0.4534897795606774,0.7214470904493971,0.7791825696435347,0,0,0,1,0,0,0.9775280898876404,0.8983050847457628,0.2828405245700079,0.6272110904827011,0.6958252322565294,0.18926644845890364,0.6594515597507513,0.7679263772255982,0,0,0.03050176553969969,1,0,0,0,1,0
6691,0.9666666666666667,0,0.0,1.0,0.025774799538697192,0,0.28334322021066877,0.9314362589348513,0.6902026782848356,0.5259050379172624,1,0,0,0,0,0,0.8764044943820225,0.8305084745762712,0.35642142349712086,0.3616584894491913,0.935598875318783,0.15886149429357738,0.21470995748326094,0.13021043896805432,0,0,0.044417208176496886,1,0,0,0,0,1
6692,0.8666666666666667,1,0.3333333333333333,0.6666666666666666,0.6724388087806937,0,0.07095976723198154,0.539285206779256,0.1496621932847908,0.8603287591916736,0,0,0,0,0,0,0.9101123595505618,0.2711864406779661,0.5626791563373228,0.22803661052823393,0.9110481571182318,0.0258504475148841,0.8451200147095596,0.13102838758861607,0,0,0.8769271089306303,0,0,0,1,1,0
6693,0.4,0,0.6666666666666666,0.3333333333333333,0.46943179901969834,0,0.025752447622413712,0.8609078447464568,0.8037068593411992,0.5565822237830602,0,1,0,0,0,0,0.34831460674157305,0.6271186440677966,0.9752879684623097,0.6406967598302877,0.8706720395944526,0.27674806952063286,0.8433267515995657,0.6570698383073187,1,0,0.15761499067278778,1,0,1,1,0,0
6694,0.4666666666666667,0,0.0,0.3333333333333333,0.11389472622373041,0,0.36705801475752803,0.7017589061868492,0.8369434540708157,0.5210790659545446,0,1,0,0,0,0,0.9213483146067416,0.9152542372881356,0.23179151753099994,0.17524946988363008,0.40680851308002636,0.9958641395976494,0.7697244616442013,0.44697755002567846,1,0,0.8359129570037747,0,1,0,0,1,1
6695,0.8333333333333334,1,0.0,0.3333333333333333,0.14531959213220116,0,0.607685631327481,0.09605007116502629,0.3307226109018951,0.7543827316498525,0,0,1,0,0,0,1.0,0.9322033898305084,0.21478747124915107,0.5741279487698812,0.8409819695471422,0.10086103343722873,0.3769428249210346,0.6998303891118963,0,0,0.27246417125345823,1,0,0,0,0,0
6696,0.9666666666666667,0,0.0,1.0,0.4045488287266019,0,0.00042533727906994947,0.5562310485018851,0.5718337981309302,0.7953447504806428,1,0,0,0,0,0,0.8764044943820225,0.3050847457627119,0.954738433985878,0.2344005923076654,0.5680489389581687,0.9952820144250123,0.7432880257752328,0.7354182928805546,0,0,0.43868513203195664,0,1,0,0,0,0
6697,0.2,0,1.0,0.6666666666666666,0.3593932341186291,0,0.8194915582135948,0.031162018420941837,0.7293532606697618,0.6137176501852741,0,1,0,0,0,0,0.16853932584269662,0.9322033898305084,0.2607593833356153,0.22490064522782613,0.2647392011118879,0.08802214802547015,0.3803620183180723,0.5976578905644891,0,0,0.27124768497820306,0,0,1,0,0,0
6698,0.23333333333333334,1,0.3333333333333333,0.3333333333333333,0.5239826064039809,0,0.1755318130339257,0.44148846387473567,0.13934431513649528,0.6104514456668475,0,0,0,1,0,0,0.449438202247191,0.8305084745762712,0.11272117711995125,0.379668977811186,0.25864556137888384,0.12101089538593084,0.31722898473186184,0.9850208499691337,1,0,0.3368541801530689,0,1,0,0,1,1
6699,0.5333333333333333,1,0.0,0.0,0.6556092028400036,0,0.6979987358741843,0.9550267610564437,0.8934620204149737,0.8216472188900283,1,0,1,1,0,0,0.011235955056179775,0.423728813559322,0.6932386029949186,0.23721941513252984,0.43100889455868374,0.6428616338897287,0.24242626036535073,0.55052977536335,0,0,0.95411773254975,0,0,0,0,0,0
6700,0.5,0,0.0,0.6666666666666666,0.1884468827097216,1,0.44104254502466284,0.15402174250754794,0.6278765827589683,0.7198736439044849,1,0,0,0,0,0,0.30337078651685395,1.0,0.2852807885774663,0.28853157990775297,0.8898786861974078,0.3201192420601791,0.6050564232511619,0.3671966171421069,0,0,0.9183204733495299,0,0,0,0,0,0
6701,0.4666666666666667,1,0.0,1.0,0.2753066397236958,1,0.4140079454548361,0.6331207103322652,0.5650835748089608,0.06279418142304649,1,0,0,1,0,0,0.056179775280898875,0.06779661016949153,0.9466414078075053,0.33319977609763046,0.5796099901185284,0.4782466450482593,0.914004515776712,0.32742607873056556,0,0,0.3229543056958617,0,0,0,0,0,0
6702,0.9,0,0.0,0.3333333333333333,0.6252101342505406,1,0.3123857314122425,0.9122424356200594,0.8116815663095004,0.5145328487922654,0,1,0,0,0,1,0.449438202247191,0.2542372881355932,0.06506044591114118,0.4041132915583935,0.17552374054079578,0.8504135408103394,0.7150918099801777,0.4221578508177026,0,0,0.7071465661228301,0,0,0,0,0,0
6703,0.4,1,0.3333333333333333,0.6666666666666666,0.3218402200503499,0,0.7038014677007484,0.753826143086928,0.8505308436119972,0.43848639103016124,1,0,0,0,1,0,0.3595505617977528,0.7457627118644068,0.11033371558529366,0.2586217017249752,0.8849501679146808,0.13205370271361278,0.23859298831348685,0.8018041942498485,0,0,0.7668280578530884,0,0,0,0,1,0
6704,0.3333333333333333,0,0.3333333333333333,0.0,0.1585903125791468,0,0.5557601402404888,0.7615394604819723,0.4633488936751708,0.06975140638973029,0,0,0,1,1,0,0.7752808988764045,0.1864406779661017,0.9596648930291268,0.21629016968672676,0.49252200406522784,0.8605190291850725,0.12458620565017724,0.2981303461036792,0,0,0.4495471732406958,0,0,0,1,0,1
6705,0.6,1,0.0,0.0,0.02911610152459108,0,0.031414990754421696,0.037622048690682794,0.7016089304291799,0.32319696560273287,1,0,0,0,0,0,0.02247191011235955,0.9661016949152542,0.7274435284921141,0.26425163417032493,0.1695917646317405,0.6601525198946825,0.15263909826566632,0.4651727506737796,0,0,0.16511657066279534,0,0,0,0,1,1
6706,0.16666666666666666,0,0.0,0.6666666666666666,0.09651504709410183,0,0.8105753918058034,0.4038579406996617,0.08676686236456031,0.16289046892817086,0,0,0,0,0,0,0.7640449438202247,0.13559322033898305,0.20474668629235587,0.7521497815141804,0.07782772191066831,0.21656408090926538,0.925358623388795,0.13977164103154005,1,0,0.20878454148153586,0,0,1,0,0,0
6707,0.5,1,0.0,0.3333333333333333,0.9623100484832002,0,0.0067465533900911865,0.9159672858708333,0.02279996536322334,0.7563716778649872,0,1,0,0,0,0,0.7865168539325843,0.7966101694915254,0.12661350373058272,0.16045215724832,0.7422335443267175,0.22181568004315277,0.9378223520377542,0.36674007391045205,0,0,0.2673060531459446,0,0,0,1,0,0
6708,0.0,1,0.0,0.3333333333333333,0.36798881613978573,1,0.6299859569310323,0.5316984061693801,0.18774996591875504,0.26580220265728255,0,0,0,0,0,0,0.38202247191011235,0.3728813559322034,0.8671769824967853,0.42189390942239474,0.8431597744862975,0.7857955199614802,0.47843853213538656,0.8777747187596119,0,0,0.031322189238498256,0,0,1,0,1,0
6709,0.03333333333333333,0,0.0,0.6666666666666666,0.8067353878449728,0,0.1868096537545018,0.6427562260796056,0.15292186423234325,0.1588728754111026,1,0,0,0,0,1,0.43820224719101125,0.4576271186440678,0.7071494959033293,0.8037518477653502,0.4082361779463943,0.6368218015038963,0.4804422302549348,0.7152285423028643,0,0,0.4877340796362481,1,1,0,0,1,0
6710,0.2,0,0.6666666666666666,0.6666666666666666,0.45828407939154736,0,0.8204458569270396,0.6853045197483443,0.8531857864332719,0.8197022104725885,0,0,0,0,0,0,1.0,0.4067796610169492,0.14187257488571914,0.43696996574972885,0.593020595751072,0.7514681935915276,0.5734224932791125,0.8729260426522618,0,0,0.48705028687427215,0,0,0,1,0,0
6711,0.5333333333333333,1,0.0,0.3333333333333333,0.08093086904249287,1,0.3288876059760439,0.8573457987093868,0.044126202177689984,0.9931712132058224,0,1,0,0,0,1,0.9213483146067416,0.8135593220338984,0.34877348776472955,0.3870229944010169,0.7304988985354365,0.38578412167666837,0.8672608518746009,0.09619340423535933,0,0,0.30950337235251607,0,0,0,0,0,0
6712,0.3,0,0.0,0.6666666666666666,0.06670331271485229,0,0.5335195859829418,0.7967122598475077,0.09610967148556122,0.42547571520461575,1,0,0,0,0,0,0.7191011235955056,0.05084745762711865,0.11068387775409756,0.5582167786675308,0.23868535266602442,0.2766511210308071,0.827709960946385,0.17052034753993894,0,0,0.4611816332014611,0,1,0,0,0,0
6713,0.26666666666666666,0,0.0,0.0,0.12885851447594082,1,0.2403503938450422,0.5660400924931016,0.36975980238554473,0.7314332732356896,1,0,0,0,0,0,0.15730337078651685,0.7288135593220338,0.4503765643559996,0.0635291985609389,0.38033355632530635,0.322627319633239,0.4097707278593689,0.6753819976590055,0,0,0.9061457805104892,1,0,0,0,0,0
6714,0.26666666666666666,0,0.0,0.0,0.4112921743254233,0,0.750227890180464,0.9339392175057551,0.007403402880207269,0.49715412741464576,0,0,0,0,0,0,0.449438202247191,0.2033898305084746,0.641912319618241,0.38571646968549794,0.23308389516264236,0.3350747668004479,0.3243422210145413,0.44820070993453565,0,0,0.4869303198531976,1,0,0,1,0,1
6715,0.9333333333333333,0,0.0,0.6666666666666666,0.1277515917140846,1,0.907134608102543,0.42614891485558304,0.5666244070091335,0.9304219323577666,0,0,0,0,0,0,0.6741573033707865,0.5932203389830508,0.6927471761311988,0.5830775897360013,0.562354879560659,0.6353117355551452,0.8672610481588232,0.438072517974607,0,0,0.6482652460027067,0,1,0,0,0,0
6716,0.8,0,0.0,0.3333333333333333,0.34232882302175144,0,0.3548663883938267,0.12766183915683257,0.8165834611851476,0.49876592289093175,0,0,0,0,0,0,0.5280898876404494,0.0847457627118644,0.29990524792433715,0.5370375785342542,0.7849959867618777,0.5238032674898132,0.9690972556084977,0.17450672260632885,0,0,0.6542860476143522,0,1,1,1,1,0
6717,0.8333333333333334,1,0.6666666666666666,1.0,0.428318981003537,0,0.9182187285827721,0.8406558364276554,0.6150314365879964,0.5319551845175589,1,0,0,1,0,0,0.10112359550561797,0.7288135593220338,0.22335529527284445,0.6537692406264319,0.10656460529464916,0.8796805134862492,0.6232287055985969,0.9247616665551902,1,0,0.9121495971163959,0,0,0,1,0,0
6718,0.6,1,0.6666666666666666,0.0,0.0569388261998833,0,0.1515468406597444,0.0288392699483275,0.4438364908915289,0.39343763327600517,1,0,0,0,0,0,0.5955056179775281,0.8983050847457628,0.7568221353479907,0.36928837292658745,0.4211085992662446,0.40419414966395517,0.785078378388343,0.6424147383292318,0,0,0.9238825369214905,0,1,0,0,1,0
6719,0.43333333333333335,0,0.3333333333333333,1.0,0.24256667802459214,0,0.3579729103231512,0.7988432260329948,0.6626400882409487,0.3668343278197667,1,0,1,0,0,0,1.0,0.06779661016949153,0.05439442976304738,0.24322253651635997,0.03472848567006662,0.28766062922702973,0.06217065246113331,0.1926670668687114,1,0,0.3543231787175463,0,0,1,1,0,1
6720,0.6666666666666666,1,0.6666666666666666,0.6666666666666666,0.45794007228773154,0,0.14410932436038346,0.21135278030605467,0.406503171151473,0.04160509747725981,0,0,0,0,0,0,0.16853932584269662,0.9152542372881356,0.5629273589411078,0.43169720485431545,0.09422681267468688,0.6066217983102511,0.6060982019442703,0.06676849058665134,1,0,0.31798225751363524,0,0,0,0,0,1
6721,0.23333333333333334,0,0.0,0.6666666666666666,0.3296764736003285,0,0.9419581219037104,0.7319192346928302,0.41303818687574717,0.6411453604659958,0,0,1,0,1,0,0.3595505617977528,0.711864406779661,0.8563341954247544,0.5825827290035337,0.8896119834615205,0.8623548389041193,0.4644163783419445,0.1303497956016814,0,0,0.7901543107623036,0,0,0,0,0,0
6722,0.26666666666666666,0,1.0,0.6666666666666666,0.16910797197739563,0,0.604811021799424,0.25711723135260595,0.8616351206862032,0.5054833904613799,0,0,0,0,0,0,0.6741573033707865,0.8813559322033898,0.028457296638914404,0.044492577547085334,0.5124574398478023,0.6449582039176399,0.4342757971311774,0.6950335793773207,0,0,0.7057436847243025,0,0,0,0,0,0
6723,0.4,1,0.0,0.3333333333333333,0.9448010197354972,0,0.26865227309516826,0.2880885278465796,0.40559313902686617,0.5013507552053507,1,0,0,1,0,0,0.0898876404494382,0.7288135593220338,0.41430886709209264,0.7210852377798044,0.7866868798332581,0.04651828276351468,0.4419427689452662,0.7451065067814934,0,0,0.5100674783212134,0,0,1,0,0,0
6724,0.6666666666666666,0,0.0,0.6666666666666666,0.7929089413229308,0,0.37659830774103864,0.8373337396388228,0.6387138962517479,0.8576456763911061,1,0,0,0,0,0,0.449438202247191,0.7627118644067796,0.07950916663509154,0.7675700238125274,0.9933028841547009,0.3206356670462402,0.026637038179238185,0.231701093049488,0,0,0.3196313948089454,0,0,0,0,0,1
6725,0.6333333333333333,1,0.0,0.0,0.963069726022456,0,0.9704179301185217,0.20924242588675052,0.8252236637011415,0.777246754361331,0,1,0,0,0,0,0.3595505617977528,0.4915254237288136,0.643893558930223,0.24773788201055533,0.1407946970735162,0.5378115469789444,0.9949324737127669,0.21891133250734873,0,0,0.6321605173320153,0,0,0,0,0,0
6726,0.36666666666666664,1,0.0,0.3333333333333333,0.22606205320597206,0,0.6707334183695214,0.7612916661863088,0.8380073032480572,0.4988831849865452,0,1,0,0,0,0,0.9662921348314607,0.5084745762711864,0.061567721292057134,0.9512335401591959,0.5364992009243814,0.03978559506770843,0.15677125806065892,0.19336762708312666,0,0,0.014543026788510821,0,0,0,0,1,1
6727,0.1,0,0.0,1.0,0.39703972468712245,1,0.09896397575633673,0.168256318608414,0.9159167184619033,0.6880008709068219,0,1,0,1,0,0,0.7528089887640449,0.4406779661016949,0.0219034916386651,0.5205033582826974,0.6831772803303897,0.5382443336653099,0.8472470777853535,0.8349769705635874,1,0,0.9060087725605409,0,1,0,1,0,0
6728,0.2,0,0.0,0.6666666666666666,0.4732284951644294,0,0.4586949213807015,0.4572726846837279,0.2774268750716008,0.7943050642496009,0,0,0,1,0,0,0.7528089887640449,0.9661016949152542,0.013240081859051496,0.7037552107746119,0.7660317821427369,0.5412357441537211,0.3545296490186034,0.8798239510239783,0,0,0.5435681652058455,1,0,0,1,0,0
6729,0.26666666666666666,1,0.0,0.0,0.6248013056194187,1,0.1053354510092254,0.19381876091980688,0.46588747911478373,0.8369448060060479,0,0,1,0,0,1,0.48314606741573035,0.15254237288135594,0.0780457031089896,0.6014011350758689,0.20890125338130835,0.9869822902989861,0.22899824855977605,0.34098306807521095,0,0,0.2329965236318079,0,0,0,0,1,1
6730,0.7666666666666667,1,0.0,0.6666666666666666,0.5862795006030318,0,0.9355872624993824,0.21760816725313684,0.3332438419814209,0.41472808750666157,1,0,0,0,0,0,0.651685393258427,0.05084745762711865,0.1659502167482635,0.33764623190096793,0.2609440960105542,0.916543373532167,0.5569205672009104,0.9441919093915226,0,0,0.5805967892346843,0,0,1,0,1,0
6731,0.16666666666666666,0,0.6666666666666666,0.6666666666666666,0.11605497734269653,0,0.41038579521352736,0.986617109555479,0.7353363606977644,0.723898622235446,0,0,0,0,0,0,0.651685393258427,0.23728813559322035,0.4900572784650441,0.601741087987709,0.8802343883655674,0.6706706536903402,0.5848104994952467,0.4671080873573156,0,1,0.37980185437897135,0,0,0,0,0,1
6732,0.03333333333333333,0,0.0,0.3333333333333333,0.22660827013582388,1,0.4200398291015952,0.004702037094517295,0.41094212582958267,0.824540369872539,0,0,0,0,0,0,0.7078651685393258,0.8983050847457628,0.4736976370746851,0.5168080314784002,0.03628105035705574,0.2755165313746876,0.02594516904330196,0.408547723410718,0,0,0.4354236091102013,0,0,0,0,0,1
6733,0.36666666666666664,0,0.3333333333333333,0.3333333333333333,0.005180461374370277,0,0.17852540822670984,0.03286593873201776,0.3371227363092695,0.5186665948457565,0,0,0,0,0,0,0.8539325842696629,0.9152542372881356,0.1176440963544493,0.2802381303439579,0.7370795833263439,0.27752660962697356,0.5648736524384251,0.5493961076598803,0,1,0.5023478645237982,0,0,0,0,1,1
6734,0.3,0,1.0,0.6666666666666666,0.6869413870776679,0,0.36680387783902885,0.7610047124227015,0.3710783698348043,0.7191404958167832,0,0,0,0,0,0,0.11235955056179775,0.1864406779661017,0.8811680161743408,0.33749937044832995,0.30074794289827356,0.24304825294198404,0.14544446215713028,0.6112595111628707,0,0,0.10618583374511341,0,0,0,0,0,0
6735,0.8666666666666667,1,0.0,0.0,0.6848149806570629,0,0.7624281842656118,0.859954176834315,0.2469180830084945,0.7980547900153343,0,1,0,1,1,0,0.15730337078651685,0.13559322033898305,0.07552380423747047,0.9221863653666978,0.5164928489761973,0.7768391033638146,0.8386299429913018,0.031062990087805678,0,0,0.1937170862365898,0,1,1,0,1,0
6736,0.7,0,0.0,1.0,0.7907113228822782,0,0.11479466445507815,0.7689004807149882,0.7735661713129368,0.22021521463834803,0,0,0,1,0,0,0.8202247191011236,0.423728813559322,0.7027230295944923,0.7100176028431399,0.9598238307821281,0.9175037530818078,0.47348496840365745,0.27701938277048166,0,0,0.25410279583801465,1,0,0,0,0,0
6737,0.4666666666666667,0,0.3333333333333333,0.3333333333333333,0.054884701690024615,0,0.2466596271159678,0.28209466170956016,0.543670428952328,0.25317481419221155,0,0,0,0,0,0,0.47191011235955055,0.3559322033898305,0.8168230819573354,0.2628360872876345,0.1572335519509526,0.7882849457030282,0.33854673615177217,0.21205823526044343,0,0,0.30244433777435337,0,0,0,0,0,0
6738,0.8333333333333334,0,0.0,0.3333333333333333,0.6952486407714261,0,0.3689396956205386,0.7217203135297297,0.23066620667838933,0.17071600204663834,0,0,0,0,0,1,0.7865168539325843,0.4067796610169492,0.7568946771853462,0.6722106421660117,0.7749102369456491,0.6976802100939246,0.4657002503518322,0.8223281961026295,0,1,0.11121497323596607,0,0,0,1,0,0
6739,0.8666666666666667,0,0.3333333333333333,0.6666666666666666,0.35198355331015924,1,0.9521067115404228,0.69873109116701,0.9060748530088105,0.6133996233489231,1,1,0,1,0,0,0.29213483146067415,0.3898305084745763,0.08254959721450177,0.7145421130303563,0.11310959376816454,0.308674232665245,0.8163051324228168,0.14344001297930767,0,0,0.6543002878391985,1,0,1,0,0,1
6740,0.9333333333333333,0,0.0,0.3333333333333333,0.277709384099385,1,0.5891745841405238,0.8597684862475664,0.8799657334768652,0.08367940047228409,0,0,0,0,0,0,0.30337078651685395,0.05084745762711865,0.40555196350583783,0.8272143637802125,0.8005692202408887,0.3251647692405861,0.33332507057100436,0.09989001021023534,0,0,0.18055633538176855,1,0,0,0,0,0
6741,0.3,1,0.0,0.0,0.399294565595075,0,0.9328596808112624,0.12173177925761412,0.4651497048328853,0.6610638753789804,0,1,0,0,0,0,0.797752808988764,0.711864406779661,0.9993114144860785,0.31059130202443813,0.9691990141058704,0.9451376925433722,0.7406167579452511,0.4949596650342529,0,0,0.38263161050916134,1,0,0,0,0,1
6742,0.7333333333333333,0,0.6666666666666666,1.0,0.4131299083717165,0,0.045147391384135795,0.35860327733359454,0.9553874949897292,0.526787562584957,0,0,0,0,0,0,0.10112359550561797,0.5084745762711864,0.905601660686146,0.9743181685017841,0.049045454313551826,0.33931722681689924,0.683638126515727,0.7076231361996257,0,0,0.3467079301566746,0,0,0,1,0,0
6743,0.5666666666666667,0,0.3333333333333333,0.6666666666666666,0.5714388435280933,0,0.6009438192519617,0.4560599582623051,0.30246952326603194,0.045736373566445845,0,0,1,0,1,0,0.5056179775280899,0.711864406779661,0.07611623656073309,0.6972429590608535,0.9224277257351118,0.2428459598873667,0.44095327110080695,0.9579270048254653,0,1,0.47224639820615705,0,0,0,0,1,0
6744,0.03333333333333333,1,0.0,0.6666666666666666,0.04040506875416984,0,0.41475767234606914,0.29468777524242507,0.31281091567145664,0.4512145537710539,0,0,0,1,0,0,0.0449438202247191,0.8983050847457628,0.31582802102329466,0.08946230055907796,0.7018399931357707,0.3408387099790493,0.9345863932401356,0.6529436306969222,0,1,0.5443420509738297,0,1,0,0,0,0
6745,0.8666666666666667,1,0.0,1.0,0.7293562780694588,0,0.7574778001350805,0.3108663579216903,0.286211151454954,0.4885415955605248,1,0,0,0,0,0,0.011235955056179775,0.6779661016949152,0.36650417152332654,0.8264687506444,0.5149677901992337,0.6814534410028504,0.5797256722043335,0.3459397760408109,0,0,0.06820040217052674,1,0,0,0,0,1
6746,0.23333333333333334,1,0.6666666666666666,0.0,0.2922525074438679,0,0.8280427741919211,0.34617973467010105,0.3212172336358878,0.9100696355614574,0,0,0,0,0,0,0.3146067415730337,0.711864406779661,0.4890885464945634,0.6152253919480405,0.8384263877172328,0.1408195365628818,0.36799889322146745,0.40953640401784186,1,0,0.33801010241821466,0,1,0,1,0,0
6747,0.03333333333333333,0,0.0,0.6666666666666666,0.3825063098814821,1,0.11364072579014384,0.9989134453425644,0.20500663683566556,0.11887272846869024,0,0,0,0,0,0,0.8876404494382022,0.15254237288135594,0.910049431054419,0.056285685273136016,0.7315242433714407,0.5005331877778534,0.08750137955295229,0.9604613121885249,1,0,0.8819002449176587,0,1,0,0,0,1
6748,0.36666666666666664,0,0.0,1.0,0.3233508056277598,1,0.0946754247678599,0.3439956588120974,0.04261954665522783,0.043005504128347846,0,0,0,0,0,0,0.39325842696629215,0.0,0.8788184162668192,0.753353709416985,0.3189351367566057,0.6126018901092396,0.41175708439662645,0.5493721365756399,0,0,0.02100991249633713,0,0,0,0,0,0
6749,0.1,1,1.0,0.0,0.6933781370218378,0,0.9071698021871553,0.9516466210300772,0.09077761791889362,0.0937233651846908,0,0,1,1,1,0,0.5617977528089888,0.03389830508474576,0.33090835998905765,0.9882783442191029,0.03554705823214852,0.013417370920489512,0.8574264770173813,0.6500359214454056,0,0,0.10887583471451917,0,0,0,0,0,0
6750,0.7666666666666667,1,0.3333333333333333,0.6666666666666666,0.9912495051759216,1,0.5992981872870353,0.933065924516124,0.46384981762121186,0.3680055642646149,0,0,0,0,0,0,0.7415730337078652,0.6101694915254238,0.5321786874983212,0.8826112964515356,0.923770630061429,0.4550674682840536,0.9452498743157951,0.871589506911199,1,0,0.928922991826517,0,0,0,0,1,0
6751,1.0,0,0.6666666666666666,0.3333333333333333,0.28629373668548735,0,0.5749822057622745,0.8314992595047489,0.2296153480233833,0.643565953953426,0,0,0,0,1,1,0.4943820224719101,0.6610169491525424,0.04585398224968663,0.04887650845919496,0.3311716049374404,0.860361278506141,0.20160133962569077,0.758475998694088,0,0,0.3307154138731097,0,1,0,0,1,1
6752,0.16666666666666666,0,0.3333333333333333,0.3333333333333333,0.623602719276979,1,0.700624501436956,0.017922878968325028,0.7579035946117847,0.05159075036932738,0,0,0,1,0,0,0.1797752808988764,0.5932203389830508,0.6581608358357377,0.7717302470479452,0.9757176993557916,0.9565259756946554,0.7877390762453301,0.6654409469819209,0,1,0.5147790466579403,0,0,0,0,1,1
6753,0.13333333333333333,0,0.3333333333333333,1.0,0.2771818138679269,0,0.4193105142949865,0.3311591384127252,0.9469963785997374,0.4197974400845373,0,0,1,1,0,1,0.797752808988764,0.3220338983050847,0.8189506716064793,0.6418244775573553,0.8838350032427988,0.8047417729164372,0.44248514309279274,0.18637898783942058,0,0,0.8545711818005111,0,0,0,1,0,1
6754,0.43333333333333335,0,0.0,0.0,0.19218254048613864,0,0.4469968006912861,0.8778505056267504,0.03518741982396505,0.08746256270504021,0,0,0,0,0,0,0.5168539325842697,0.4745762711864407,0.888436546021116,0.7692420090412523,0.0611435172646989,0.00552694897388999,0.07714094670690891,0.10136344401690915,0,1,0.5020598359060091,1,0,0,0,0,1
6755,0.4,1,0.0,1.0,0.7533727315286999,1,0.6130809565269066,0.08528564158724856,0.5455498576765571,0.10784537282054071,0,0,0,0,0,0,0.5056179775280899,0.13559322033898305,0.4080455996361123,0.11763452012284635,0.5360516747827412,0.10367523609386216,0.1801008312310358,0.1812531981435541,0,1,0.9114430288812455,0,0,0,0,0,1
6756,0.43333333333333335,1,0.3333333333333333,1.0,0.42407920851432274,1,0.21357452340044622,0.8123485664583455,0.23343310904090334,0.9486195847219907,1,0,0,0,0,1,0.12359550561797752,0.6779661016949152,0.6511444092791328,0.7044265726640074,0.024488144823450166,0.0797072666394739,0.5747231938041132,0.8149530995661558,0,0,0.911615539402214,0,0,1,0,1,0
6757,0.0,0,0.0,0.3333333333333333,0.1964059581656341,1,0.3189814906548333,0.46119802225189876,0.7430127628544152,0.9520885204762932,0,0,0,0,0,0,0.43820224719101125,0.0847457627118644,0.07383062003247096,0.8012268303288835,0.34499470026843965,0.6207483374828439,0.8779381147412626,0.20056826832800015,1,0,0.0289279121313379,0,0,0,0,0,1
6758,0.0,1,0.0,0.3333333333333333,0.9288247820200088,1,0.43803434814477626,0.572025340910745,0.9825515249315842,0.3797129929010284,0,1,0,0,0,0,0.29213483146067415,0.11864406779661017,0.26676530318123404,0.257901616545175,0.27897054713947106,0.615390276667838,0.9802576618916959,0.3112645810797065,0,0,0.8364343145234755,0,0,1,1,1,1
6759,0.4666666666666667,1,0.0,0.3333333333333333,0.7061612415079207,0,0.43477064572003477,0.9531043174280783,0.41204081058365094,0.7619918398742455,1,0,0,1,0,0,0.449438202247191,0.6949152542372882,0.39004806341996473,0.21201041513751737,0.7693268855765983,0.7118980284287232,0.7198767946865301,0.9156458943390618,1,1,0.9238427833824053,0,0,0,1,1,1
6760,0.7666666666666667,0,0.0,0.3333333333333333,0.7187335954256697,0,0.8303640569710917,0.6137229285621087,0.8629067946675654,0.9582690800684517,0,0,0,0,0,0,0.7415730337078652,0.3728813559322034,0.8759693936187766,0.48481384232197894,0.23332351821543834,0.8540688184561734,0.5246705747834925,0.46985860550058006,0,0,0.8866560106492484,0,0,0,0,1,1
6761,0.36666666666666664,1,0.3333333333333333,0.3333333333333333,0.4725176829064911,0,0.9540596936207452,0.5197390359450826,0.10670716332736546,0.07627005324325004,0,0,0,0,0,0,0.30337078651685395,0.3389830508474576,0.997630377276744,0.2774166275296657,0.06752852268044618,0.2651879333440664,0.32034760717683486,0.3590346412580516,0,1,0.9048716901155145,1,0,0,0,0,1
6762,0.43333333333333335,0,0.0,0.6666666666666666,0.9581681415068843,0,0.9256886167836436,0.7473172554240118,0.1118483727723248,0.3095007891275427,0,0,0,0,0,1,0.3595505617977528,0.2542372881355932,0.7596591653758193,0.6889365055870167,0.9117838127416554,0.4555395651422654,0.14927426266114444,0.7336787468798561,0,0,0.8422507532781868,1,0,0,1,0,1
6763,0.1,0,0.0,0.3333333333333333,0.11047381038452514,0,0.45510017832722344,0.25774188839289236,0.5316430924680098,0.2993722845761063,0,0,0,0,0,0,0.06741573033707865,0.576271186440678,0.17299768759871298,0.2871204728912067,0.7115026287175841,0.8270522176980539,0.4116749226889152,0.7463267425956209,0,0,0.8455124261139805,0,0,0,0,0,1
6764,0.3,1,0.0,0.6666666666666666,0.4995623761116419,0,0.428216395643939,0.0489630959406824,0.8159614567659536,0.9975767095936561,1,1,0,0,0,0,0.24719101123595505,0.6779661016949152,0.6845879956716212,0.5041490000852031,0.39057305889503174,0.839478707017651,0.6092620198344856,0.19584717807652297,0,0,0.32948289921056284,0,0,0,0,1,1
6765,0.9,1,0.0,0.3333333333333333,0.8795401240554896,0,0.8396477656220976,0.8611790075882331,0.6021999450782284,0.23461035759029022,0,0,1,0,0,0,0.0449438202247191,0.3559322033898305,0.9456375610877555,0.4325454730768818,0.8432838643457088,0.47165234915164345,0.40779200579276376,0.9260681635137031,0,0,0.5465425579980282,0,1,0,0,0,0
6766,0.2,0,0.6666666666666666,0.3333333333333333,0.37671911788550305,0,0.3269324866333873,0.23739829669260715,0.6657528683099063,0.8600207230125363,0,0,0,0,0,0,0.07865168539325842,0.4576271186440678,0.23927929238281348,0.38003371690568993,0.5497894545553189,0.6823828560883259,0.6400604810273997,0.301067067642721,0,0,0.3575727338344195,0,0,0,1,0,1
6767,0.3,1,0.0,0.6666666666666666,0.09478046044492743,0,0.5425458658397788,0.09242897044987217,0.015437902612838499,0.26880663662905496,1,1,0,0,0,0,0.19101123595505617,0.03389830508474576,0.6065272217836238,0.515811648599576,0.21132300336493476,0.4001983767503788,0.8461169415690504,0.26352999534538785,0,0,0.15553040645530655,0,0,0,0,0,1
6768,0.26666666666666666,0,0.0,0.3333333333333333,0.7544171774200668,0,0.23868411804248954,0.980581910460493,0.10784581764450113,0.4365434470935371,0,0,0,0,0,1,0.9550561797752809,1.0,0.9613289965574907,0.35863050041204475,0.15772324272886487,0.5136142997829276,0.6406864120938675,0.429334591785302,1,0,0.8578131315708054,0,0,0,0,0,1
6769,0.6333333333333333,0,1.0,0.6666666666666666,0.10632093372065302,0,0.8892056352191976,0.5662881117031003,0.9739181081616355,0.053451406603153805,0,0,0,0,0,1,0.19101123595505617,0.4576271186440678,0.6960140208849688,0.8042266692188569,0.6579544166218576,0.7220951506628279,0.8555952765845861,0.851922875222227,0,0,0.5926304123327659,0,0,0,0,0,0
6770,0.3333333333333333,0,0.3333333333333333,0.6666666666666666,0.21397469840063635,0,0.294572801399974,0.7043764251854634,0.2946505834493486,0.07370148888603838,0,0,0,0,1,0,0.24719101123595505,0.3728813559322034,0.5872042738100083,0.24579103026156676,0.43665535298432145,0.07247638835350426,0.28192207825937254,0.6163093553555062,0,0,0.025257659902425025,0,0,0,0,0,1
6771,0.06666666666666667,1,0.0,0.6666666666666666,0.8865214649258102,1,0.7293869436336912,0.7644231356118487,0.04931242074339431,0.8686623146177157,0,0,0,1,0,1,0.23595505617977527,0.4067796610169492,0.5504983234855176,0.8469411053683221,0.678009359069828,0.5394225616997366,0.8773062737981411,0.14886058011101339,0,0,0.7041472269532204,0,0,0,0,0,0
6772,0.16666666666666666,0,1.0,1.0,0.061222884981663075,0,0.12006883990705179,0.0018876096909245703,0.17831090909544606,0.09027331912213424,0,0,0,1,0,1,0.1797752808988764,0.13559322033898305,0.5109464126259743,0.8712104266456562,0.11163220264705799,0.5831283603166505,0.07198886395537385,0.8152803480941304,0,0,0.7331348614137916,1,0,0,0,0,1
6773,0.03333333333333333,0,0.0,0.6666666666666666,0.14583174294469184,0,0.2853250901739328,0.5165095420767596,0.025627666949531384,0.18923420123514761,0,0,0,0,0,1,0.21348314606741572,0.3389830508474576,0.6537897582378351,0.2331514858491947,0.5607827888314079,0.9254519052657867,0.6127620657936647,0.41201946220332786,0,0,0.9589311150707313,0,0,0,0,0,1
6774,0.36666666666666664,0,0.6666666666666666,1.0,0.49326307632200944,0,0.9851870497262043,0.019533774935233946,0.24819571343647875,0.6186868838045332,1,0,1,0,0,0,0.30337078651685395,0.4406779661016949,0.23424002786829218,0.18977548417377618,0.02289295715092335,0.4394740469702891,0.7547486169881922,0.5364311865902847,0,0,0.9614123223406097,0,1,0,0,0,1
6775,0.2,1,0.6666666666666666,0.6666666666666666,0.7884687932220414,0,0.7894766837798594,0.7750526991140131,0.7805173403282663,0.22242643926676756,1,0,0,1,0,0,0.9550561797752809,0.03389830508474576,0.017452472359331908,0.10640066922011662,0.6631178482619237,0.554190468012916,0.567588209193609,0.8609554001436234,0,0,0.027039877347013738,0,0,0,0,1,1
6776,0.4666666666666667,1,0.3333333333333333,0.0,0.17675958476944312,0,0.008681258750634411,0.3477082943452829,0.25378985310916125,0.19154437423825743,0,0,0,0,1,0,0.16853932584269662,0.05084745762711865,0.43354611113966646,0.7798940923088916,0.28956805674139474,0.8498719328293878,0.21097098806919237,0.09797912997719893,0,0,0.7476824138270313,0,1,1,1,0,0
6777,0.4,1,0.0,0.0,0.13648991824300027,0,0.8257308858084782,0.17356120781021842,0.14530937196192426,0.897792595668734,1,0,0,0,0,0,0.8089887640449438,0.7288135593220338,0.4468104175632937,0.20366981352903882,0.4267688475758911,0.41786096526447114,0.20825219605411371,0.6579908496121757,1,0,0.17598104969810496,0,0,0,0,0,0
6778,0.8666666666666667,0,0.3333333333333333,0.3333333333333333,0.5157463269567892,0,0.3994689720063013,0.5423517436393557,0.8954180561657801,0.5190774896219702,0,0,0,0,0,0,0.9213483146067416,0.576271186440678,0.5398573252601127,0.8383160098521336,0.2850213382693624,0.946283750568317,0.05945680849386651,0.1735893424542499,0,0,0.400066803696242,0,0,0,0,0,1
6779,0.6666666666666666,1,0.3333333333333333,0.3333333333333333,0.6183321607220865,0,0.3465699832624654,0.1371231574047093,0.8540779723464457,0.8898393163719078,1,0,1,0,0,0,0.4044943820224719,0.9661016949152542,0.8681388748313992,0.007893453902932201,0.271244607031486,0.6321931165158232,0.8158303316296054,0.2577071830455296,0,0,0.8463089574248691,0,0,1,0,0,0
6780,0.5333333333333333,0,0.3333333333333333,0.0,0.5178682003010721,0,0.3651745661189843,0.8205571168697673,0.09811041713171559,0.41608699695779866,0,0,0,0,0,0,0.5393258426966292,0.4576271186440678,0.2779627833293467,0.7174464884238739,0.9885480410951276,0.38041188108406243,0.05229617419421207,0.9440648616083548,0,1,0.6118182956095954,0,0,0,0,0,1
6781,0.8,0,0.0,0.6666666666666666,0.7667130833762457,0,0.7121781305066535,0.5589488349538859,0.7153660411530258,0.8691310401242085,0,0,0,1,0,1,0.1797752808988764,0.3898305084745763,0.3548858720013982,0.5490869894988132,0.4403574381334033,0.6119624176693875,0.8101525981834813,0.9498070394182162,0,0,0.9146064011130862,0,1,0,0,1,0
6782,0.6,0,0.0,0.6666666666666666,0.7544422658000932,0,0.2944611359563091,0.042636466528017954,0.26169017843503983,0.6803176804891512,0,0,1,0,0,0,0.10112359550561797,0.22033898305084745,0.9040053474073028,0.21716240718842109,0.7301174575188493,0.31430630818554806,0.3329097330951625,0.9022143684245568,1,0,0.3972193597921788,0,0,1,0,1,0
6783,0.9333333333333333,1,0.3333333333333333,0.6666666666666666,0.4595412000550845,0,0.9489335793099019,0.542797351328171,0.9504883619847704,0.9846361429813,0,0,0,0,0,0,0.7078651685393258,0.9152542372881356,0.42215209422008515,0.10152961383167933,0.285862819320535,0.6489632243204162,0.3422444953806104,0.7858681203398351,0,1,0.3148891726419361,0,0,0,0,0,0
6784,0.7666666666666667,1,0.0,0.0,0.6311955551826303,0,0.9033360602185224,0.0707844827323187,0.5908996491668618,0.27118936692511325,0,0,0,0,0,0,0.3707865168539326,0.7627118644067796,0.8587688919064885,0.9692038718795395,0.09765205029163668,0.13624010057880256,0.03215302997895454,0.21537483941732594,0,0,0.09558043809959249,0,0,0,0,0,1
6785,0.03333333333333333,0,0.0,0.3333333333333333,0.2946921562419615,1,0.9665646282625108,0.8408875509882519,0.7179347503936507,0.30007478829864326,0,0,0,0,0,1,0.43820224719101125,0.9322033898305084,0.26674865714537277,0.7094126901556471,0.43002987653842967,0.6311458337915459,0.4664994590740765,0.4956642017092678,0,0,0.5470150436495259,0,0,1,0,0,0
6786,0.06666666666666667,1,1.0,0.6666666666666666,0.3102395567687406,1,0.400352791342408,0.9576273268860087,0.9900568211959225,0.11023157790889355,0,0,0,0,0,0,0.7191011235955056,0.5423728813559322,0.4126368361949837,0.9083620709066536,0.7093008749751282,0.9449455658365749,0.70337686448111,0.3971291435708685,1,0,0.6093816474879726,0,1,1,0,0,1
6787,0.6333333333333333,0,0.0,0.0,0.570910182846875,1,0.17953178351352808,0.5104623342369798,0.050107478224312045,0.29028653053633946,1,0,0,0,0,0,0.24719101123595505,0.06779661016949153,0.6068694355584695,0.9776280700544734,0.17090210221541183,0.6535333420193786,0.6789435592512878,0.5537121354131964,0,0,0.11809723636579778,0,0,0,0,0,1
6788,0.5333333333333333,0,0.0,0.0,0.8211963260636818,0,0.016129777319719783,0.29040448985509276,0.9972715491318307,0.09827421697409863,0,1,0,0,0,0,0.7865168539325843,0.2711864406779661,0.8343895506086688,0.303136433088702,0.05525499747311003,0.24659229480400716,0.911838130833053,0.47840421271114175,0,0,0.13026823682917407,0,0,0,1,1,0
6789,0.4,0,0.0,1.0,0.3898462767103631,0,0.7571859216792513,0.6742501582773938,0.200893609107257,0.8558702748801429,0,0,1,0,0,0,0.10112359550561797,0.4915254237288136,0.590042903049039,0.4982723404517097,0.8157799410675134,0.3226128941349562,0.4213238758673576,0.04376681739458869,0,0,0.6591047434879874,0,0,0,0,0,0
6790,0.06666666666666667,1,0.0,0.0,0.07765629074633008,0,0.2568307537959962,0.26182015210306003,0.7520031983549734,0.527151161152247,0,0,0,0,0,0,0.39325842696629215,0.7288135593220338,0.43576423444521145,0.7152661579587977,0.960571497860363,0.5136377590238834,0.9989343130362692,0.6939236755024515,0,0,0.6396873514594399,0,0,0,0,1,1
6791,0.9333333333333333,1,0.0,0.3333333333333333,0.5455014450510691,0,0.22252740193013018,0.4019080794598049,0.774419041454839,0.8520524266413655,0,0,1,0,0,0,0.2247191011235955,0.6440677966101694,0.8953630174083683,0.051842819135231755,0.03759633144881966,0.41307089555339244,0.2628708948876132,0.6344596212193252,0,0,0.6560127950024592,0,0,0,1,0,0
6792,0.06666666666666667,1,0.0,0.6666666666666666,0.8602559470593558,0,0.96687263418465,0.45549818603463815,0.7600510519282464,0.6447766943263066,0,0,0,0,0,0,0.5056179775280899,0.9152542372881356,0.5711492161043283,0.25189139834537544,0.11106839832655946,0.669482717736786,0.7740395810276994,0.5763286985042444,1,0,0.7843986763216739,0,0,0,0,0,0
6793,0.9666666666666667,0,0.6666666666666666,0.3333333333333333,0.5396802864504449,0,0.8645684909344737,0.16590030059825828,0.32729711416724167,0.10719340961756546,0,0,0,0,0,0,0.011235955056179775,0.5084745762711864,0.22356295325851977,0.43302623693253695,0.4501009981267578,0.6435303019566662,0.6373837353569678,0.47874198422555725,1,0,0.8516130143312174,0,0,0,1,0,1
6794,0.5666666666666667,1,0.0,0.6666666666666666,0.3459388811511426,1,0.6413441502996174,0.9735681105203898,0.3812231827356677,0.7189508879021116,0,0,0,0,1,0,0.33707865168539325,0.06779661016949153,0.6560587079685302,0.48870329725947437,0.5582659192128058,0.4453792770421873,0.7678232950053019,0.33106292504233253,0,0,0.44804233110984465,0,0,0,0,0,0
6795,0.2,1,0.6666666666666666,0.6666666666666666,0.23649097374545758,0,0.10089673116286933,0.9633372728751461,0.5592914678257149,0.6074931445386357,0,0,0,0,0,0,0.8876404494382022,0.0,0.9514698868233259,0.2626380976254423,0.9706592360795621,0.9263447688067551,0.12221710948058734,0.4551507493067781,0,0,0.0834360393785292,0,1,0,0,0,1
6796,0.1,0,0.0,0.6666666666666666,0.6809419487550646,0,0.3475910067626922,0.20049046329375808,0.5711852183631247,0.39490886498962285,0,1,0,0,0,0,0.033707865168539325,0.5084745762711864,0.4773820263325123,0.8110007585981489,0.4411018042232361,0.3112097180570446,0.20583036291021511,0.003624058145997084,0,0,0.2569158796303308,0,1,0,0,0,1
6797,0.4666666666666667,0,1.0,0.6666666666666666,0.8565716948768267,1,0.41344978689346557,0.10940741681512099,0.07641368465421221,0.08551473253824257,0,0,0,0,0,0,0.7752808988764045,0.7796610169491526,0.7051109551955957,0.32500340576955444,0.04146693435107987,0.7263765341405489,0.10189613950608642,0.8794542083500247,0,1,0.06770489899018052,0,0,0,0,1,0
6798,0.1,1,0.0,0.6666666666666666,0.3332486557623117,0,0.691226428105578,0.749976594247014,0.6330646401971761,0.2438442614229992,0,0,0,1,0,0,0.38202247191011235,0.9491525423728814,0.5153807776246129,0.3544572265418206,0.2608568539426197,0.3574477445808801,0.9256963527682919,0.8827107694472913,0,0,0.5121392290765853,0,0,1,0,0,0
6799,0.43333333333333335,1,0.0,1.0,0.3105237116468354,0,0.8383649823998043,0.5144745190189011,0.42832616244283805,0.8031865132575079,0,0,1,1,0,1,0.15730337078651685,0.3898305084745763,0.8472570486042661,0.08068022937774987,0.51624356489843,0.1732589276889345,0.5438491756270961,0.8811330621392408,0,1,0.704535134383182,0,0,0,0,0,1
6800,0.4,0,0.0,0.3333333333333333,0.9408797229859627,1,0.613404757017384,0.8690194697850258,0.40522824555042053,0.7173268473372018,0,1,0,0,0,0,0.1348314606741573,0.23728813559322035,0.4934450295236414,0.8702883533342302,0.9064227945625961,0.7611660034166913,0.3430372068828944,0.48783263653649045,0,0,0.38751737201455855,0,0,0,0,0,1
6801,0.06666666666666667,0,0.0,0.6666666666666666,0.369777207579831,1,0.40754836790034976,0.8463273678659068,0.8264823920808159,0.30244698322263724,1,0,0,0,1,0,0.4044943820224719,0.7966101694915254,0.31396169554605263,0.857172488143485,0.9207367345796871,0.4392865351285897,0.340373931290249,0.1116993948798657,0,0,0.754281802258387,0,1,0,0,0,1
6802,0.3333333333333333,0,0.0,0.3333333333333333,0.06308799599222202,0,0.16033217762446453,0.7473903117252133,0.4093833757511658,0.22710501969830516,0,0,0,0,0,0,0.651685393258427,0.7457627118644068,0.9129635487130432,0.46949848674699546,0.07776294499918007,0.2494059582710103,0.05196063825305391,0.8751189274430663,1,0,0.08485709268615817,0,0,0,0,1,1
6803,0.6666666666666666,0,0.0,0.3333333333333333,0.08886203279666684,0,0.7807772022525769,0.2604818497024588,0.1991459466675992,0.4862490903247247,0,1,1,0,1,0,0.06741573033707865,0.4406779661016949,0.391301834401561,0.5426835885015054,0.8180041736043846,0.21339724093460583,0.006117835149296009,0.03473207214644656,0,0,0.7642534434428299,0,0,0,0,0,0
6804,0.9666666666666667,1,0.3333333333333333,0.6666666666666666,0.9615158982281252,0,0.0866149927347776,0.09328567439903139,0.2509903034404761,0.545140108590116,0,0,0,0,0,0,0.7528089887640449,0.8983050847457628,0.5012809591778646,0.8443488334991134,0.3442250798593593,0.9565839773401091,0.1013423136120689,0.35305260606855504,0,1,0.705192744886775,0,0,0,0,0,1
6805,0.9333333333333333,1,0.0,0.3333333333333333,0.13249962228193146,0,0.4413622490336797,0.17677966633908604,0.4803572240147709,0.6750407232257855,0,0,0,0,0,0,0.6292134831460674,0.711864406779661,0.11517122448288947,0.3746607128078043,0.4288322645308069,0.5523207825389717,0.31584520027680635,0.7941634194259983,0,0,0.9326121745602542,0,0,0,0,0,0
6806,0.8333333333333334,0,0.6666666666666666,0.6666666666666666,0.027106865734445103,0,0.9337786414269719,0.8202146516170414,0.1913094341358093,0.9819752822248166,0,0,0,0,0,0,0.8426966292134831,0.5423728813559322,0.22598804039302736,0.9542374984417437,0.035016322511355794,0.5143269303881196,0.36053321132410404,0.3214869999432008,0,1,0.5681788628896084,0,0,0,0,1,1
6807,0.1,0,0.6666666666666666,0.3333333333333333,0.7091641816047037,0,0.8490358278208812,0.8580022752659167,0.874488756538593,0.8711716319921552,0,0,0,0,0,0,0.9325842696629213,0.13559322033898305,0.2771121375162872,0.961473384016032,0.14908949789713502,0.7251119458358736,0.02378345023516894,0.7585618835638186,0,0,0.9279414332491291,0,0,1,0,0,1
6808,0.8666666666666667,0,0.6666666666666666,1.0,0.28234466111335843,1,0.20521033679113793,0.649400091499894,0.21742208106491842,0.9649638101137664,0,1,1,0,0,0,0.4157303370786517,0.05084745762711865,0.4456304308315744,0.7526961266628563,0.39673088696269254,0.0574890285598851,0.880440418510646,0.9636478224379623,0,0,0.8614960654339398,1,0,0,0,0,0
6809,0.36666666666666664,1,1.0,1.0,0.5176421771269222,0,0.24614589907767573,0.36576503334853844,0.863753884559763,0.9337535910724174,1,0,0,1,0,0,0.24719101123595505,0.9830508474576272,0.7355553339558625,0.8281155584076167,0.4286506315589324,0.245095294877289,0.027240935960065077,0.32135582421084075,0,0,0.09324915449327745,0,0,1,1,1,1
6810,0.5333333333333333,0,0.3333333333333333,0.3333333333333333,0.052519298792074,0,0.7612544330775326,0.6832117137847592,0.26903129581716184,0.902812979085207,0,0,1,0,0,0,0.2696629213483146,0.3050847457627119,0.6733852704600839,0.5253934448746446,0.7527939845973849,0.10523601981752746,0.1282995292432463,0.3764694755780618,0,0,0.4900646437446034,1,0,0,0,1,0
6811,0.0,1,0.3333333333333333,0.6666666666666666,0.7310185800831341,1,0.22027144753368819,0.059039246904581635,0.1773218470168635,0.02515493871534493,1,0,0,0,0,0,0.16853932584269662,0.3728813559322034,0.38580815061508883,0.7392236589466277,0.4078488462209451,0.7593269034684867,0.24970786929647215,0.42292992240983596,1,0,0.05065079545900501,0,0,1,0,1,1
6812,0.26666666666666666,1,0.0,0.3333333333333333,0.41412498550798854,0,0.04206969675868521,0.577557652378973,0.03717107253638846,0.2842808947415038,0,0,0,0,0,0,0.6741573033707865,0.8983050847457628,0.6097157293784182,0.1656676153038392,0.07779738522814222,0.8975878272137208,0.18342014316746014,0.9928225361032473,0,0,0.6004438091476589,0,0,0,1,0,1
6813,0.5333333333333333,1,1.0,0.6666666666666666,0.7028779697415901,0,0.3517982999761202,0.7680143323362414,0.8860417233573012,0.9433387771609204,0,0,0,0,0,0,0.19101123595505617,0.4576271186440678,0.4932055651327783,0.7304627138605523,0.953303363509426,0.7539401644243281,0.7499607881866347,0.5315191373595465,0,0,0.8691269843935108,0,0,0,0,0,0
6814,0.8333333333333334,1,0.6666666666666666,0.3333333333333333,0.4765685923915255,0,0.19595967914664753,0.5675215891452117,0.057855801699853625,0.44638547451033583,0,1,1,0,0,0,0.9775280898876404,0.2711864406779661,0.4311114005562944,0.5314238168994772,0.9844361114738788,0.9872613046132586,0.8003735053436472,0.4651148519182877,0,0,0.8228209948018931,0,0,0,0,0,1
6815,0.4666666666666667,1,0.3333333333333333,0.0,0.9569176254787491,1,0.04610878882257201,0.9670831737970704,0.960797887290483,0.7180667716605899,0,1,0,1,0,0,0.48314606741573035,0.13559322033898305,0.17567156157970848,0.7573808675388175,0.5617550735507328,0.6576456491313274,0.7595885498949545,0.12804142374996977,0,0,0.5077607224589967,1,1,1,0,1,1
6816,0.9333333333333333,0,0.3333333333333333,0.0,0.3498652482253263,0,0.3994596956528553,0.4194650748188765,0.16917279267780275,0.07716069830382437,0,1,1,0,0,0,0.15730337078651685,0.9661016949152542,0.2745824308125829,0.7456719829608447,0.1175686322248273,0.5425244332537144,0.7581415353285449,0.8439548263582075,1,0,0.7870202387027729,1,1,0,0,1,1
6817,0.03333333333333333,0,0.3333333333333333,0.6666666666666666,0.9752164145099026,1,0.3196949978144419,0.454786925955039,0.551742844982876,0.5102130230351867,0,1,0,0,0,0,0.19101123595505617,0.3389830508474576,0.6635539717139808,0.4239984904203916,0.01592861672097701,0.5754962279628256,0.25571123806017365,0.5219923053508346,0,0,0.5909253202222624,0,0,0,0,1,1
6818,0.6333333333333333,0,0.0,0.3333333333333333,0.6280476368674568,1,0.42737118411378583,0.29698123211237454,0.31591544639637803,0.06567688300897676,0,0,0,0,0,0,0.23595505617977527,0.7796610169491526,0.4956047610583762,0.07862837788971676,0.2961391727894159,0.7316649649646186,0.13346950294392634,0.46421742729607274,0,0,0.7151794213835411,1,0,1,0,0,0
6819,0.43333333333333335,1,0.3333333333333333,0.0,0.321030592911019,0,0.22963518478029044,0.8352042443135548,0.13464273187044606,0.9485366413067087,0,0,0,0,1,0,0.5056179775280899,0.0847457627118644,0.04108043350083256,0.43126161448151284,0.8945447900350075,0.13089513098763159,0.3319971814693713,0.8783252459465197,0,0,0.23864777700072282,0,0,0,0,1,0
6820,0.5,1,0.0,0.6666666666666666,0.6509523015963572,0,0.8047008223694575,0.17310586964685015,0.2793957256326015,0.5881242731687322,0,0,0,0,1,0,0.20224719101123595,0.2542372881355932,0.4014404612492448,0.7516188940193443,0.3194768253359304,0.563983266805643,0.1147626957273484,0.7396111766140844,1,0,0.08419199349403925,0,0,0,0,0,0
6821,0.4,1,0.0,1.0,0.006561966830323052,0,0.2765661184208008,0.400300719161144,0.2020475036660274,0.2151741899613853,0,1,0,1,0,0,0.34831460674157305,0.5423728813559322,0.2785430541764535,0.37308001322453177,0.9589622668571758,0.9103441437004096,0.1435452549972198,0.6406212697358459,0,0,0.2731459081446469,0,0,0,0,0,0
6822,0.6,0,1.0,0.0,0.8609089959774834,0,0.8205552543307092,0.5220115977179063,0.11167756998119957,0.7249647831131151,0,0,1,0,0,0,0.19101123595505617,0.3559322033898305,0.3017853605210924,0.16309161180090284,0.6347906868987734,0.9436109904662203,0.04493580963705081,0.392582259212186,0,0,0.8363150893810325,0,0,0,0,1,0
6823,0.26666666666666666,0,0.0,1.0,0.7699209679153092,1,0.17256809948685378,0.047936954122116036,0.46118131450232097,0.6823483285781553,0,1,0,0,0,0,0.8426966292134831,0.576271186440678,0.7430548079830188,0.9415363863969834,0.9372284467909828,0.7360839358089843,0.6725128186086625,0.7807647127540923,0,0,0.0034308103106737544,0,0,0,0,0,0
6824,0.23333333333333334,1,0.3333333333333333,0.3333333333333333,0.3365834539837456,0,0.9325774941823024,0.27510998531555525,0.6544072006210243,0.852840355362282,0,0,0,1,0,1,0.7303370786516854,0.0847457627118644,0.7482918942974223,0.2869295082203447,0.16924496646853932,0.01744597991789981,0.8971513199514373,0.9899882522165849,0,0,0.12019244395286846,0,0,0,0,1,1
6825,0.5666666666666667,1,0.0,0.6666666666666666,0.2504725743793984,0,0.5272165286173285,0.3612618414950974,0.6494778251685519,0.41973837988093454,0,0,0,0,0,0,0.9887640449438202,0.7288135593220338,0.6596592669909787,0.012703701279014039,0.23174205134787262,0.16552029551417316,0.365555992374782,0.6042963601128808,0,0,0.8097716109614366,0,0,1,0,0,1
6826,0.26666666666666666,0,0.0,1.0,0.1160509557796561,0,0.9248517839478619,0.6301680133138808,0.6072074239452472,0.6536542421338567,0,0,0,0,0,1,0.4044943820224719,0.2033898305084746,0.6651705408902312,0.845347177214729,0.3897387657728143,0.8481353173445794,0.12608725997148673,0.7653346796634669,0,0,0.9453360801167412,0,0,0,0,0,0
6827,0.0,1,0.0,0.6666666666666666,0.7684404174951345,1,0.5631977046986538,0.857005616558755,0.33336023697817363,0.4011294749544151,0,1,0,1,0,0,0.06741573033707865,0.15254237288135594,0.900004856347326,0.41192958566991483,0.5414842905274855,0.6369395167980689,0.12190280955270727,0.1860587204432416,0,1,0.5318851735021056,0,0,0,0,0,1
6828,0.16666666666666666,1,1.0,0.0,0.5383634306741493,1,0.49307052558397196,0.48765432875517783,0.4854931456835518,0.3846282754817253,0,0,1,1,0,1,0.3595505617977528,0.6440677966101694,0.29020986566863866,0.39998929344397566,0.8848716593786986,0.3598226828372798,0.45083458120474734,0.5104230039965617,0,0,0.606232557780835,0,0,0,0,0,1
6829,1.0,0,0.3333333333333333,0.3333333333333333,0.8157081038242227,0,0.5235020046037338,0.9381495353570185,0.28510838997262133,0.7996765843037739,0,0,1,0,0,0,0.4044943820224719,0.847457627118644,0.8513474952041621,0.3806874536154824,0.3684919469989958,0.8256593259854944,0.12136495782876348,0.5748614637272289,0,0,0.8293471907025204,0,0,0,0,0,0
6830,0.5333333333333333,0,0.0,1.0,0.32137324688182334,0,0.5631355665832526,0.29202315109698196,0.13861179308825375,0.6327344317194613,0,0,0,0,0,0,0.9887640449438202,0.9661016949152542,0.4531151017685295,0.6850782887845361,0.8510371437513073,0.1511346311229195,0.9947513047766929,0.661006226299817,0,0,0.6327813301657459,0,0,0,0,0,1
6831,0.4,0,0.0,0.6666666666666666,0.10367076357409895,0,0.16624580425186822,0.909078687340909,0.5607323976919494,0.6655870250543252,1,0,0,1,0,0,0.4606741573033708,0.288135593220339,0.6472144228732651,0.29086405162133205,0.8208672424113739,0.10808508942474955,0.15964486579324388,0.7749802249146878,0,0,0.31700764228724054,0,0,0,0,0,1
6832,0.26666666666666666,0,0.3333333333333333,0.3333333333333333,0.018843720536820516,0,0.6880354893288552,0.5709397980076945,0.2556541518327082,0.1709462129532888,1,0,1,1,0,1,0.19101123595505617,1.0,0.18170358544893522,0.8820832961839994,0.8319281426383883,0.428749180889573,0.036939053685876654,0.9161490330426688,0,0,0.6125205970902615,0,0,0,0,0,0
6833,0.0,1,0.0,0.3333333333333333,0.883814371185896,0,0.34408480073850717,0.3613681998146549,0.000706877829120949,0.4128587942252418,0,0,0,1,0,0,0.47191011235955055,0.3050847457627119,0.84218408717455,0.8217765608958999,0.656988350399906,0.6231942900163608,0.244869416313193,0.41613401708337194,1,0,0.22721435547147006,0,1,1,0,0,0
6834,0.2,0,1.0,0.0,0.27943971031920134,0,0.6413327414431649,0.5355691914853274,0.7143858206267385,0.8856836866029517,0,0,1,0,0,1,0.33707865168539325,0.711864406779661,0.43126508510230943,0.9621815920337342,0.6700057711637536,0.8195366447623618,0.5111765550563376,0.882995197554548,0,0,0.5227276011587977,1,0,0,0,0,0
6835,0.43333333333333335,0,0.0,0.6666666666666666,0.40999939089524484,0,0.7697724719102121,0.04954796930236342,0.4422831646689428,0.8795724310235568,0,0,0,0,0,0,0.0449438202247191,0.23728813559322035,0.9168557218568616,0.6537439657030312,0.6176950160538582,0.19920994390720637,0.5070030451956871,0.1772527225143154,0,0,0.41692118702787095,0,0,0,0,0,1
6836,0.7666666666666667,1,1.0,0.0,0.9551903541964331,1,0.5721837534102605,0.12713113806880094,0.45279557494462747,0.23999888503673453,0,0,0,0,0,0,0.9213483146067416,0.7627118644067796,0.27690468335800733,0.8584836910480143,0.18381887126685825,0.060913581777138834,0.6933345416540044,0.08814027370954947,1,0,0.3821246989318319,0,0,0,0,1,1
6837,0.3,0,0.3333333333333333,0.0,0.6757433694876984,0,0.8533917649759613,0.9811968315851407,0.19515001958134237,0.5194114261266194,1,0,0,0,0,1,0.16853932584269662,0.22033898305084745,0.5707863614616143,0.7932758260605395,0.13461800433073018,0.785553703039974,0.37927130941253145,0.3968887689640138,0,0,0.055187161159958274,0,0,0,0,1,0
6838,0.2,1,0.0,1.0,0.2146673317333756,0,0.7203045313999684,0.25848606530308815,0.3548574927380051,0.6494866036717354,1,0,0,1,0,0,0.550561797752809,0.1016949152542373,0.6422061971368838,0.30241320958742685,0.4949030957095499,0.33288918005897716,0.3939589003715694,0.7181642503505928,1,0,0.62610807624417,0,0,0,0,0,1
6839,0.13333333333333333,1,0.0,0.6666666666666666,0.9690089207194699,1,0.0421543337517005,0.5488781594861678,0.9035035877181475,0.023701053792678284,0,0,1,0,0,0,0.550561797752809,0.8135593220338984,0.11876731615773031,0.3121949698158422,0.9237635237732366,0.8751292911287146,0.39381741245096513,0.9298895297645678,0,1,0.6666405791981914,0,0,0,0,0,1
6840,0.06666666666666667,1,0.0,0.0,0.40702806270718295,0,0.5414975271978298,0.5093562678696998,0.5725409263714164,0.589594813286523,0,0,0,0,0,0,0.5842696629213483,0.2542372881355932,0.17098591023134968,0.37829740847943294,0.86495040638633,0.34296848598573315,0.027563411544704142,0.7684246015288498,0,0,0.4461551909961295,0,0,0,0,0,1
6841,1.0,1,0.3333333333333333,0.3333333333333333,0.1349917051728945,0,0.3593815436753454,0.3145904901776511,0.417541659880748,0.6304353283042593,0,0,0,0,0,0,0.797752808988764,0.6440677966101694,0.25040201219298425,0.5082102579591935,0.42346733560929695,0.029933213862574602,0.735917464624549,0.9743522908664551,0,0,0.3264626867231148,0,1,0,0,0,0
6842,0.13333333333333333,0,0.0,0.3333333333333333,0.5635007397657785,0,0.9897099609396275,0.8833755295818422,0.22973928964806578,0.22018940315907376,0,0,0,1,0,1,0.9213483146067416,0.7288135593220338,0.000659557615908355,0.37150352597177344,0.739717002394924,0.3619601088463773,0.6488865378852033,0.7162966468391684,0,1,0.45592029024334013,0,0,0,0,1,0
6843,0.6333333333333333,1,0.6666666666666666,0.6666666666666666,0.08239618777579193,0,0.6037411700653489,0.9608832466379558,0.5947397088527887,0.5477230525185074,1,0,0,0,0,0,0.011235955056179775,0.5932203389830508,0.24538542622225,0.36107939625492674,0.07540325565534631,0.350961282878511,0.027016207999777025,0.013678633611946414,0,0,0.21558252750258086,0,0,0,0,1,1
6844,0.3,1,0.3333333333333333,1.0,0.3783211150533368,0,0.38316804506506963,0.4737376439486476,0.19666194357699077,0.08240307417789056,0,0,0,1,0,0,0.8089887640449438,0.03389830508474576,0.9587087875395879,0.47391628905176925,0.2684779746014775,0.5875391743127243,0.5400242060945706,0.8547380808817404,0,0,0.007072498957115868,0,0,0,0,0,0
6845,0.8333333333333334,0,0.0,0.0,0.37529513204369735,0,0.14469121626354478,0.3492243936304767,0.9325669878742668,0.21694105404434855,0,0,0,1,0,0,0.9325842696629213,0.05084745762711865,0.05385407244415928,0.04632783059616022,0.14072515145314216,0.2633516362661136,0.4168729366339816,0.9558734793454687,0,0,0.28101616601455304,0,0,1,0,1,0
6846,1.0,1,0.0,0.6666666666666666,0.754922740295781,0,0.3577097267951124,0.7982323122739843,0.8443644200635232,0.6009660104934553,0,0,0,1,0,0,0.8314606741573034,0.1694915254237288,0.24517404198037024,0.6019092275502201,0.2936529819983306,0.9892619002842651,0.5472635954506261,0.44969730632865923,0,0,0.9113847176219387,0,1,0,0,0,0
6847,0.13333333333333333,0,0.0,0.3333333333333333,0.0075295644408397,0,0.5258122084390726,0.9475750740894411,0.9361531785515373,0.5492620461711376,0,0,0,0,0,0,0.9101123595505618,0.4067796610169492,0.9117310937115946,0.2035418709797206,0.5719182442233128,0.5375670271126199,0.738463523074307,0.6850471472242887,0,0,0.8017949548901178,0,0,0,0,0,1
6848,0.5333333333333333,1,0.0,0.6666666666666666,0.7179976839538467,0,0.6152390008748976,0.8177301810788724,0.6269568804803881,0.4191579772243378,0,0,0,0,0,0,0.16853932584269662,0.23728813559322035,0.9279001165838371,0.4786723545705524,0.7417329680456427,0.4330487924444072,0.2505125945360191,0.042391550527958295,0,1,0.5343347018788659,0,0,0,0,0,0
6849,0.06666666666666667,0,1.0,0.6666666666666666,0.9218696126332641,0,0.9536220374166685,0.9480063200717423,0.9356814206383881,0.6618813414150084,0,0,0,0,0,0,0.9213483146067416,1.0,0.4401317652652342,0.20151183038165396,0.04268977903596485,0.4081830686469685,0.2755115685613387,0.2940800725843566,0,0,0.14434916997308972,0,0,0,0,0,1
6850,0.6333333333333333,1,1.0,1.0,0.6369327874547185,1,0.8803109543288463,0.11073746327889582,0.5773580195445931,0.29935151344858923,0,1,0,1,0,0,0.30337078651685395,0.23728813559322035,0.46856727544059584,0.6980396292912181,0.6400589530418451,0.38275500070858615,0.1745134631376844,0.9993587205596541,1,0,0.304204925144292,1,0,0,0,0,0
6851,0.23333333333333334,1,0.3333333333333333,0.6666666666666666,0.7902721460399846,0,0.49120059839931524,0.10966010347663155,0.5534604148533259,0.3355668818392567,0,0,0,0,0,0,0.5617977528089888,0.5254237288135594,0.2445096435173624,0.9436441377908628,0.7368713486502427,0.2698278340001121,0.9242069696565564,0.9669911820939743,1,0,0.9010516599295147,0,0,0,0,0,1
6852,0.6,1,0.0,0.6666666666666666,0.1286897910899109,1,0.4392124245745711,0.43191430167203665,0.08361088519861994,0.6920707349572061,0,0,0,1,0,0,0.2247191011235955,0.6949152542372882,0.23066914553634524,0.42759961641529226,0.7638190845066689,0.9175846604081372,0.864907306020262,0.017233816089534837,0,0,0.0459983441932492,0,1,1,0,0,1
6853,0.06666666666666667,1,1.0,0.3333333333333333,0.4424244509199335,0,0.3066703062625063,0.7052345439884545,0.12100834625898559,0.029638293100485946,0,0,1,0,0,0,0.8876404494382022,0.6779661016949152,0.6173782745121829,0.2414091104108027,0.03040042183698152,0.6339015186562466,0.9003179960036977,0.5109156194266067,0,0,0.8086254189986706,0,0,0,0,0,1
6854,1.0,1,0.0,0.3333333333333333,0.8054771426467392,1,0.5210796521409277,0.4123775281471397,0.6093758816900027,0.5457201256227959,1,0,0,0,0,0,0.7078651685393258,0.6440677966101694,0.6901117691718173,0.45685765979220383,0.6315318661080475,0.9106931336061154,0.7150129445033756,0.4676223899088822,0,0,0.1970972682675654,0,0,0,0,0,0
6855,0.16666666666666666,1,0.0,0.3333333333333333,0.8285609451062906,0,0.006259310568235729,0.7701894554140789,0.47823601801607996,0.9293907634528878,0,0,0,0,0,0,0.25842696629213485,0.1864406779661017,0.24165702132348152,0.42315456957242237,0.8757129286614289,0.18212012184869936,0.3244002502312743,0.515699134180011,1,0,0.15990696940457588,1,0,0,0,0,1
6856,0.7666666666666667,0,1.0,0.6666666666666666,0.643886750357111,0,0.3772529032108815,0.4596918914427024,0.760251182389054,0.9777595310228169,0,0,0,0,0,0,0.0,0.6271186440677966,0.19140305582592687,0.3468273645599175,0.40860904884318944,0.24953967855426634,0.8464947562251496,0.7832265415520112,1,0,0.10220866026190556,0,0,0,0,0,0
6857,0.3333333333333333,0,0.0,0.3333333333333333,0.03181342976940618,0,0.10062326793275422,0.5110139286784834,0.002274507365138157,0.9081485657612285,0,0,0,0,0,0,0.7078651685393258,0.6779661016949152,0.15299157734300278,0.5838845858393368,0.2903542198231759,0.03118303840136919,0.30551279612228105,0.7607968476237504,0,0,0.3325773361016362,0,0,1,0,0,1
6858,0.9333333333333333,0,0.3333333333333333,0.3333333333333333,0.9912506072738506,0,0.557068979095424,0.413097686296443,0.45638002576596426,0.6505246747899691,0,0,0,0,0,0,0.39325842696629215,0.4576271186440678,0.11648290736556825,0.063006916966024,0.8697188473375568,0.20994042219728432,0.9296347488589609,0.02250164273579939,0,0,0.3769195025590363,0,1,0,0,0,0
6859,0.06666666666666667,1,0.3333333333333333,0.3333333333333333,0.2208077039060619,0,0.05474093759221372,0.40464634031841784,0.3699055039742702,1.0,0,1,0,1,0,0,0.011235955056179775,0.1864406779661017,0.29015139724795785,0.7125850711909554,0.11766627286961119,0.07287339098925516,0.03232923722788398,0.5033106882635384,0,0,0.13763202049167636,0,0,0,0,0,0
6860,0.26666666666666666,0,0.0,0.6666666666666666,0.9976547739500374,0,0.46233035223156355,0.05300064947001584,0.10782626933285777,0.8117031202031426,0,0,0,0,0,0,0.898876404494382,0.1694915254237288,0.593400228736972,0.8928597237075475,0.7086400532683164,0.39498254785263887,0.005657114110008199,0.32567493825902166,0,0,0.45242055587927876,0,0,1,0,0,0
6861,0.03333333333333333,1,0.0,0.0,0.7413152647360494,1,0.034504314157057125,0.845820847252,0.541097255508709,0.1192296481261053,1,1,0,0,0,0,0.42696629213483145,0.711864406779661,0.18199151541677383,0.9618156618750323,0.05729476954501771,0.49204147172747764,0.4871044137773149,0.047815574512565184,0,0,0.5793661141185471,0,0,0,0,1,0
6862,0.16666666666666666,0,0.0,0.0,0.6213062890650256,0,0.007163367626737489,0.09564770281891237,0.9848690434860969,0.4596303122675978,0,0,0,0,0,0,0.5393258426966292,0.2542372881355932,0.7871150338991518,0.1936678244611318,0.8205348774692802,0.9588198271534191,0.08346501197941818,0.030712300283973284,0,0,0.8197970291536397,1,0,0,0,0,1
6863,0.2,1,0.3333333333333333,0.6666666666666666,0.6486174906964721,0,0.6857927889740746,0.4072945915291445,0.6146157147211838,0.7953673094103179,0,0,0,0,0,1,0.42696629213483145,1.0,0.7953859166555672,0.1707031952614008,0.22356093980129618,0.1456942529005427,0.3177833258747257,0.9017764686385847,0,0,0.5764606144648343,1,0,1,0,0,0
6864,0.0,1,0.6666666666666666,0.3333333333333333,0.30694524492539305,0,0.6063605757787182,0.5707186387638201,0.8213096896296318,0.04968668708178688,0,1,0,0,0,0,0.4943820224719101,0.13559322033898305,0.6488886775748619,0.0013315293147983145,0.07627224553925985,0.25550492706032313,0.9180874061757935,0.602135107008717,0,0,0.0003066907675098202,0,0,1,1,0,1
6865,0.8,0,0.0,0.6666666666666666,0.24330299534843794,0,0.803598439959432,0.1657093681335171,0.7494931490697874,0.09386778858628625,0,0,0,0,0,0,0.9101123595505618,0.4915254237288136,0.5204474447508228,0.8661487826073234,0.8634966464380928,0.0023881962857544565,0.8859144164809907,0.9929835785016009,0,0,0.992562762808623,0,0,0,0,0,1
6866,0.43333333333333335,1,0.0,0.0,0.9928076175877215,0,0.3682148281208319,0.873857759974745,0.3939298355539044,0.022340490492891656,0,1,0,0,0,0,0.4157303370786517,0.05084745762711865,0.8829106564797989,0.1607214009214128,0.8501154723230337,0.3085441515064623,0.9282905030700984,0.8846663942621338,1,0,0.03559180892114692,1,1,0,0,0,0
6867,0.9,1,0.0,0.3333333333333333,0.6166721790916129,0,0.3159549581038957,0.23028772092571376,0.2976831133653992,0.04114361882946783,0,0,0,0,0,0,0.0,0.864406779661017,0.4674314895617431,0.19996500400783812,0.016923736038881105,0.9045555817688713,0.858281342432845,0.2373992050446094,0,0,0.5246561231389926,0,0,1,0,0,0
6868,0.9666666666666667,1,0.3333333333333333,0.3333333333333333,0.459566787622335,0,0.9722801892798341,0.38528247724326903,0.9533624236649233,0.20019249839070707,1,0,0,0,0,0,0.2247191011235955,0.4745762711864407,0.35118205973618716,0.5814026637364683,0.6065533867580917,0.08273521179824851,0.4460612570064184,0.4280832442242072,1,0,0.4618186570398346,0,1,0,0,0,0
6869,0.3333333333333333,0,0.0,0.3333333333333333,0.8834136155519213,1,0.6401847431285712,0.3521986527845177,0.6786900414155916,0.31984114326189506,0,0,1,0,0,0,0.39325842696629215,1.0,0.8355045271461042,0.9847798332289911,0.15331816080003385,0.33178477135396367,0.15056543822087762,0.37495262801981066,0,0,0.6632305917239791,0,0,0,0,0,0
6870,0.3333333333333333,1,0.0,0.6666666666666666,0.6266233409844733,0,0.36434408507387356,0.415578069528207,0.9112611351469719,0.7475842016344455,0,0,0,0,0,0,0.8314606741573034,0.9322033898305084,0.5277241829845539,0.32398809379440535,0.07207421663248266,0.09475964623552283,0.9638255742469827,0.6522250612866878,1,0,0.87059779513237,0,0,0,0,1,0
6871,0.6333333333333333,1,0.0,0.3333333333333333,0.8464196057058543,0,0.6409475715817943,0.8712849797876109,0.030511928678027864,0.44203534783766285,0,0,0,1,0,0,0.5280898876404494,0.5084745762711864,0.5519152843897797,0.2931958046866134,0.43662268445480196,0.4200391177526874,0.5253344019029105,0.7396663439710479,0,0,0.7559736687000778,0,0,0,0,0,1
6872,0.03333333333333333,0,0.0,1.0,0.4212054020957222,0,0.2113513244186469,0.28018910242803674,0.4214323127672084,0.08472552682594353,0,0,1,0,1,0,0.02247191011235955,0.9491525423728814,0.050891765948491825,0.7755982876529536,0.5297115302223065,0.0018797372024841853,0.04573784274294577,0.8347420113806865,0,0,0.2697433795856384,0,0,0,0,0,1
6873,0.36666666666666664,0,0.0,0.3333333333333333,0.5685732204986276,0,0.3158204852371616,0.02607078508406147,0.4762506754600164,0.20004445835050402,0,0,0,0,0,0,0.6741573033707865,0.3728813559322034,0.4168463764771231,0.6291326573418821,0.8481469859276468,0.2366448033938706,0.46125921998598873,0.5261229009730423,0,0,0.4477528269854713,0,1,0,0,0,0
6874,0.5333333333333333,1,0.0,0.0,0.9169750613562093,1,0.2868249404164406,0.2591021352596123,0.1805339906272157,0.49608940809299956,1,0,0,0,0,0,0.5280898876404494,0.9152542372881356,0.17482738972506676,0.4352157714370067,0.16356938377846256,0.932916830203253,0.6902599786227207,0.8477630245100365,0,0,0.6588221483914761,0,0,0,0,0,0
6875,0.3333333333333333,0,0.0,0.6666666666666666,0.5839330127210169,1,0.6644454828658732,0.12698354633086326,0.8064833499011842,0.8824860100244578,0,0,0,0,0,0,0.7415730337078652,0.8305084745762712,0.18842767090993354,0.41516717941848236,0.14291343935529008,0.1870162694044714,0.6346391272335071,0.3845276551851205,0,0,0.707051381261594,0,0,1,0,0,1
6876,0.3333333333333333,1,0.6666666666666666,0.6666666666666666,0.8238623177073158,1,0.8557250382748418,0.4552070477917735,0.1256491667754125,0.6995213525199646,0,0,0,0,0,0,0.8426966292134831,0.7796610169491526,0.8402138439923287,0.8430307994555802,0.7289496356164296,0.5761962231724859,0.09196664204081907,0.6560578367068466,1,0,0.5918106525319289,0,0,0,0,1,1
6877,0.5,1,0.3333333333333333,0.3333333333333333,0.8334671559563878,0,0.6521479033253414,0.26055061264725393,0.427429324614235,0.9177511672215207,0,0,0,0,1,1,0.9325842696629213,0.4576271186440678,0.4130806733421177,0.739397028479263,0.5064787568665396,0.4085451965568599,0.354800992008989,0.3350921907327289,0,1,0.21792303574600314,0,0,0,0,0,1
6878,0.9666666666666667,1,0.6666666666666666,0.3333333333333333,0.8324254881348948,1,0.6541380212556674,0.6530298024439847,0.8591400235305765,0.3446481129026899,0,0,0,0,0,0,0.8314606741573034,0.8305084745762712,0.8168989383930866,0.7159785268615324,0.7507002886899692,0.9066669982962554,0.1496979656671605,0.14120329491919642,0,0,0.14754752455929165,0,0,0,0,0,0
6879,0.03333333333333333,0,0.0,0.3333333333333333,0.9802039990058891,0,0.16037566392542352,0.32993986796258556,0.4367830892532558,0.5193092678904263,0,0,0,0,0,0,0.24719101123595505,0.1694915254237288,0.8719842309723549,0.08299752201683959,0.6450325232477081,0.7340276921632239,0.295530252088654,0.5175637276930347,1,0,0.7988457298993931,0,0,0,0,0,0
6880,0.5,1,0.3333333333333333,0.0,0.8629920956050706,0,0.029522501010967303,0.5294206165558212,0.7542524780108981,0.7226029642387901,0,0,0,0,0,1,0.9101123595505618,0.4067796610169492,0.7329226488826778,0.028942946325833215,0.0461760524209918,0.6490767661308318,0.7962382926980948,0.9093281160798593,1,0,0.8671632640132487,1,0,0,0,1,0
6881,0.7,1,0.6666666666666666,0.0,0.3050800126316323,1,0.11639086515619487,0.033152587185431445,0.4098818461763686,0.6428985486840972,1,1,0,0,0,0,0.5617977528089888,0.423728813559322,0.24253077114915636,0.08743389651198666,0.12015146809669093,0.7443793765778457,0.3511569160577564,0.4879195595285173,0,0,0.005409909621450987,1,0,0,1,1,1
6882,0.6333333333333333,1,0.3333333333333333,0.0,0.07011052826814494,0,0.2549286988941546,0.0562415955097447,0.7366745072754206,0.9193655188544231,1,0,0,0,0,0,0.38202247191011235,0.2033898305084746,0.829483545620792,0.6860303099927323,0.08540008068754122,0.6339698099803621,0.9554838946553512,0.8549184093121602,0,0,0.7161151421713619,0,0,1,0,0,1
6883,0.16666666666666666,1,0.0,0.3333333333333333,0.14044960399715176,0,0.4133689393009403,0.523993363154799,0.8456552168995868,0.44663826504360843,0,0,1,0,0,0,0.0449438202247191,0.9661016949152542,0.8734724095770776,0.22031342893022474,0.9482940899098834,0.03038811770220074,0.19081404360738705,0.22702566807663171,0,1,0.9107100151892981,0,0,0,0,0,1
6884,0.9,0,0.0,0.0,0.8234143812036563,0,0.8562287804193452,0.3790645206141948,0.6048630398646274,0.9982589871359704,0,0,0,0,0,1,0.4606741573033708,0.7457627118644068,0.6452547332070085,0.5475114863304185,0.1235763953396909,0.6968804239932642,0.1307884303298437,0.1539865299290944,1,0,0.08472665289930746,1,0,0,0,0,1
6885,0.06666666666666667,1,0.0,0.3333333333333333,0.3566005328291211,1,0.5166145319067394,0.31700538811118645,0.052210907273054684,0.16814441488000234,1,0,0,0,0,0,0.29213483146067415,0.23728813559322035,0.4659492362744383,0.07131329804152887,0.3684434334488215,0.40928580403364256,0.04291620830521849,0.9257954455383318,1,0,0.11578862934897427,0,0,0,1,1,0
6886,0.0,1,0.0,0.6666666666666666,0.017066696119771328,0,0.7808480626797913,0.34324667071570836,0.3347424473107345,0.7353584356505745,0,0,0,1,1,0,0.7191011235955056,0.6271186440677966,0.6462362145767735,0.48424132449407986,0.513129668997825,0.7379340094096395,0.0857991470345184,0.7967147164529379,1,0,0.3250282044299027,0,0,1,0,0,1
6887,0.7666666666666667,1,0.6666666666666666,0.6666666666666666,0.1600259417087332,0,0.6993859959328785,0.8160319426485552,0.836968122861883,0.09526253162235179,1,1,1,0,0,0,0.797752808988764,0.3559322033898305,0.4180433349108113,0.5787970174637143,0.6756662823329168,0.7961997879297542,0.909697616477006,0.14924366440707698,1,1,0.6642583006814343,1,0,0,1,0,1
6888,0.8666666666666667,0,1.0,0.0,0.36892491684912154,0,0.5447934401397395,0.2939732664789041,0.5527574018386736,0.4952097125851132,1,0,0,0,0,0,0.5842696629213483,0.7966101694915254,0.5932168470881927,0.6497790944261678,0.4032006123783035,0.7323376917562119,0.024888349217318192,0.4564459984602172,0,0,0.9871013012231563,0,0,0,0,0,0
6889,0.36666666666666664,0,0.0,0.6666666666666666,0.8720538032208052,0,0.8075203347875944,0.6838284591423527,0.6784154354620279,0.7736483214571164,0,0,0,0,0,0,0.6292134831460674,0.9830508474576272,0.2423808473051256,0.571510934625776,0.581445179388206,0.9546991761371671,0.9323451011532236,0.6343494590195385,0,0,0.2001542579058389,0,0,0,1,0,1
6890,0.26666666666666666,0,0.3333333333333333,0.0,0.11287718350970458,0,0.1491319734829938,0.840481420176561,0.0308481979204825,0.28915964161583474,0,0,0,1,1,0,0.1348314606741573,0.01694915254237288,0.5774253843066122,0.8259393378243151,0.3615267137884951,0.8124474148181495,0.3609322061135066,0.9107293834707626,0,0,0.8819185861124981,0,0,0,1,0,0
6891,0.9666666666666667,0,0.3333333333333333,0.6666666666666666,0.7770426160345419,0,0.3886812194672127,0.09454815232544282,0.5729078408289672,0.15259287291679097,0,1,0,0,0,1,0.5842696629213483,0.3050847457627119,0.5137951563943389,0.055552851012289,0.10733669299189118,0.393042972502097,0.16411247697207484,0.16053349697891173,0,0,0.8734139826151955,0,1,0,0,0,0
6892,0.4,0,0.0,0.6666666666666666,0.26382145058926926,0,0.9701046390403827,0.8191111579712395,0.6638137858566937,0.5144828481940243,1,0,0,0,0,0,0.5280898876404494,0.5254237288135594,0.7665216610250671,0.8779033008288678,0.9547494007631165,0.849908328256788,0.6672589823286988,0.8725763266551473,0,0,0.9570962714878318,0,0,0,0,1,0
6893,0.9333333333333333,0,0.0,0.0,0.20368097535124716,0,0.20450271701048553,0.7397992059408666,0.2872524119643532,0.37835421702032723,0,0,0,0,0,1,0.8539325842696629,0.7627118644067796,0.2727310657935376,0.36524447437683855,0.20743838059967368,0.08773932668959011,0.8382422828914606,0.7731897034277712,0,0,0.6155700178701812,0,0,0,1,0,1
6894,0.2,1,0.6666666666666666,0.3333333333333333,0.680636060625961,1,0.4656310725258535,0.43558365373448615,0.5428982807825494,0.9373828234086209,1,0,0,0,0,1,0.12359550561797752,0.6610169491525424,0.5594447740506927,0.04824166651264232,0.5896608485539665,0.13812907665741078,0.19670390747154134,0.1405923015723247,0,0,0.4543950132852285,0,0,0,1,1,1
6895,0.03333333333333333,0,0.0,0.3333333333333333,0.9651371477399916,0,0.07800570599533,0.4052907811757124,0.6553155513170744,0.5890923608296835,0,0,0,0,0,0,0.3595505617977528,0.6949152542372882,0.8698030418874639,0.2981253279561621,0.5118935959707345,0.5267372500740384,0.03988110732332705,0.02383025428293863,0,0,0.44922422695202807,1,0,0,0,0,1
6896,0.5,0,0.0,0.6666666666666666,0.11403542877302766,0,0.9388595108219886,0.13592511782904312,0.2898476556172673,0.7591240096753974,0,0,0,0,0,0,0.6966292134831461,0.7796610169491526,0.2421021456221276,0.3017331038681009,0.9208447757121636,0.9085784963994227,0.21519153750439696,0.8690489636381923,0,1,0.920508274477241,0,0,0,0,0,1
6897,0.5666666666666667,0,0.0,0.3333333333333333,0.018717152892330658,0,0.22977937571169568,0.9898408438500357,0.8119603092443887,0.29460939299794237,0,0,0,0,0,0,0.2808988764044944,0.9830508474576272,0.5799280919923323,0.7081618622364119,0.9962224699862993,0.6992014430596794,0.567119727666071,0.19724644829704793,0,0,0.503582198493238,0,0,0,0,0,1
6898,0.6,1,1.0,0.3333333333333333,0.011649896669712516,0,0.43390084233794174,0.6360961972893876,0.1255428641572084,0.720375659281363,0,1,0,0,0,0,0.14606741573033707,0.6101694915254238,0.6144353152180306,0.01504160483580231,0.7661922957585454,0.2713509166577265,0.13423496125648027,0.5175497693976375,0,0,0.37846939338633623,0,0,0,0,1,1
6899,0.4,0,0.0,0.6666666666666666,0.7317062275261516,0,0.3946858202945589,0.6578024953889771,0.7940785028969356,0.9798023136000419,0,0,0,0,0,0,0.8539325842696629,0.3050847457627119,0.8892825116823061,0.2802909772987096,0.7741812574081849,0.4777485446046584,0.3704875569029003,0.630960283862521,0,1,0.8327558195829574,0,1,0,0,1,0
