time,stage,method,config,task,repeat,outer_fold,seed,inner_score,outer_macro_f1,outer_balanced_acc,seconds,exploratory,note
2026-10-05 22:51:13,A,A_resnet50_logreg,"{""grid"": {""C"": 0.1}, ""agg"": ""median""}",T3,0,0,0,0.5046,0.49,0.5024,23.9,False,
2026-10-05 22:51:13,A,A_resnet50_logreg,"{""grid"": {""C"": 0.001}, ""agg"": ""top8""}",T3,0,1,1,0.5426,0.4422,0.4548,23.8,False,
2026-10-05 22:51:13,A,A_resnet50_logreg,"{""grid"": {""C"": 1.0}, ""agg"": ""median""}",T3,0,2,2,0.504,0.4881,0.4933,24.1,False,
2026-10-05 22:51:13,A,A_resnet50_logreg,"{""grid"": {""C"": 0.001}, ""agg"": ""trimmed""}",T3,0,3,3,0.5477,0.5183,0.5614,22.8,False,
2026-10-05 22:51:13,A,A_resnet50_logreg,"{""grid"": {""C"": 0.1}, ""agg"": ""logmean""}",T3,0,4,4,0.5285,0.6098,0.6389,25.0,False,
2026-10-05 22:51:13,A,A_resnet50_logreg,"{""grid"": {""C"": 0.1}, ""agg"": ""median""}",T3,1,0,1000,0.5425,0.4101,0.4381,24.3,False,
2026-10-05 22:51:13,A,A_resnet50_logreg,"{""grid"": {""C"": 0.001}, ""agg"": ""mean""}",T3,1,1,1001,0.5191,0.519,0.5359,23.4,False,
2026-10-05 22:51:13,A,A_resnet50_logreg,"{""grid"": {""C"": 0.01}, ""agg"": ""mean""}",T3,1,2,1002,0.559,0.497,0.5095,23.8,False,
2026-10-05 22:51:13,A,A_resnet50_logreg,"{""grid"": {""C"": 0.1}, ""agg"": ""trimmed""}",T3,1,3,1003,0.541,0.5503,0.5817,24.2,False,
2026-10-05 22:51:13,A,A_resnet50_logreg,"{""grid"": {""C"": 0.001}, ""agg"": ""top8""}",T3,1,4,1004,0.5578,0.486,0.5111,23.7,False,
2026-10-05 22:51:13,A,A_resnet50_logreg,"{""grid"": {""C"": 0.001}, ""agg"": ""trimmed""}",T3,2,0,2000,0.5637,0.3645,0.3596,14.0,False,
2026-10-05 22:51:13,A,A_resnet50_logreg,"{""grid"": {""C"": 0.001}, ""agg"": ""median""}",T3,2,1,2001,0.5037,0.4795,0.5026,13.4,False,
2026-10-05 22:51:13,A,A_resnet50_logreg,"{""grid"": {""C"": 0.001}, ""agg"": ""mean""}",T3,2,2,2002,0.4604,0.5601,0.581,12.8,False,
2026-10-05 22:51:13,A,A_resnet50_logreg,"{""grid"": {""C"": 0.1}, ""agg"": ""top8""}",T3,2,3,2003,0.5659,0.4229,0.4389,12.9,False,
2026-10-05 22:51:13,A,A_resnet50_logreg,"{""grid"": {""C"": 0.001}, ""agg"": ""learned""}",T3,2,4,2004,0.4982,0.5348,0.5952,11.3,False,
2026-10-05 22:51:18,A,A_resnet50_linsvm,"{""grid"": {""C"": 0.001}, ""agg"": ""median""}",T3,0,0,0,0.4815,0.5056,0.519,52.5,False,
2026-10-05 22:51:18,A,A_resnet50_linsvm,"{""grid"": {""C"": 0.001}, ""agg"": ""mean""}",T3,0,1,1,0.5522,0.5071,0.4706,53.0,False,
2026-10-05 22:51:18,A,A_resnet50_linsvm,"{""grid"": {""C"": 0.01}, ""agg"": ""logmean""}",T3,0,2,2,0.5109,0.4932,0.4994,53.5,False,
2026-10-05 22:51:18,A,A_resnet50_linsvm,"{""grid"": {""C"": 0.001}, ""agg"": ""top8""}",T3,0,3,3,0.5726,0.5111,0.5123,53.5,False,
2026-10-05 22:51:18,A,A_resnet50_linsvm,"{""grid"": {""C"": 0.001}, ""agg"": ""mean""}",T3,0,4,4,0.5365,0.5952,0.6095,52.8,False,
2026-10-05 22:51:18,A,A_resnet50_linsvm,"{""grid"": {""C"": 0.0001}, ""agg"": ""median""}",T3,1,0,1000,0.5568,0.4944,0.5175,51.9,False,
2026-10-05 22:51:18,A,A_resnet50_linsvm,"{""grid"": {""C"": 0.0001}, ""agg"": ""mean""}",T3,1,1,1001,0.5116,0.6032,0.6038,52.3,False,
2026-10-05 22:51:18,A,A_resnet50_linsvm,"{""grid"": {""C"": 0.01}, ""agg"": ""mean""}",T3,1,2,1002,0.5277,0.4162,0.4151,53.5,False,
2026-10-05 22:51:18,A,A_resnet50_linsvm,"{""grid"": {""C"": 0.0001}, ""agg"": ""median""}",T3,1,3,1003,0.5232,0.5086,0.5262,51.4,False,
2026-10-05 22:51:18,A,A_resnet50_linsvm,"{""grid"": {""C"": 0.0001}, ""agg"": ""top8""}",T3,1,4,1004,0.5732,0.4443,0.4556,51.4,False,
2026-10-05 22:51:18,A,A_resnet50_linsvm,"{""grid"": {""C"": 0.001}, ""agg"": ""median""}",T3,2,0,2000,0.5844,0.3933,0.3947,26.8,False,
2026-10-05 22:51:18,A,A_resnet50_linsvm,"{""grid"": {""C"": 0.0001}, ""agg"": ""mean""}",T3,2,1,2001,0.4981,0.556,0.5838,26.6,False,
2026-10-05 22:51:18,A,A_resnet50_linsvm,"{""grid"": {""C"": 0.0001}, ""agg"": ""median""}",T3,2,2,2002,0.4852,0.5585,0.5659,26.7,False,
2026-10-05 22:51:18,A,A_resnet50_linsvm,"{""grid"": {""C"": 0.0001}, ""agg"": ""trimmed""}",T3,2,3,2003,0.5481,0.5441,0.5556,25.3,False,
2026-10-05 22:51:18,A,A_resnet50_linsvm,"{""grid"": {""C"": 0.0001}, ""agg"": ""learned""}",T3,2,4,2004,0.5195,0.5159,0.5556,25.7,False,
2026-10-05 22:51:24,A,A_resnet50_ridge,"{""grid"": {""alpha"": 1000.0}, ""agg"": ""median""}",T3,0,0,0,0.5033,0.4788,0.4952,18.5,False,
2026-10-05 22:51:24,A,A_resnet50_ridge,"{""grid"": {""alpha"": 10.0}, ""agg"": ""mean""}",T3,0,1,1,0.5505,0.4278,0.423,18.3,False,
2026-10-05 22:51:24,A,A_resnet50_ridge,"{""grid"": {""alpha"": 10.0}, ""agg"": ""top8""}",T3,0,2,2,0.4848,0.5435,0.5446,18.3,False,
2026-10-05 22:51:24,A,A_resnet50_ridge,"{""grid"": {""alpha"": 1000.0}, ""agg"": ""top8""}",T3,0,3,3,0.5715,0.5151,0.5614,18.4,False,
2026-10-05 22:51:24,A,A_resnet50_ridge,"{""grid"": {""alpha"": 10.0}, ""agg"": ""median""}",T3,0,4,4,0.5331,0.6444,0.6722,18.4,False,
2026-10-05 22:51:24,A,A_resnet50_ridge,"{""grid"": {""alpha"": 1000.0}, ""agg"": ""median""}",T3,1,0,1000,0.5449,0.4148,0.4698,18.4,False,
2026-10-05 22:51:24,A,A_resnet50_ridge,"{""grid"": {""alpha"": 10.0}, ""agg"": ""top8""}",T3,1,1,1001,0.527,0.5429,0.5748,18.8,False,
2026-10-05 22:51:24,A,A_resnet50_ridge,"{""grid"": {""alpha"": 100.0}, ""agg"": ""mean""}",T3,1,2,1002,0.537,0.458,0.4635,18.9,False,
2026-10-05 22:51:24,A,A_resnet50_ridge,"{""grid"": {""alpha"": 10.0}, ""agg"": ""median""}",T3,1,3,1003,0.5189,0.5171,0.5579,18.8,False,
2026-10-05 22:51:24,A,A_resnet50_ridge,"{""grid"": {""alpha"": 10.0}, ""agg"": ""top8""}",T3,1,4,1004,0.5433,0.4842,0.5111,18.9,False,
2026-10-05 22:51:24,A,A_resnet50_ridge,"{""grid"": {""alpha"": 10.0}, ""agg"": ""mean""}",T3,2,0,2000,0.5449,0.3313,0.3358,10.6,False,
2026-10-05 22:51:24,A,A_resnet50_ridge,"{""grid"": {""alpha"": 10.0}, ""agg"": ""mean""}",T3,2,1,2001,0.4796,0.4637,0.5158,10.7,False,
2026-10-05 22:51:24,A,A_resnet50_ridge,"{""grid"": {""alpha"": 10.0}, ""agg"": ""top8""}",T3,2,2,2002,0.4614,0.5568,0.5738,10.2,False,
2026-10-05 22:51:24,A,A_resnet50_ridge,"{""grid"": {""alpha"": 10.0}, ""agg"": ""top8""}",T3,2,3,2003,0.5392,0.505,0.5278,9.9,False,
2026-10-05 22:51:24,A,A_resnet50_ridge,"{""grid"": {""alpha"": 10.0}, ""agg"": ""learned""}",T3,2,4,2004,0.4668,0.6046,0.6825,9.5,False,
2026-10-05 22:51:29,A,A_resnet50_lgbm,"{""grid"": {""num_leaves"": 15}, ""agg"": ""median""}",T3,0,0,0,0.5049,0.5281,0.5262,139.6,False,
2026-10-05 22:51:29,A,A_resnet50_lgbm,"{""grid"": {""num_leaves"": 7}, ""agg"": ""top8""}",T3,0,1,1,0.5148,0.6534,0.6389,125.3,False,
2026-10-05 22:51:29,A,A_resnet50_lgbm,"{""grid"": {""num_leaves"": 15}, ""agg"": ""median""}",T3,0,2,2,0.512,0.422,0.4432,142.2,False,
2026-10-05 22:51:29,A,A_resnet50_lgbm,"{""grid"": {""num_leaves"": 15}, ""agg"": ""median""}",T3,0,3,3,0.5195,0.4615,0.4678,140.2,False,
2026-10-05 22:51:29,A,A_resnet50_lgbm,"{""grid"": {""num_leaves"": 7}, ""agg"": ""top8""}",T3,0,4,4,0.518,0.5357,0.5524,129.0,False,
2026-10-05 22:51:29,A,A_resnet50_lgbm,"{""grid"": {""num_leaves"": 7}, ""agg"": ""trimmed""}",T3,1,0,1000,0.5427,0.5091,0.4873,125.3,False,
2026-10-05 22:51:29,A,A_resnet50_lgbm,"{""grid"": {""num_leaves"": 7}, ""agg"": ""logmean""}",T3,1,1,1001,0.4945,0.6117,0.6038,126.6,False,
2026-10-05 22:51:29,A,A_resnet50_lgbm,"{""grid"": {""num_leaves"": 7}, ""agg"": ""top8""}",T3,1,2,1002,0.538,0.5556,0.5516,126.5,False,
2026-10-05 22:51:29,A,A_resnet50_lgbm,"{""grid"": {""num_leaves"": 7}, ""agg"": ""logmean""}",T3,1,3,1003,0.5302,0.5481,0.5571,126.2,False,
2026-10-05 22:51:29,A,A_resnet50_lgbm,"{""grid"": {""num_leaves"": 7}, ""agg"": ""trimmed""}",T3,1,4,1004,0.5261,0.5159,0.5167,125.4,False,
2026-10-05 22:51:29,A,A_resnet50_lgbm,"{""grid"": {""num_leaves"": 7}, ""agg"": ""trimmed""}",T3,2,0,2000,0.5658,0.3296,0.3296,60.0,False,
2026-10-05 22:51:29,A,A_resnet50_lgbm,"{""grid"": {""num_leaves"": 7}, ""agg"": ""median""}",T3,2,1,2001,0.5165,0.5369,0.5449,59.0,False,
2026-10-05 22:51:29,A,A_resnet50_lgbm,"{""grid"": {""num_leaves"": 7}, ""agg"": ""learned""}",T3,2,2,2002,0.479,0.4891,0.6048,59.1,False,
2026-10-05 22:51:29,A,A_resnet50_lgbm,"{""grid"": {""num_leaves"": 7}, ""agg"": ""logmean""}",T3,2,3,2003,0.5071,0.548,0.5556,59.4,False,
2026-10-05 22:51:29,A,A_resnet50_lgbm,"{""grid"": {""num_leaves"": 7}, ""agg"": ""learned""}",T3,2,4,2004,0.5447,0.5032,0.5238,58.7,False,
2026-10-05 22:51:34,A,A_resnet50_mlp,"{""grid"": {""alpha"": 0.1}, ""agg"": ""median""}",T3,0,0,0,0.5379,0.5281,0.5262,87.7,False,
2026-10-05 22:51:34,A,A_resnet50_mlp,"{""grid"": {""alpha"": 0.1}, ""agg"": ""learned""}",T3,0,1,1,0.5016,0.4791,0.5024,87.5,False,
2026-10-05 22:51:34,A,A_resnet50_mlp,"{""grid"": {""alpha"": 1.0}, ""agg"": ""mean""}",T3,0,2,2,0.5329,0.3797,0.398,86.6,False,
2026-10-05 22:51:34,A,A_resnet50_mlp,"{""grid"": {""alpha"": 1.0}, ""agg"": ""trimmed""}",T3,0,3,3,0.5501,0.4679,0.4678,77.6,False,
2026-10-05 22:51:34,A,A_resnet50_mlp,"{""grid"": {""alpha"": 1.0}, ""agg"": ""learned""}",T3,0,4,4,0.4993,0.5171,0.5992,82.7,False,
2026-10-05 22:51:34,A,A_resnet50_mlp,"{""grid"": {""alpha"": 1.0}, ""agg"": ""median""}",T3,1,0,1000,0.5452,0.4341,0.4325,90.3,False,
2026-10-05 22:51:34,A,A_resnet50_mlp,"{""grid"": {""alpha"": 1.0}, ""agg"": ""learned""}",T3,1,1,1001,0.4825,0.5566,0.6137,90.0,False,
2026-10-05 22:51:34,A,A_resnet50_mlp,"{""grid"": {""alpha"": 0.1}, ""agg"": ""mean""}",T3,1,2,1002,0.534,0.3362,0.3524,88.9,False,
2026-10-05 22:51:34,A,A_resnet50_mlp,"{""grid"": {""alpha"": 1.0}, ""agg"": ""median""}",T3,1,3,1003,0.558,0.575,0.5587,84.4,False,
2026-10-05 22:51:34,A,A_resnet50_mlp,"{""grid"": {""alpha"": 1.0}, ""agg"": ""top8""}",T3,1,4,1004,0.5137,0.3605,0.3778,84.6,False,
2026-10-05 22:51:34,A,A_resnet50_mlp,"{""grid"": {""alpha"": 1.0}, ""agg"": ""logmean""}",T3,2,0,2000,0.5423,0.3434,0.3471,39.2,False,
2026-10-05 22:51:34,A,A_resnet50_mlp,"{""grid"": {""alpha"": 0.1}, ""agg"": ""top8""}",T3,2,1,2001,0.4807,0.5259,0.515,40.6,False,
2026-10-05 22:51:35,A,A_resnet50_mlp,"{""grid"": {""alpha"": 1.0}, ""agg"": ""learned""}",T3,2,2,2002,0.4914,0.5262,0.5968,40.0,False,
2026-10-05 22:51:35,A,A_resnet50_mlp,"{""grid"": {""alpha"": 0.1}, ""agg"": ""learned""}",T3,2,3,2003,0.5415,0.5549,0.6167,38.0,False,
2026-10-05 22:51:35,A,A_resnet50_mlp,"{""grid"": {""alpha"": 1.0}, ""agg"": ""learned""}",T3,2,4,2004,0.4788,0.5125,0.5317,36.1,False,
2026-10-05 22:54:06,baseline,B_ft_resnet18,"{""image_size"": 224, ""batch_size"": 64, ""epochs"": 25, ""lr"": 0.0003, ""backbone_lr_mult"": 0.1, ""weight_decay"": 0.0001, ""dropout"": 0.2, ""freeze_epochs"": 3, ""warmup_epochs"": 1, ""aug_strength"": 1.0, ""patience"": 6, ""arch"": ""resnet18"", ""train_patient_mF1"": 0.5126, ""innerval_patient_mF1"": 0.4379, ""best_epoch"": 2}",T3,0,0,0,0.4379,0.4669,0.5119,126.8,False,
2026-10-05 22:55:27,baseline,B_ft_resnet18,"{""image_size"": 224, ""batch_size"": 64, ""epochs"": 25, ""lr"": 0.0003, ""backbone_lr_mult"": 0.1, ""weight_decay"": 0.0001, ""dropout"": 0.2, ""freeze_epochs"": 3, ""warmup_epochs"": 1, ""aug_strength"": 1.0, ""patience"": 6, ""arch"": ""resnet18"", ""train_patient_mF1"": 0.413, ""innerval_patient_mF1"": 0.3645, ""best_epoch"": 1}",T3,0,1,1,0.3645,0.4048,0.4921,80.8,False,
2026-10-05 22:57:05,baseline,B_ft_resnet18,"{""image_size"": 224, ""batch_size"": 64, ""epochs"": 25, ""lr"": 0.0003, ""backbone_lr_mult"": 0.1, ""weight_decay"": 0.0001, ""dropout"": 0.2, ""freeze_epochs"": 3, ""warmup_epochs"": 1, ""aug_strength"": 1.0, ""patience"": 6, ""arch"": ""resnet18"", ""train_patient_mF1"": 0.6249, ""innerval_patient_mF1"": 0.6337, ""best_epoch"": 4}",T3,0,2,2,0.6337,0.4976,0.5171,98.0,False,
2026-10-05 22:57:41,A,A_efficientnet_b0_logreg,"{""grid"": {""C"": 0.01}, ""agg"": ""trimmed""}",T3,0,0,0,0.5423,0.4264,0.4302,31.3,False,
2026-10-05 22:57:41,A,A_efficientnet_b0_logreg,"{""grid"": {""C"": 0.001}, ""agg"": ""learned""}",T3,0,1,1,0.5454,0.4458,0.5254,32.5,False,
2026-10-05 22:57:41,A,A_efficientnet_b0_logreg,"{""grid"": {""C"": 0.001}, ""agg"": ""mean""}",T3,0,2,2,0.5141,0.4874,0.5073,31.9,False,
2026-10-05 22:57:41,A,A_efficientnet_b0_logreg,"{""grid"": {""C"": 0.001}, ""agg"": ""learned""}",T3,0,3,3,0.5212,0.4659,0.555,30.9,False,
2026-10-05 22:57:41,A,A_efficientnet_b0_logreg,"{""grid"": {""C"": 0.001}, ""agg"": ""logmean""}",T3,0,4,4,0.5023,0.5433,0.5595,33.6,False,
2026-10-05 22:57:41,A,A_efficientnet_b0_logreg,"{""grid"": {""C"": 0.001}, ""agg"": ""median""}",T3,1,0,1000,0.5733,0.498,0.5167,31.5,False,
2026-10-05 22:57:41,A,A_efficientnet_b0_logreg,"{""grid"": {""C"": 0.01}, ""agg"": ""learned""}",T3,1,1,1001,0.5013,0.5252,0.5372,30.5,False,
2026-10-05 22:57:41,A,A_efficientnet_b0_logreg,"{""grid"": {""C"": 0.001}, ""agg"": ""mean""}",T3,1,2,1002,0.5286,0.4467,0.4714,30.3,False,
2026-10-05 22:57:41,A,A_efficientnet_b0_logreg,"{""grid"": {""C"": 0.01}, ""agg"": ""median""}",T3,1,3,1003,0.5234,0.5704,0.6056,31.4,False,
2026-10-05 22:57:41,A,A_efficientnet_b0_logreg,"{""grid"": {""C"": 1.0}, ""agg"": ""median""}",T3,1,4,1004,0.5425,0.3729,0.3833,35.8,False,
2026-10-05 22:57:41,A,A_efficientnet_b0_logreg,"{""grid"": {""C"": 0.1}, ""agg"": ""top8""}",T3,2,0,2000,0.5107,0.3878,0.3835,19.3,False,
2026-10-05 22:57:41,A,A_efficientnet_b0_logreg,"{""grid"": {""C"": 0.001}, ""agg"": ""learned""}",T3,2,1,2001,0.5274,0.4812,0.5325,16.4,False,
2026-10-05 22:57:41,A,A_efficientnet_b0_logreg,"{""grid"": {""C"": 0.001}, ""agg"": ""learned""}",T3,2,2,2002,0.5234,0.4493,0.5008,16.7,False,
2026-10-05 22:57:41,A,A_efficientnet_b0_logreg,"{""grid"": {""C"": 0.001}, ""agg"": ""trimmed""}",T3,2,3,2003,0.5452,0.584,0.6444,16.4,False,
2026-10-05 22:57:41,A,A_efficientnet_b0_logreg,"{""grid"": {""C"": 0.01}, ""agg"": ""learned""}",T3,2,4,2004,0.5302,0.5032,0.5238,16.9,False,
2026-10-05 22:57:46,A,A_efficientnet_b0_linsvm,"{""grid"": {""C"": 0.001}, ""agg"": ""trimmed""}",T3,0,0,0,0.5345,0.4438,0.4468,52.4,False,
2026-10-05 22:57:46,A,A_efficientnet_b0_linsvm,"{""grid"": {""C"": 0.0001}, ""agg"": ""learned""}",T3,0,1,1,0.5483,0.4458,0.5254,50.4,False,
2026-10-05 22:57:46,A,A_efficientnet_b0_linsvm,"{""grid"": {""C"": 0.001}, ""agg"": ""trimmed""}",T3,0,2,2,0.5135,0.6159,0.6361,52.7,False,
2026-10-05 22:57:46,A,A_efficientnet_b0_linsvm,"{""grid"": {""C"": 0.001}, ""agg"": ""learned""}",T3,0,3,3,0.5343,0.5009,0.5567,52.7,False,
2026-10-05 22:57:46,A,A_efficientnet_b0_linsvm,"{""grid"": {""C"": 0.001}, ""agg"": ""trimmed""}",T3,0,4,4,0.4822,0.5368,0.5524,53.0,False,
2026-10-05 22:57:46,A,A_efficientnet_b0_linsvm,"{""grid"": {""C"": 0.001}, ""agg"": ""logmean""}",T3,1,0,1000,0.5683,0.4779,0.4778,53.0,False,
2026-10-05 22:57:46,A,A_efficientnet_b0_linsvm,"{""grid"": {""C"": 0.0001}, ""agg"": ""learned""}",T3,1,1,1001,0.5194,0.4159,0.4214,51.9,False,
2026-10-05 22:57:46,A,A_efficientnet_b0_linsvm,"{""grid"": {""C"": 0.0001}, ""agg"": ""mean""}",T3,1,2,1002,0.5216,0.4733,0.4952,51.2,False,
2026-10-05 22:57:46,A,A_efficientnet_b0_linsvm,"{""grid"": {""C"": 0.001}, ""agg"": ""trimmed""}",T3,1,3,1003,0.5041,0.5183,0.5579,52.4,False,
2026-10-05 22:57:46,A,A_efficientnet_b0_linsvm,"{""grid"": {""C"": 0.01}, ""agg"": ""median""}",T3,1,4,1004,0.5394,0.3615,0.3778,54.7,False,
2026-10-05 22:57:46,A,A_efficientnet_b0_linsvm,"{""grid"": {""C"": 0.0001}, ""agg"": ""learned""}",T3,2,0,2000,0.5198,0.5125,0.5501,25.1,False,
2026-10-05 22:57:46,A,A_efficientnet_b0_linsvm,"{""grid"": {""C"": 0.0001}, ""agg"": ""trimmed""}",T3,2,1,2001,0.5268,0.4388,0.447,25.2,False,
2026-10-05 22:57:46,A,A_efficientnet_b0_linsvm,"{""grid"": {""C"": 0.0001}, ""agg"": ""learned""}",T3,2,2,2002,0.5295,0.4493,0.5008,25.7,False,
2026-10-05 22:57:46,A,A_efficientnet_b0_linsvm,"{""grid"": {""C"": 0.0001}, ""agg"": ""trimmed""}",T3,2,3,2003,0.5164,0.611,0.6667,26.3,False,
2026-10-05 22:57:46,A,A_efficientnet_b0_linsvm,"{""grid"": {""C"": 0.001}, ""agg"": ""learned""}",T3,2,4,2004,0.5108,0.4334,0.4524,26.9,False,
2026-10-05 22:57:51,A,A_efficientnet_b0_ridge,"{""grid"": {""alpha"": 10.0}, ""agg"": ""trimmed""}",T3,0,0,0,0.5151,0.414,0.423,19.2,False,
2026-10-05 22:57:51,A,A_efficientnet_b0_ridge,"{""grid"": {""alpha"": 100.0}, ""agg"": ""top8""}",T3,0,1,1,0.5042,0.4426,0.4619,19.4,False,
2026-10-05 22:57:51,A,A_efficientnet_b0_ridge,"{""grid"": {""alpha"": 10.0}, ""agg"": ""mean""}",T3,0,2,2,0.4676,0.5476,0.6245,19.6,False,
2026-10-05 22:57:51,A,A_efficientnet_b0_ridge,"{""grid"": {""alpha"": 1000.0}, ""agg"": ""learned""}",T3,0,3,3,0.5371,0.5638,0.6345,19.4,False,
2026-10-05 22:57:51,A,A_efficientnet_b0_ridge,"{""grid"": {""alpha"": 1000.0}, ""agg"": ""median""}",T3,0,4,4,0.4915,0.5508,0.5913,21.5,False,
2026-10-05 22:57:51,A,A_efficientnet_b0_ridge,"{""grid"": {""alpha"": 10.0}, ""agg"": ""top8""}",T3,1,0,1000,0.5837,0.4008,0.3984,19.5,False,
2026-10-05 22:57:51,A,A_efficientnet_b0_ridge,"{""grid"": {""alpha"": 10.0}, ""agg"": ""learned""}",T3,1,1,1001,0.5384,0.4642,0.4859,19.5,False,
2026-10-05 22:57:51,A,A_efficientnet_b0_ridge,"{""grid"": {""alpha"": 1000.0}, ""agg"": ""logmean""}",T3,1,2,1002,0.5054,0.4772,0.527,20.0,False,
2026-10-05 22:57:51,A,A_efficientnet_b0_ridge,"{""grid"": {""alpha"": 10.0}, ""agg"": ""top8""}",T3,1,3,1003,0.5139,0.4996,0.5508,19.3,False,
2026-10-05 22:57:51,A,A_efficientnet_b0_ridge,"{""grid"": {""alpha"": 10.0}, ""agg"": ""trimmed""}",T3,1,4,1004,0.4878,0.5301,0.5444,22.2,False,
2026-10-05 22:57:51,A,A_efficientnet_b0_ridge,"{""grid"": {""alpha"": 100.0}, ""agg"": ""top8""}",T3,2,0,2000,0.518,0.4034,0.401,10.2,False,
2026-10-05 22:57:51,A,A_efficientnet_b0_ridge,"{""grid"": {""alpha"": 1000.0}, ""agg"": ""median""}",T3,2,1,2001,0.4936,0.454,0.4637,10.3,False,
2026-10-05 22:57:51,A,A_efficientnet_b0_ridge,"{""grid"": {""alpha"": 1000.0}, ""agg"": ""learned""}",T3,2,2,2002,0.5293,0.479,0.5246,10.4,False,
2026-10-05 22:57:51,A,A_efficientnet_b0_ridge,"{""grid"": {""alpha"": 1000.0}, ""agg"": ""mean""}",T3,2,3,2003,0.539,0.5422,0.5778,10.0,False,
2026-10-05 22:57:51,A,A_efficientnet_b0_ridge,"{""grid"": {""alpha"": 1000.0}, ""agg"": ""mean""}",T3,2,4,2004,0.4748,0.496,0.5,10.3,False,
2026-10-05 22:57:56,A,A_efficientnet_b0_lgbm,"{""grid"": {""num_leaves"": 7}, ""agg"": ""top8""}",T3,0,0,0,0.516,0.3966,0.4063,126.0,False,
2026-10-05 22:57:56,A,A_efficientnet_b0_lgbm,"{""grid"": {""num_leaves"": 7}, ""agg"": ""learned""}",T3,0,1,1,0.478,0.3923,0.431,126.8,False,
2026-10-05 22:57:56,A,A_efficientnet_b0_lgbm,"{""grid"": {""num_leaves"": 7}, ""agg"": ""trimmed""}",T3,0,2,2,0.4901,0.53,0.5427,127.8,False,
2026-10-05 22:57:56,A,A_efficientnet_b0_lgbm,"{""grid"": {""num_leaves"": 7}, ""agg"": ""learned""}",T3,0,3,3,0.511,0.531,0.5994,127.2,False,
2026-10-05 22:57:56,A,A_efficientnet_b0_lgbm,"{""grid"": {""num_leaves"": 7}, ""agg"": ""learned""}",T3,0,4,4,0.4748,0.5497,0.623,127.4,False,
2026-10-05 22:57:56,A,A_efficientnet_b0_lgbm,"{""grid"": {""num_leaves"": 15}, ""agg"": ""median""}",T3,1,0,1000,0.5146,0.4107,0.4476,139.6,False,
2026-10-05 22:57:56,A,A_efficientnet_b0_lgbm,"{""grid"": {""num_leaves"": 7}, ""agg"": ""learned""}",T3,1,1,1001,0.5128,0.5519,0.6214,126.4,False,
2026-10-05 22:57:56,A,A_efficientnet_b0_lgbm,"{""grid"": {""num_leaves"": 7}, ""agg"": ""top8""}",T3,1,2,1002,0.5079,0.5167,0.5357,126.4,False,
2026-10-05 22:57:56,A,A_efficientnet_b0_lgbm,"{""grid"": {""num_leaves"": 7}, ""agg"": ""top8""}",T3,1,3,1003,0.4931,0.4506,0.4786,127.9,False,
2026-10-05 22:57:56,A,A_efficientnet_b0_lgbm,"{""grid"": {""num_leaves"": 7}, ""agg"": ""learned""}",T3,1,4,1004,0.4899,0.4442,0.5167,129.7,False,
2026-10-05 22:57:56,A,A_efficientnet_b0_lgbm,"{""grid"": {""num_leaves"": 7}, ""agg"": ""learned""}",T3,2,0,2000,0.5168,0.5058,0.5263,59.5,False,
2026-10-05 22:57:56,A,A_efficientnet_b0_lgbm,"{""grid"": {""num_leaves"": 7}, ""agg"": ""learned""}",T3,2,1,2001,0.517,0.439,0.5068,58.9,False,
2026-10-05 22:57:56,A,A_efficientnet_b0_lgbm,"{""grid"": {""num_leaves"": 7}, ""agg"": ""learned""}",T3,2,2,2002,0.5318,0.4516,0.5008,58.9,False,
2026-10-05 22:57:56,A,A_efficientnet_b0_lgbm,"{""grid"": {""num_leaves"": 7}, ""agg"": ""median""}",T3,2,3,2003,0.4996,0.5242,0.5333,59.3,False,
2026-10-05 22:57:56,A,A_efficientnet_b0_lgbm,"{""grid"": {""num_leaves"": 15}, ""agg"": ""learned""}",T3,2,4,2004,0.4829,0.5124,0.5873,65.8,False,
2026-10-05 22:58:01,A,A_efficientnet_b0_mlp,"{""grid"": {""alpha"": 1.0}, ""agg"": ""learned""}",T3,0,0,0,0.5168,0.4088,0.4698,85.9,False,
2026-10-05 22:58:01,A,A_efficientnet_b0_mlp,"{""grid"": {""alpha"": 0.1}, ""agg"": ""learned""}",T3,0,1,1,0.5347,0.4175,0.5087,89.8,False,
2026-10-05 22:58:01,A,A_efficientnet_b0_mlp,"{""grid"": {""alpha"": 0.1}, ""agg"": ""mean""}",T3,0,2,2,0.5313,0.4362,0.4554,86.2,False,
2026-10-05 22:58:01,A,A_efficientnet_b0_mlp,"{""grid"": {""alpha"": 0.1}, ""agg"": ""learned""}",T3,0,3,3,0.507,0.5037,0.5485,86.5,False,
2026-10-05 22:58:01,A,A_efficientnet_b0_mlp,"{""grid"": {""alpha"": 0.1}, ""agg"": ""learned""}",T3,0,4,4,0.4777,0.5356,0.6159,82.4,False,
2026-10-05 22:58:01,A,A_efficientnet_b0_mlp,"{""grid"": {""alpha"": 1.0}, ""agg"": ""median""}",T3,1,0,1000,0.5293,0.4581,0.4397,83.4,False,
2026-10-05 22:58:01,A,A_efficientnet_b0_mlp,"{""grid"": {""alpha"": 0.1}, ""agg"": ""learned""}",T3,1,1,1001,0.4852,0.573,0.6017,90.6,False,
2026-10-05 22:58:01,A,A_efficientnet_b0_mlp,"{""grid"": {""alpha"": 0.1}, ""agg"": ""learned""}",T3,1,2,1002,0.4724,0.5147,0.5992,86.1,False,
2026-10-05 22:58:01,A,A_efficientnet_b0_mlp,"{""grid"": {""alpha"": 0.1}, ""agg"": ""learned""}",T3,1,3,1003,0.4909,0.506,0.6214,85.4,False,
2026-10-05 22:58:01,A,A_efficientnet_b0_mlp,"{""grid"": {""alpha"": 1.0}, ""agg"": ""top8""}",T3,1,4,1004,0.5289,0.3693,0.3944,78.7,False,
2026-10-05 22:58:01,A,A_efficientnet_b0_mlp,"{""grid"": {""alpha"": 0.1}, ""agg"": ""learned""}",T3,2,0,2000,0.4876,0.6174,0.6692,37.7,False,
2026-10-05 22:58:01,A,A_efficientnet_b0_mlp,"{""grid"": {""alpha"": 0.1}, ""agg"": ""learned""}",T3,2,1,2001,0.5317,0.5129,0.5581,36.7,False,
2026-10-05 22:58:01,A,A_efficientnet_b0_mlp,"{""grid"": {""alpha"": 0.1}, ""agg"": ""learned""}",T3,2,2,2002,0.5618,0.4667,0.5175,36.7,False,
2026-10-05 22:58:01,A,A_efficientnet_b0_mlp,"{""grid"": {""alpha"": 0.1}, ""agg"": ""mean""}",T3,2,3,2003,0.4558,0.4984,0.5,38.0,False,
2026-10-05 22:58:01,A,A_efficientnet_b0_mlp,"{""grid"": {""alpha"": 1.0}, ""agg"": ""learned""}",T3,2,4,2004,0.5238,0.5806,0.627,35.9,False,
2026-10-05 22:58:48,baseline,B_ft_resnet18,"{""image_size"": 224, ""batch_size"": 64, ""epochs"": 25, ""lr"": 0.0003, ""backbone_lr_mult"": 0.1, ""weight_decay"": 0.0001, ""dropout"": 0.2, ""freeze_epochs"": 3, ""warmup_epochs"": 1, ""aug_strength"": 1.0, ""patience"": 6, ""arch"": ""resnet18"", ""train_patient_mF1"": 0.5844, ""innerval_patient_mF1"": 0.5862, ""best_epoch"": 4}",T3,0,3,3,0.5862,0.4838,0.5392,102.6,False,
2026-10-05 23:01:19,baseline,B_ft_resnet18,"{""image_size"": 224, ""batch_size"": 64, ""epochs"": 25, ""lr"": 0.0003, ""backbone_lr_mult"": 0.1, ""weight_decay"": 0.0001, ""dropout"": 0.2, ""freeze_epochs"": 3, ""warmup_epochs"": 1, ""aug_strength"": 1.0, ""patience"": 6, ""arch"": ""resnet18"", ""train_patient_mF1"": 0.8484, ""innerval_patient_mF1"": 0.5278, ""best_epoch"": 5}",T3,0,4,4,0.5278,0.5343,0.5373,150.5,False,
2026-10-05 23:02:57,baseline,B_ft_resnet18,"{""image_size"": 224, ""batch_size"": 64, ""epochs"": 25, ""lr"": 0.0003, ""backbone_lr_mult"": 0.1, ""weight_decay"": 0.0001, ""dropout"": 0.2, ""freeze_epochs"": 3, ""warmup_epochs"": 1, ""aug_strength"": 1.0, ""patience"": 6, ""arch"": ""resnet18"", ""train_patient_mF1"": 0.5108, ""innerval_patient_mF1"": 0.4575, ""best_epoch"": 3}",T3,1,0,1000,0.4575,0.3373,0.3667,97.8,False,
2026-10-05 23:04:13,A,A_efficientnet_b3_logreg,"{""grid"": {""C"": 0.1}, ""agg"": ""median""}",T3,0,0,0,0.5129,0.5345,0.5349,33.6,False,
2026-10-05 23:04:13,A,A_efficientnet_b3_logreg,"{""grid"": {""C"": 0.01}, ""agg"": ""trimmed""}",T3,0,1,1,0.4884,0.4656,0.4444,34.5,False,
2026-10-05 23:04:13,A,A_efficientnet_b3_logreg,"{""grid"": {""C"": 0.01}, ""agg"": ""trimmed""}",T3,0,2,2,0.5602,0.4841,0.4872,33.2,False,
2026-10-05 23:04:13,A,A_efficientnet_b3_logreg,"{""grid"": {""C"": 0.01}, ""agg"": ""logmean""}",T3,0,3,3,0.5,0.4852,0.5392,34.1,False,
2026-10-05 23:04:13,A,A_efficientnet_b3_logreg,"{""grid"": {""C"": 0.001}, ""agg"": ""logmean""}",T3,0,4,4,0.4551,0.5436,0.5595,31.8,False,
2026-10-05 23:04:13,A,A_efficientnet_b3_logreg,"{""grid"": {""C"": 1.0}, ""agg"": ""top8""}",T3,1,0,1000,0.5548,0.4127,0.4206,36.2,False,
2026-10-05 23:04:13,A,A_efficientnet_b3_logreg,"{""grid"": {""C"": 1.0}, ""agg"": ""mean""}",T3,1,1,1001,0.5293,0.4865,0.5235,34.6,False,
2026-10-05 23:04:13,A,A_efficientnet_b3_logreg,"{""grid"": {""C"": 0.001}, ""agg"": ""top8""}",T3,1,2,1002,0.5076,0.5049,0.5508,32.0,False,
2026-10-05 23:04:13,A,A_efficientnet_b3_logreg,"{""grid"": {""C"": 0.001}, ""agg"": ""top8""}",T3,1,3,1003,0.4988,0.5127,0.5579,31.9,False,
2026-10-05 23:04:13,A,A_efficientnet_b3_logreg,"{""grid"": {""C"": 0.01}, ""agg"": ""mean""}",T3,1,4,1004,0.5236,0.42,0.4333,33.7,False,
2026-10-05 23:04:13,A,A_efficientnet_b3_logreg,"{""grid"": {""C"": 0.001}, ""agg"": ""logmean""}",T3,2,0,2000,0.5042,0.4854,0.5025,18.2,False,
2026-10-05 23:04:13,A,A_efficientnet_b3_logreg,"{""grid"": {""C"": 0.001}, ""agg"": ""logmean""}",T3,2,1,2001,0.4892,0.4845,0.5325,17.7,False,
2026-10-05 23:04:13,A,A_efficientnet_b3_logreg,"{""grid"": {""C"": 0.001}, ""agg"": ""median""}",T3,2,2,2002,0.5135,0.4778,0.4849,17.1,False,
2026-10-05 23:04:13,A,A_efficientnet_b3_logreg,"{""grid"": {""C"": 0.1}, ""agg"": ""median""}",T3,2,3,2003,0.5265,0.5383,0.5444,17.8,False,
2026-10-05 23:04:13,A,A_efficientnet_b3_logreg,"{""grid"": {""C"": 0.1}, ""agg"": ""learned""}",T3,2,4,2004,0.4758,0.5057,0.5635,16.3,False,
2026-10-05 23:04:18,baseline,B_ft_resnet18,"{""image_size"": 224, ""batch_size"": 64, ""epochs"": 25, ""lr"": 0.0003, ""backbone_lr_mult"": 0.1, ""weight_decay"": 0.0001, ""dropout"": 0.2, ""freeze_epochs"": 3, ""warmup_epochs"": 1, ""aug_strength"": 1.0, ""patience"": 6, ""arch"": ""resnet18"", ""train_patient_mF1"": 0.5801, ""innerval_patient_mF1"": 0.5177, ""best_epoch"": 3}",T3,1,1,1001,0.5177,0.614,0.6427,80.8,False,
2026-10-05 23:04:18,A,A_efficientnet_b3_linsvm,"{""grid"": {""C"": 0.0001}, ""agg"": ""trimmed""}",T3,0,0,0,0.5125,0.4837,0.4873,56.2,False,
2026-10-05 23:04:18,A,A_efficientnet_b3_linsvm,"{""grid"": {""C"": 0.0001}, ""agg"": ""trimmed""}",T3,0,1,1,0.4857,0.3681,0.3651,56.7,False,
2026-10-05 23:04:18,A,A_efficientnet_b3_linsvm,"{""grid"": {""C"": 0.0001}, ""agg"": ""trimmed""}",T3,0,2,2,0.5534,0.4398,0.4457,56.5,False,
2026-10-05 23:04:18,A,A_efficientnet_b3_linsvm,"{""grid"": {""C"": 0.0001}, ""agg"": ""top8""}",T3,0,3,3,0.4923,0.6017,0.6567,56.5,False,
2026-10-05 23:04:18,A,A_efficientnet_b3_linsvm,"{""grid"": {""C"": 0.001}, ""agg"": ""top8""}",T3,0,4,4,0.4647,0.5189,0.5206,58.3,False,
2026-10-05 23:04:18,A,A_efficientnet_b3_linsvm,"{""grid"": {""C"": 0.0001}, ""agg"": ""median""}",T3,1,0,1000,0.5355,0.4279,0.4381,55.3,False,
2026-10-05 23:04:18,A,A_efficientnet_b3_linsvm,"{""grid"": {""C"": 0.01}, ""agg"": ""trimmed""}",T3,1,1,1001,0.5425,0.5208,0.5402,58.1,False,
2026-10-05 23:04:18,A,A_efficientnet_b3_linsvm,"{""grid"": {""C"": 0.0001}, ""agg"": ""mean""}",T3,1,2,1002,0.5049,0.5009,0.519,57.0,False,
2026-10-05 23:04:18,A,A_efficientnet_b3_linsvm,"{""grid"": {""C"": 0.0001}, ""agg"": ""top8""}",T3,1,3,1003,0.4809,0.5125,0.5579,56.6,False,
2026-10-05 23:04:18,A,A_efficientnet_b3_linsvm,"{""grid"": {""C"": 0.001}, ""agg"": ""top8""}",T3,1,4,1004,0.5393,0.4377,0.45,57.2,False,
2026-10-05 23:04:18,A,A_efficientnet_b3_linsvm,"{""grid"": {""C"": 0.01}, ""agg"": ""logmean""}",T3,2,0,2000,0.527,0.3722,0.3772,28.9,False,
2026-10-05 23:04:18,A,A_efficientnet_b3_linsvm,"{""grid"": {""C"": 0.001}, ""agg"": ""trimmed""}",T3,2,1,2001,0.4747,0.4864,0.5026,29.5,False,
2026-10-05 23:04:18,A,A_efficientnet_b3_linsvm,"{""grid"": {""C"": 0.0001}, ""agg"": ""logmean""}",T3,2,2,2002,0.5029,0.4999,0.5087,29.1,False,
2026-10-05 23:04:18,A,A_efficientnet_b3_linsvm,"{""grid"": {""C"": 0.001}, ""agg"": ""mean""}",T3,2,3,2003,0.5034,0.5318,0.5389,29.3,False,
2026-10-05 23:04:18,A,A_efficientnet_b3_linsvm,"{""grid"": {""C"": 0.01}, ""agg"": ""learned""}",T3,2,4,2004,0.5136,0.5235,0.5794,29.9,False,
2026-10-05 23:04:24,A,A_efficientnet_b3_ridge,"{""grid"": {""alpha"": 1000.0}, ""agg"": ""median""}",T3,0,0,0,0.5454,0.542,0.5595,20.3,False,
2026-10-05 23:04:24,A,A_efficientnet_b3_ridge,"{""grid"": {""alpha"": 1000.0}, ""agg"": ""median""}",T3,0,1,1,0.5101,0.5187,0.5262,20.5,False,
2026-10-05 23:04:24,A,A_efficientnet_b3_ridge,"{""grid"": {""alpha"": 1000.0}, ""agg"": ""median""}",T3,0,2,2,0.5597,0.4276,0.4359,20.4,False,
2026-10-05 23:04:24,A,A_efficientnet_b3_ridge,"{""grid"": {""alpha"": 100.0}, ""agg"": ""mean""}",T3,0,3,3,0.5216,0.5315,0.5789,20.6,False,
2026-10-05 23:04:24,A,A_efficientnet_b3_ridge,"{""grid"": {""alpha"": 10.0}, ""agg"": ""mean""}",T3,0,4,4,0.4507,0.5518,0.5913,20.5,False,
2026-10-05 23:04:24,A,A_efficientnet_b3_ridge,"{""grid"": {""alpha"": 1000.0}, ""agg"": ""median""}",T3,1,0,1000,0.5572,0.4894,0.5095,20.3,False,
2026-10-05 23:04:24,A,A_efficientnet_b3_ridge,"{""grid"": {""alpha"": 10.0}, ""agg"": ""logmean""}",T3,1,1,1001,0.5129,0.4959,0.5235,22.4,False,
2026-10-05 23:04:24,A,A_efficientnet_b3_ridge,"{""grid"": {""alpha"": 10.0}, ""agg"": ""top8""}",T3,1,2,1002,0.5129,0.5389,0.5746,20.7,False,
2026-10-05 23:04:24,A,A_efficientnet_b3_ridge,"{""grid"": {""alpha"": 1000.0}, ""agg"": ""learned""}",T3,1,3,1003,0.5,0.3471,0.4944,20.8,False,
2026-10-05 23:04:24,A,A_efficientnet_b3_ridge,"{""grid"": {""alpha"": 100.0}, ""agg"": ""top8""}",T3,1,4,1004,0.5179,0.407,0.4278,20.5,False,
2026-10-05 23:04:24,A,A_efficientnet_b3_ridge,"{""grid"": {""alpha"": 100.0}, ""agg"": ""logmean""}",T3,2,0,2000,0.5244,0.4774,0.5025,11.2,False,
2026-10-05 23:04:24,A,A_efficientnet_b3_ridge,"{""grid"": {""alpha"": 10.0}, ""agg"": ""mean""}",T3,2,1,2001,0.4769,0.4811,0.5325,11.5,False,
2026-10-05 23:04:24,A,A_efficientnet_b3_ridge,"{""grid"": {""alpha"": 10.0}, ""agg"": ""median""}",T3,2,2,2002,0.4995,0.4962,0.5016,11.0,False,
2026-10-05 23:04:24,A,A_efficientnet_b3_ridge,"{""grid"": {""alpha"": 10.0}, ""agg"": ""top8""}",T3,2,3,2003,0.5178,0.5279,0.5389,10.9,False,
2026-10-05 23:04:24,A,A_efficientnet_b3_ridge,"{""grid"": {""alpha"": 10.0}, ""agg"": ""learned""}",T3,2,4,2004,0.5303,0.5152,0.5635,10.8,False,
2026-10-05 23:04:29,A,A_efficientnet_b3_lgbm,"{""grid"": {""num_leaves"": 7}, ""agg"": ""mean""}",T3,0,0,0,0.4796,0.451,0.454,127.0,False,
2026-10-05 23:04:29,A,A_efficientnet_b3_lgbm,"{""grid"": {""num_leaves"": 7}, ""agg"": ""learned""}",T3,0,1,1,0.4426,0.3694,0.4365,128.1,False,
2026-10-05 23:04:29,A,A_efficientnet_b3_lgbm,"{""grid"": {""num_leaves"": 7}, ""agg"": ""top8""}",T3,0,2,2,0.5091,0.4207,0.4158,127.0,False,
2026-10-05 23:04:29,A,A_efficientnet_b3_lgbm,"{""grid"": {""num_leaves"": 7}, ""agg"": ""top8""}",T3,0,3,3,0.4999,0.5096,0.5281,127.3,False,
2026-10-05 23:04:29,A,A_efficientnet_b3_lgbm,"{""grid"": {""num_leaves"": 15}, ""agg"": ""learned""}",T3,0,4,4,0.4359,0.4718,0.6238,141.6,False,
2026-10-05 23:04:29,A,A_efficientnet_b3_lgbm,"{""grid"": {""num_leaves"": 7}, ""agg"": ""trimmed""}",T3,1,0,1000,0.4997,0.3875,0.3746,128.1,False,
2026-10-05 23:04:29,A,A_efficientnet_b3_lgbm,"{""grid"": {""num_leaves"": 7}, ""agg"": ""top8""}",T3,1,1,1001,0.452,0.5046,0.506,127.7,False,
2026-10-05 23:04:29,A,A_efficientnet_b3_lgbm,"{""grid"": {""num_leaves"": 7}, ""agg"": ""learned""}",T3,1,2,1002,0.4747,0.4356,0.5254,127.5,False,
2026-10-05 23:04:29,A,A_efficientnet_b3_lgbm,"{""grid"": {""num_leaves"": 7}, ""agg"": ""learned""}",T3,1,3,1003,0.5003,0.4781,0.5659,127.1,False,
2026-10-05 23:04:29,A,A_efficientnet_b3_lgbm,"{""grid"": {""num_leaves"": 7}, ""agg"": ""trimmed""}",T3,1,4,1004,0.4878,0.4222,0.4333,127.0,False,
2026-10-05 23:04:29,A,A_efficientnet_b3_lgbm,"{""grid"": {""num_leaves"": 15}, ""agg"": ""learned""}",T3,2,0,2000,0.5067,0.4829,0.5564,65.9,False,
2026-10-05 23:04:29,A,A_efficientnet_b3_lgbm,"{""grid"": {""num_leaves"": 7}, ""agg"": ""learned""}",T3,2,1,2001,0.4778,0.4407,0.5068,61.1,False,
2026-10-05 23:04:29,A,A_efficientnet_b3_lgbm,"{""grid"": {""num_leaves"": 7}, ""agg"": ""mean""}",T3,2,2,2002,0.4999,0.5413,0.5563,60.5,False,
2026-10-05 23:04:29,A,A_efficientnet_b3_lgbm,"{""grid"": {""num_leaves"": 7}, ""agg"": ""top8""}",T3,2,3,2003,0.4892,0.4674,0.4833,60.6,False,
2026-10-05 23:04:29,A,A_efficientnet_b3_lgbm,"{""grid"": {""num_leaves"": 7}, ""agg"": ""median""}",T3,2,4,2004,0.4595,0.4813,0.4762,61.1,False,
2026-10-05 23:04:34,A,A_efficientnet_b3_mlp,"{""grid"": {""alpha"": 1.0}, ""agg"": ""logmean""}",T3,0,0,0,0.4883,0.5781,0.5754,80.3,False,
2026-10-05 23:04:34,A,A_efficientnet_b3_mlp,"{""grid"": {""alpha"": 1.0}, ""agg"": ""learned""}",T3,0,1,1,0.5182,0.4219,0.477,83.3,False,
2026-10-05 23:04:34,A,A_efficientnet_b3_mlp,"{""grid"": {""alpha"": 1.0}, ""agg"": ""mean""}",T3,0,2,2,0.4555,0.5721,0.5507,88.7,False,
2026-10-05 23:04:34,A,A_efficientnet_b3_mlp,"{""grid"": {""alpha"": 1.0}, ""agg"": ""learned""}",T3,0,3,3,0.4956,0.4454,0.5374,79.0,False,
2026-10-05 23:04:34,A,A_efficientnet_b3_mlp,"{""grid"": {""alpha"": 0.1}, ""agg"": ""learned""}",T3,0,4,4,0.5093,0.4973,0.573,81.9,False,
2026-10-05 23:04:34,A,A_efficientnet_b3_mlp,"{""grid"": {""alpha"": 0.1}, ""agg"": ""logmean""}",T3,1,0,1000,0.5127,0.3373,0.3667,86.2,False,
2026-10-05 23:04:34,A,A_efficientnet_b3_mlp,"{""grid"": {""alpha"": 1.0}, ""agg"": ""mean""}",T3,1,1,1001,0.5109,0.4518,0.438,86.7,False,
2026-10-05 23:04:34,A,A_efficientnet_b3_mlp,"{""grid"": {""alpha"": 1.0}, ""agg"": ""logmean""}",T3,1,2,1002,0.5011,0.3772,0.3929,86.4,False,
2026-10-05 23:04:34,A,A_efficientnet_b3_mlp,"{""grid"": {""alpha"": 0.1}, ""agg"": ""learned""}",T3,1,3,1003,0.472,0.3865,0.5016,85.5,False,
2026-10-05 23:04:34,A,A_efficientnet_b3_mlp,"{""grid"": {""alpha"": 0.1}, ""agg"": ""median""}",T3,1,4,1004,0.5313,0.4573,0.4556,84.7,False,
2026-10-05 23:04:34,A,A_efficientnet_b3_mlp,"{""grid"": {""alpha"": 1.0}, ""agg"": ""learned""}",T3,2,0,2000,0.5538,0.5604,0.5977,37.0,False,
2026-10-05 23:04:34,A,A_efficientnet_b3_mlp,"{""grid"": {""alpha"": 1.0}, ""agg"": ""trimmed""}",T3,2,1,2001,0.4673,0.4765,0.4761,40.1,False,
2026-10-05 23:04:34,A,A_efficientnet_b3_mlp,"{""grid"": {""alpha"": 1.0}, ""agg"": ""learned""}",T3,2,2,2002,0.5008,0.3506,0.381,37.3,False,
2026-10-05 23:04:34,A,A_efficientnet_b3_mlp,"{""grid"": {""alpha"": 0.1}, ""agg"": ""median""}",T3,2,3,2003,0.4656,0.4519,0.4611,38.1,False,
2026-10-05 23:04:34,A,A_efficientnet_b3_mlp,"{""grid"": {""alpha"": 1.0}, ""agg"": ""learned""}",T3,2,4,2004,0.4965,0.6229,0.6746,39.6,False,
2026-10-05 23:06:02,baseline,B_ft_resnet18,"{""image_size"": 224, ""batch_size"": 64, ""epochs"": 25, ""lr"": 0.0003, ""backbone_lr_mult"": 0.1, ""weight_decay"": 0.0001, ""dropout"": 0.2, ""freeze_epochs"": 3, ""warmup_epochs"": 1, ""aug_strength"": 1.0, ""patience"": 6, ""arch"": ""resnet18"", ""train_patient_mF1"": 0.6485, ""innerval_patient_mF1"": 0.4111, ""best_epoch"": 2}",T3,1,2,1002,0.4111,0.4753,0.4778,104.3,False,
2026-10-05 23:08:02,baseline,B_ft_resnet18,"{""image_size"": 224, ""batch_size"": 64, ""epochs"": 25, ""lr"": 0.0003, ""backbone_lr_mult"": 0.1, ""weight_decay"": 0.0001, ""dropout"": 0.2, ""freeze_epochs"": 3, ""warmup_epochs"": 1, ""aug_strength"": 1.0, ""patience"": 6, ""arch"": ""resnet18"", ""train_patient_mF1"": 0.6583, ""innerval_patient_mF1"": 0.5212, ""best_epoch"": 4}",T3,1,3,1003,0.5212,0.5455,0.6135,120.3,False,
2026-10-05 23:09:44,baseline,B_ft_resnet18,"{""image_size"": 224, ""batch_size"": 64, ""epochs"": 25, ""lr"": 0.0003, ""backbone_lr_mult"": 0.1, ""weight_decay"": 0.0001, ""dropout"": 0.2, ""freeze_epochs"": 3, ""warmup_epochs"": 1, ""aug_strength"": 1.0, ""patience"": 6, ""arch"": ""resnet18"", ""train_patient_mF1"": 0.6869, ""innerval_patient_mF1"": 0.632, ""best_epoch"": 4}",T3,1,4,1004,0.632,0.5706,0.6056,102.0,False,
2026-10-05 23:10:29,A,A_convnext_tiny_logreg,"{""grid"": {""C"": 0.001}, ""agg"": ""median""}",T3,0,0,0,0.5455,0.4564,0.4635,32.8,False,
2026-10-05 23:10:29,A,A_convnext_tiny_logreg,"{""grid"": {""C"": 0.001}, ""agg"": ""top8""}",T3,0,1,1,0.5432,0.461,0.4881,33.0,False,
2026-10-05 23:10:29,A,A_convnext_tiny_logreg,"{""grid"": {""C"": 0.001}, ""agg"": ""mean""}",T3,0,2,2,0.5163,0.4915,0.4969,30.9,False,
2026-10-05 23:10:29,A,A_convnext_tiny_logreg,"{""grid"": {""C"": 0.001}, ""agg"": ""logmean""}",T3,0,3,3,0.5581,0.4972,0.5234,30.8,False,
2026-10-05 23:10:29,A,A_convnext_tiny_logreg,"{""grid"": {""C"": 0.001}, ""agg"": ""mean""}",T3,0,4,4,0.4916,0.6741,0.7254,31.6,False,
2026-10-05 23:10:29,A,A_convnext_tiny_logreg,"{""grid"": {""C"": 0.001}, ""agg"": ""mean""}",T3,1,0,1000,0.5534,0.428,0.4302,32.5,False,
2026-10-05 23:10:29,A,A_convnext_tiny_logreg,"{""grid"": {""C"": 0.01}, ""agg"": ""mean""}",T3,1,1,1001,0.5125,0.5576,0.6137,30.8,False,
2026-10-05 23:10:29,A,A_convnext_tiny_logreg,"{""grid"": {""C"": 0.01}, ""agg"": ""mean""}",T3,1,2,1002,0.5201,0.4524,0.4786,32.2,False,
2026-10-05 23:10:29,A,A_convnext_tiny_logreg,"{""grid"": {""C"": 0.001}, ""agg"": ""mean""}",T3,1,3,1003,0.5038,0.513,0.5579,31.7,False,
2026-10-05 23:10:29,A,A_convnext_tiny_logreg,"{""grid"": {""C"": 0.001}, ""agg"": ""learned""}",T3,1,4,1004,0.5046,0.6012,0.6278,32.1,False,
2026-10-05 23:10:29,A,A_convnext_tiny_logreg,"{""grid"": {""C"": 0.01}, ""agg"": ""logmean""}",T3,2,0,2000,0.5603,0.4916,0.5138,20.2,False,
2026-10-05 23:10:29,A,A_convnext_tiny_logreg,"{""grid"": {""C"": 0.1}, ""agg"": ""top8""}",T3,2,1,2001,0.5189,0.4944,0.5192,18.9,False,
2026-10-05 23:10:29,A,A_convnext_tiny_logreg,"{""grid"": {""C"": 0.1}, ""agg"": ""top8""}",T3,2,2,2002,0.4983,0.4398,0.4444,18.1,False,
2026-10-05 23:10:29,A,A_convnext_tiny_logreg,"{""grid"": {""C"": 0.001}, ""agg"": ""top8""}",T3,2,3,2003,0.5227,0.4986,0.5389,16.2,False,
2026-10-05 23:10:29,A,A_convnext_tiny_logreg,"{""grid"": {""C"": 0.001}, ""agg"": ""top8""}",T3,2,4,2004,0.4895,0.5154,0.5238,15.5,False,
2026-10-05 23:10:34,A,A_convnext_tiny_linsvm,"{""grid"": {""C"": 0.001}, ""agg"": ""logmean""}",T3,0,0,0,0.5453,0.4308,0.4397,54.3,False,
2026-10-05 23:10:34,A,A_convnext_tiny_linsvm,"{""grid"": {""C"": 0.0001}, ""agg"": ""top8""}",T3,0,1,1,0.5287,0.5326,0.5357,52.1,False,
2026-10-05 23:10:34,A,A_convnext_tiny_linsvm,"{""grid"": {""C"": 0.01}, ""agg"": ""trimmed""}",T3,0,2,2,0.5128,0.5111,0.5128,55.0,False,
2026-10-05 23:10:34,A,A_convnext_tiny_linsvm,"{""grid"": {""C"": 0.001}, ""agg"": ""top8""}",T3,0,3,3,0.5476,0.4824,0.4901,54.9,False,
2026-10-05 23:10:34,A,A_convnext_tiny_linsvm,"{""grid"": {""C"": 0.0001}, ""agg"": ""learned""}",T3,0,4,4,0.4979,0.5295,0.6159,53.2,False,
2026-10-05 23:10:34,A,A_convnext_tiny_linsvm,"{""grid"": {""C"": 0.001}, ""agg"": ""top8""}",T3,1,0,1000,0.5909,0.4267,0.4302,53.9,False,
2026-10-05 23:10:34,A,A_convnext_tiny_linsvm,"{""grid"": {""C"": 0.0001}, ""agg"": ""learned""}",T3,1,1,1001,0.5032,0.5669,0.6303,53.6,False,
2026-10-05 23:10:34,A,A_convnext_tiny_linsvm,"{""grid"": {""C"": 0.0001}, ""agg"": ""top8""}",T3,1,2,1002,0.5417,0.5404,0.6063,53.9,False,
2026-10-05 23:10:34,A,A_convnext_tiny_linsvm,"{""grid"": {""C"": 0.0001}, ""agg"": ""learned""}",T3,1,3,1003,0.5277,0.5057,0.6214,53.3,False,
2026-10-05 23:10:34,A,A_convnext_tiny_linsvm,"{""grid"": {""C"": 0.0001}, ""agg"": ""mean""}",T3,1,4,1004,0.5262,0.5348,0.55,52.3,False,
2026-10-05 23:10:34,A,A_convnext_tiny_linsvm,"{""grid"": {""C"": 0.001}, ""agg"": ""mean""}",T3,2,0,2000,0.5231,0.4849,0.49,28.8,False,
2026-10-05 23:10:34,A,A_convnext_tiny_linsvm,"{""grid"": {""C"": 0.0001}, ""agg"": ""learned""}",T3,2,1,2001,0.5242,0.4603,0.4936,27.3,False,
2026-10-05 23:10:34,A,A_convnext_tiny_linsvm,"{""grid"": {""C"": 0.01}, ""agg"": ""mean""}",T3,2,2,2002,0.4633,0.45,0.4532,27.4,False,
2026-10-05 23:10:34,A,A_convnext_tiny_linsvm,"{""grid"": {""C"": 0.0001}, ""agg"": ""top8""}",T3,2,3,2003,0.5231,0.5481,0.5778,27.3,False,
2026-10-05 23:10:34,A,A_convnext_tiny_linsvm,"{""grid"": {""C"": 0.0001}, ""agg"": ""learned""}",T3,2,4,2004,0.4812,0.4798,0.5,26.6,False,
2026-10-05 23:10:39,A,A_convnext_tiny_ridge,"{""grid"": {""alpha"": 1000.0}, ""agg"": ""median""}",T3,0,0,0,0.5413,0.4293,0.4397,20.1,False,
2026-10-05 23:10:39,A,A_convnext_tiny_ridge,"{""grid"": {""alpha"": 1000.0}, ""agg"": ""median""}",T3,0,1,1,0.4953,0.4639,0.4857,19.1,False,
2026-10-05 23:10:39,A,A_convnext_tiny_ridge,"{""grid"": {""alpha"": 1000.0}, ""agg"": ""median""}",T3,0,2,2,0.5042,0.4898,0.4969,19.0,False,
2026-10-05 23:10:39,A,A_convnext_tiny_ridge,"{""grid"": {""alpha"": 1000.0}, ""agg"": ""logmean""}",T3,0,3,3,0.5446,0.4278,0.4456,18.8,False,
2026-10-05 23:10:39,A,A_convnext_tiny_ridge,"{""grid"": {""alpha"": 10.0}, ""agg"": ""learned""}",T3,0,4,4,0.4791,0.4516,0.5198,19.1,False,
2026-10-05 23:10:39,A,A_convnext_tiny_ridge,"{""grid"": {""alpha"": 1000.0}, ""agg"": ""top8""}",T3,1,0,1000,0.5594,0.3809,0.3897,19.1,False,
2026-10-05 23:10:39,A,A_convnext_tiny_ridge,"{""grid"": {""alpha"": 1000.0}, ""agg"": ""mean""}",T3,1,1,1001,0.5162,0.5414,0.597,19.1,False,
2026-10-05 23:10:39,A,A_convnext_tiny_ridge,"{""grid"": {""alpha"": 10.0}, ""agg"": ""mean""}",T3,1,2,1002,0.518,0.368,0.3921,19.0,False,
2026-10-05 23:10:39,A,A_convnext_tiny_ridge,"{""grid"": {""alpha"": 1000.0}, ""agg"": ""learned""}",T3,1,3,1003,0.5107,0.4281,0.5738,19.1,False,
2026-10-05 23:10:39,A,A_convnext_tiny_ridge,"{""grid"": {""alpha"": 1000.0}, ""agg"": ""top8""}",T3,1,4,1004,0.5001,0.4731,0.4778,19.3,False,
2026-10-05 23:10:39,A,A_convnext_tiny_ridge,"{""grid"": {""alpha"": 1000.0}, ""agg"": ""top8""}",T3,2,0,2000,0.5227,0.5229,0.5376,11.4,False,
2026-10-05 23:10:39,A,A_convnext_tiny_ridge,"{""grid"": {""alpha"": 1000.0}, ""agg"": ""top8""}",T3,2,1,2001,0.4948,0.4944,0.5491,10.6,False,
2026-10-05 23:10:39,A,A_convnext_tiny_ridge,"{""grid"": {""alpha"": 100.0}, ""agg"": ""logmean""}",T3,2,2,2002,0.4908,0.4009,0.3889,10.6,False,
2026-10-05 23:10:39,A,A_convnext_tiny_ridge,"{""grid"": {""alpha"": 1000.0}, ""agg"": ""top8""}",T3,2,3,2003,0.5015,0.4934,0.5389,10.1,False,
2026-10-05 23:10:39,A,A_convnext_tiny_ridge,"{""grid"": {""alpha"": 1000.0}, ""agg"": ""median""}",T3,2,4,2004,0.4675,0.4964,0.5,9.9,False,
2026-10-05 23:10:44,A,A_convnext_tiny_lgbm,"{""grid"": {""num_leaves"": 7}, ""agg"": ""top8""}",T3,0,0,0,0.5049,0.5467,0.5595,127.9,False,
2026-10-05 23:10:44,A,A_convnext_tiny_lgbm,"{""grid"": {""num_leaves"": 7}, ""agg"": ""top8""}",T3,0,1,1,0.5327,0.4285,0.4325,126.8,False,
2026-10-05 23:10:44,A,A_convnext_tiny_lgbm,"{""grid"": {""num_leaves"": 15}, ""agg"": ""trimmed""}",T3,0,2,2,0.5404,0.4838,0.4927,140.6,False,
2026-10-05 23:10:44,A,A_convnext_tiny_lgbm,"{""grid"": {""num_leaves"": 7}, ""agg"": ""learned""}",T3,0,3,3,0.5441,0.4476,0.5374,129.3,False,
2026-10-05 23:10:44,A,A_convnext_tiny_lgbm,"{""grid"": {""num_leaves"": 7}, ""agg"": ""learned""}",T3,0,4,4,0.5253,0.5195,0.5675,126.8,False,
2026-10-05 23:10:44,A,A_convnext_tiny_lgbm,"{""grid"": {""num_leaves"": 7}, ""agg"": ""top8""}",T3,1,0,1000,0.4841,0.5429,0.5421,126.5,False,
2026-10-05 23:10:44,A,A_convnext_tiny_lgbm,"{""grid"": {""num_leaves"": 7}, ""agg"": ""logmean""}",T3,1,1,1001,0.4552,0.5567,0.5496,127.0,False,
2026-10-05 23:10:44,A,A_convnext_tiny_lgbm,"{""grid"": {""num_leaves"": 7}, ""agg"": ""mean""}",T3,1,2,1002,0.5443,0.3483,0.3524,127.3,False,
2026-10-05 23:10:44,A,A_convnext_tiny_lgbm,"{""grid"": {""num_leaves"": 7}, ""agg"": ""learned""}",T3,1,3,1003,0.5384,0.4215,0.5738,126.4,False,
2026-10-05 23:10:44,A,A_convnext_tiny_lgbm,"{""grid"": {""num_leaves"": 7}, ""agg"": ""learned""}",T3,1,4,1004,0.4907,0.5106,0.5611,127.7,False,
2026-10-05 23:10:44,A,A_convnext_tiny_lgbm,"{""grid"": {""num_leaves"": 7}, ""agg"": ""logmean""}",T3,2,0,2000,0.4793,0.4101,0.4073,60.5,False,
2026-10-05 23:10:44,A,A_convnext_tiny_lgbm,"{""grid"": {""num_leaves"": 7}, ""agg"": ""learned""}",T3,2,1,2001,0.4859,0.4559,0.5457,60.5,False,
2026-10-05 23:10:44,A,A_convnext_tiny_lgbm,"{""grid"": {""num_leaves"": 7}, ""agg"": ""top8""}",T3,2,2,2002,0.4766,0.561,0.581,60.1,False,
2026-10-05 23:10:44,A,A_convnext_tiny_lgbm,"{""grid"": {""num_leaves"": 7}, ""agg"": ""top8""}",T3,2,3,2003,0.5362,0.4925,0.5111,59.4,False,
2026-10-05 23:10:44,A,A_convnext_tiny_lgbm,"{""grid"": {""num_leaves"": 7}, ""agg"": ""learned""}",T3,2,4,2004,0.4908,0.5538,0.5873,59.3,False,
2026-10-05 23:10:49,A,A_convnext_tiny_mlp,"{""grid"": {""alpha"": 1.0}, ""agg"": ""median""}",T3,0,0,0,0.5333,0.4785,0.4802,75.9,False,
2026-10-05 23:10:49,A,A_convnext_tiny_mlp,"{""grid"": {""alpha"": 1.0}, ""agg"": ""learned""}",T3,0,1,1,0.4765,0.4611,0.5492,76.1,False,
2026-10-05 23:10:49,A,A_convnext_tiny_mlp,"{""grid"": {""alpha"": 1.0}, ""agg"": ""median""}",T3,0,2,2,0.5394,0.4742,0.4731,78.7,False,
2026-10-05 23:10:49,A,A_convnext_tiny_mlp,"{""grid"": {""alpha"": 0.1}, ""agg"": ""logmean""}",T3,0,3,3,0.5214,0.4748,0.4854,76.4,False,
2026-10-05 23:10:49,A,A_convnext_tiny_mlp,"{""grid"": {""alpha"": 1.0}, ""agg"": ""learned""}",T3,0,4,4,0.477,0.5484,0.5913,73.0,False,
2026-10-05 23:10:49,A,A_convnext_tiny_mlp,"{""grid"": {""alpha"": 1.0}, ""agg"": ""learned""}",T3,1,0,1000,0.4997,0.4835,0.5317,84.2,False,
2026-10-05 23:10:49,A,A_convnext_tiny_mlp,"{""grid"": {""alpha"": 1.0}, ""agg"": ""learned""}",T3,1,1,1001,0.4706,0.4154,0.4957,82.8,False,
2026-10-05 23:10:49,A,A_convnext_tiny_mlp,"{""grid"": {""alpha"": 1.0}, ""agg"": ""logmean""}",T3,1,2,1002,0.511,0.3571,0.369,83.6,False,
2026-10-05 23:10:49,A,A_convnext_tiny_mlp,"{""grid"": {""alpha"": 1.0}, ""agg"": ""learned""}",T3,1,3,1003,0.5309,0.5057,0.6214,79.5,False,
2026-10-05 23:10:49,A,A_convnext_tiny_mlp,"{""grid"": {""alpha"": 1.0}, ""agg"": ""top8""}",T3,1,4,1004,0.4799,0.409,0.4222,81.0,False,
2026-10-05 23:10:49,A,A_convnext_tiny_mlp,"{""grid"": {""alpha"": 1.0}, ""agg"": ""learned""}",T3,2,0,2000,0.5716,0.4628,0.5739,38.4,False,
2026-10-05 23:10:49,A,A_convnext_tiny_mlp,"{""grid"": {""alpha"": 1.0}, ""agg"": ""learned""}",T3,2,1,2001,0.4722,0.4727,0.5624,34.6,False,
2026-10-05 23:10:49,A,A_convnext_tiny_mlp,"{""grid"": {""alpha"": 1.0}, ""agg"": ""learned""}",T3,2,2,2002,0.4754,0.5236,0.5651,37.0,False,
2026-10-05 23:10:49,A,A_convnext_tiny_mlp,"{""grid"": {""alpha"": 1.0}, ""agg"": ""top8""}",T3,2,3,2003,0.5069,0.5222,0.5222,36.3,False,
2026-10-05 23:10:49,A,A_convnext_tiny_mlp,"{""grid"": {""alpha"": 1.0}, ""agg"": ""learned""}",T3,2,4,2004,0.4827,0.3936,0.4048,36.0,False,
2026-10-05 23:11:25,baseline,B_ft_resnet18,"{""image_size"": 224, ""batch_size"": 64, ""epochs"": 25, ""lr"": 0.0003, ""backbone_lr_mult"": 0.1, ""weight_decay"": 0.0001, ""dropout"": 0.2, ""freeze_epochs"": 3, ""warmup_epochs"": 1, ""aug_strength"": 1.0, ""patience"": 6, ""arch"": ""resnet18"", ""train_patient_mF1"": 0.6487, ""innerval_patient_mF1"": 0.5231, ""best_epoch"": 4}",T3,2,0,2000,0.5231,0.4781,0.5263,100.9,False,
2026-10-05 23:13:41,baseline,B_ft_resnet18,"{""image_size"": 224, ""batch_size"": 64, ""epochs"": 25, ""lr"": 0.0003, ""backbone_lr_mult"": 0.1, ""weight_decay"": 0.0001, ""dropout"": 0.2, ""freeze_epochs"": 3, ""warmup_epochs"": 1, ""aug_strength"": 1.0, ""patience"": 6, ""arch"": ""resnet18"", ""train_patient_mF1"": 0.6635, ""innerval_patient_mF1"": 0.4789, ""best_epoch"": 4}",T3,2,1,2001,0.4789,0.3831,0.4423,135.0,False,
2026-10-05 23:15:09,baseline,B_ft_resnet18,"{""image_size"": 224, ""batch_size"": 64, ""epochs"": 25, ""lr"": 0.0003, ""backbone_lr_mult"": 0.1, ""weight_decay"": 0.0001, ""dropout"": 0.2, ""freeze_epochs"": 3, ""warmup_epochs"": 1, ""aug_strength"": 1.0, ""patience"": 6, ""arch"": ""resnet18"", ""train_patient_mF1"": 0.4687, ""innerval_patient_mF1"": 0.5643, ""best_epoch"": 2}",T3,2,2,2002,0.5643,0.5555,0.5913,88.4,False,
2026-10-05 23:16:33,A,A_dinov2_vits14_logreg,"{""grid"": {""C"": 0.1}, ""agg"": ""logmean""}",T3,0,0,0,0.5276,0.5091,0.5111,25.8,False,
2026-10-05 23:16:33,A,A_dinov2_vits14_logreg,"{""grid"": {""C"": 0.1}, ""agg"": ""median""}",T3,0,1,1,0.5253,0.4943,0.4944,24.3,False,
2026-10-05 23:16:33,A,A_dinov2_vits14_logreg,"{""grid"": {""C"": 0.001}, ""agg"": ""mean""}",T3,0,2,2,0.5257,0.4959,0.5171,22.8,False,
2026-10-05 23:16:33,A,A_dinov2_vits14_logreg,"{""grid"": {""C"": 1.0}, ""agg"": ""learned""}",T3,0,3,3,0.5372,0.4452,0.6012,24.9,False,
2026-10-05 23:16:33,A,A_dinov2_vits14_logreg,"{""grid"": {""C"": 0.01}, ""agg"": ""mean""}",T3,0,4,4,0.5293,0.5321,0.5349,23.8,False,
2026-10-05 23:16:33,A,A_dinov2_vits14_logreg,"{""grid"": {""C"": 0.1}, ""agg"": ""median""}",T3,1,0,1000,0.5452,0.5132,0.5262,24.7,False,
2026-10-05 23:16:33,A,A_dinov2_vits14_logreg,"{""grid"": {""C"": 0.001}, ""agg"": ""mean""}",T3,1,1,1001,0.5468,0.5184,0.5581,22.5,False,
2026-10-05 23:16:33,A,A_dinov2_vits14_logreg,"{""grid"": {""C"": 0.001}, ""agg"": ""learned""}",T3,1,2,1002,0.5204,0.4121,0.496,22.3,False,
2026-10-05 23:16:33,A,A_dinov2_vits14_logreg,"{""grid"": {""C"": 0.1}, ""agg"": ""logmean""}",T3,1,3,1003,0.5078,0.5013,0.5413,24.3,False,
2026-10-05 23:16:33,A,A_dinov2_vits14_logreg,"{""grid"": {""C"": 1.0}, ""agg"": ""median""}",T3,1,4,1004,0.5078,0.5294,0.5333,24.7,False,
2026-10-05 23:16:33,A,A_dinov2_vits14_logreg,"{""grid"": {""C"": 0.001}, ""agg"": ""trimmed""}",T3,2,0,2000,0.5401,0.4101,0.4248,18.2,False,
2026-10-05 23:16:33,A,A_dinov2_vits14_logreg,"{""grid"": {""C"": 0.01}, ""agg"": ""trimmed""}",T3,2,1,2001,0.5068,0.4945,0.5192,18.9,False,
2026-10-05 23:16:33,A,A_dinov2_vits14_logreg,"{""grid"": {""C"": 0.01}, ""agg"": ""learned""}",T3,2,2,2002,0.4794,0.3956,0.5405,17.1,False,
2026-10-05 23:16:33,A,A_dinov2_vits14_logreg,"{""grid"": {""C"": 0.1}, ""agg"": ""mean""}",T3,2,3,2003,0.4911,0.5564,0.5611,16.4,False,
2026-10-05 23:16:33,A,A_dinov2_vits14_logreg,"{""grid"": {""C"": 0.01}, ""agg"": ""top8""}",T3,2,4,2004,0.5067,0.4622,0.4841,15.3,False,
2026-10-05 23:16:38,A,A_dinov2_vits14_linsvm,"{""grid"": {""C"": 0.01}, ""agg"": ""learned""}",T3,0,0,0,0.4942,0.5458,0.6135,54.4,False,
2026-10-05 23:16:38,A,A_dinov2_vits14_linsvm,"{""grid"": {""C"": 0.01}, ""agg"": ""mean""}",T3,0,1,1,0.5261,0.4833,0.4794,51.8,False,
2026-10-05 23:16:38,A,A_dinov2_vits14_linsvm,"{""grid"": {""C"": 0.001}, ""agg"": ""top8""}",T3,0,2,2,0.5164,0.4282,0.4359,51.5,False,
2026-10-05 23:16:38,A,A_dinov2_vits14_linsvm,"{""grid"": {""C"": 0.0001}, ""agg"": ""learned""}",T3,0,3,3,0.5246,0.4913,0.6234,48.7,False,
2026-10-05 23:16:38,A,A_dinov2_vits14_linsvm,"{""grid"": {""C"": 0.001}, ""agg"": ""trimmed""}",T3,0,4,4,0.5212,0.4564,0.4635,51.2,False,
2026-10-05 23:16:38,A,A_dinov2_vits14_linsvm,"{""grid"": {""C"": 0.0001}, ""agg"": ""mean""}",T3,1,0,1000,0.5337,0.4468,0.4619,49.1,False,
2026-10-05 23:16:38,A,A_dinov2_vits14_linsvm,"{""grid"": {""C"": 0.0001}, ""agg"": ""median""}",T3,1,1,1001,0.5371,0.5834,0.6094,49.5,False,
2026-10-05 23:16:38,A,A_dinov2_vits14_linsvm,"{""grid"": {""C"": 0.001}, ""agg"": ""learned""}",T3,1,2,1002,0.5172,0.4121,0.496,51.2,False,
2026-10-05 23:16:38,A,A_dinov2_vits14_linsvm,"{""grid"": {""C"": 0.001}, ""agg"": ""top8""}",T3,1,3,1003,0.4937,0.4849,0.5024,50.3,False,
2026-10-05 23:16:38,A,A_dinov2_vits14_linsvm,"{""grid"": {""C"": 0.001}, ""agg"": ""trimmed""}",T3,1,4,1004,0.5011,0.4482,0.4667,50.4,False,
2026-10-05 23:16:38,A,A_dinov2_vits14_linsvm,"{""grid"": {""C"": 0.0001}, ""agg"": ""mean""}",T3,2,0,2000,0.5221,0.3664,0.3835,25.3,False,
2026-10-05 23:16:38,A,A_dinov2_vits14_linsvm,"{""grid"": {""C"": 0.0001}, ""agg"": ""median""}",T3,2,1,2001,0.5181,0.4791,0.5325,25.6,False,
2026-10-05 23:16:38,A,A_dinov2_vits14_linsvm,"{""grid"": {""C"": 0.0001}, ""agg"": ""mean""}",T3,2,2,2002,0.4697,0.516,0.5183,25.3,False,
2026-10-05 23:16:38,A,A_dinov2_vits14_linsvm,"{""grid"": {""C"": 0.0001}, ""agg"": ""trimmed""}",T3,2,3,2003,0.4963,0.5233,0.5333,24.4,False,
2026-10-05 23:16:38,A,A_dinov2_vits14_linsvm,"{""grid"": {""C"": 0.0001}, ""agg"": ""mean""}",T3,2,4,2004,0.4891,0.5789,0.6349,24.5,False,
2026-10-05 23:16:40,baseline,B_ft_resnet18,"{""image_size"": 224, ""batch_size"": 64, ""epochs"": 25, ""lr"": 0.0003, ""backbone_lr_mult"": 0.1, ""weight_decay"": 0.0001, ""dropout"": 0.2, ""freeze_epochs"": 3, ""warmup_epochs"": 1, ""aug_strength"": 1.0, ""patience"": 6, ""arch"": ""resnet18"", ""train_patient_mF1"": 0.6927, ""innerval_patient_mF1"": 0.6242, ""best_epoch"": 4}",T3,2,3,2003,0.6242,0.5354,0.5444,90.7,False,
2026-10-05 23:16:43,A,A_dinov2_vits14_ridge,"{""grid"": {""alpha"": 1000.0}, ""agg"": ""median""}",T3,0,0,0,0.5048,0.4915,0.5341,20.4,False,
2026-10-05 23:16:43,A,A_dinov2_vits14_ridge,"{""grid"": {""alpha"": 10.0}, ""agg"": ""top8""}",T3,0,1,1,0.5137,0.4229,0.4302,17.9,False,
2026-10-05 23:16:43,A,A_dinov2_vits14_ridge,"{""grid"": {""alpha"": 10.0}, ""agg"": ""mean""}",T3,0,2,2,0.5331,0.4493,0.4756,16.8,False,
2026-10-05 23:16:43,A,A_dinov2_vits14_ridge,"{""grid"": {""alpha"": 100.0}, ""agg"": ""learned""}",T3,0,3,3,0.4962,0.4465,0.6012,17.2,False,
2026-10-05 23:16:43,A,A_dinov2_vits14_ridge,"{""grid"": {""alpha"": 100.0}, ""agg"": ""mean""}",T3,0,4,4,0.5204,0.4837,0.4873,16.8,False,
2026-10-05 23:16:43,A,A_dinov2_vits14_ridge,"{""grid"": {""alpha"": 100.0}, ""agg"": ""logmean""}",T3,1,0,1000,0.5243,0.4221,0.4302,17.0,False,
2026-10-05 23:16:43,A,A_dinov2_vits14_ridge,"{""grid"": {""alpha"": 1000.0}, ""agg"": ""top8""}",T3,1,1,1001,0.5261,0.4981,0.5491,17.8,False,
2026-10-05 23:16:43,A,A_dinov2_vits14_ridge,"{""grid"": {""alpha"": 10.0}, ""agg"": ""trimmed""}",T3,1,2,1002,0.49,0.4678,0.4952,16.9,False,
2026-10-05 23:16:43,A,A_dinov2_vits14_ridge,"{""grid"": {""alpha"": 100.0}, ""agg"": ""top8""}",T3,1,3,1003,0.4909,0.4955,0.5413,16.7,False,
2026-10-05 23:16:43,A,A_dinov2_vits14_ridge,"{""grid"": {""alpha"": 1000.0}, ""agg"": ""logmean""}",T3,1,4,1004,0.4791,0.5303,0.5778,17.3,False,
2026-10-05 23:16:43,A,A_dinov2_vits14_ridge,"{""grid"": {""alpha"": 1000.0}, ""agg"": ""trimmed""}",T3,2,0,2000,0.5287,0.3852,0.4073,10.6,False,
2026-10-05 23:16:44,A,A_dinov2_vits14_ridge,"{""grid"": {""alpha"": 1000.0}, ""agg"": ""learned""}",T3,2,1,2001,0.5083,0.4774,0.5325,10.3,False,
2026-10-05 23:16:44,A,A_dinov2_vits14_ridge,"{""grid"": {""alpha"": 100.0}, ""agg"": ""trimmed""}",T3,2,2,2002,0.4643,0.5215,0.5254,9.6,False,
2026-10-05 23:16:44,A,A_dinov2_vits14_ridge,"{""grid"": {""alpha"": 10.0}, ""agg"": ""median""}",T3,2,3,2003,0.4999,0.5564,0.5611,9.7,False,
2026-10-05 23:16:44,A,A_dinov2_vits14_ridge,"{""grid"": {""alpha"": 100.0}, ""agg"": ""top8""}",T3,2,4,2004,0.4825,0.5048,0.5238,9.3,False,
2026-10-05 23:16:48,A,A_dinov2_vits14_lgbm,"{""grid"": {""num_leaves"": 15}, ""agg"": ""median""}",T3,0,0,0,0.5134,0.5263,0.5254,139.5,False,
2026-10-05 23:16:48,A,A_dinov2_vits14_lgbm,"{""grid"": {""num_leaves"": 7}, ""agg"": ""mean""}",T3,0,1,1,0.5563,0.5056,0.4944,125.1,False,
2026-10-05 23:16:48,A,A_dinov2_vits14_lgbm,"{""grid"": {""num_leaves"": 7}, ""agg"": ""mean""}",T3,0,2,2,0.5279,0.5074,0.5128,122.9,False,
2026-10-05 23:16:48,A,A_dinov2_vits14_lgbm,"{""grid"": {""num_leaves"": 7}, ""agg"": ""trimmed""}",T3,0,3,3,0.5247,0.49,0.5058,123.0,False,
2026-10-05 23:16:48,A,A_dinov2_vits14_lgbm,"{""grid"": {""num_leaves"": 7}, ""agg"": ""trimmed""}",T3,0,4,4,0.4855,0.5902,0.5921,122.4,False,
2026-10-05 23:16:48,A,A_dinov2_vits14_lgbm,"{""grid"": {""num_leaves"": 15}, ""agg"": ""logmean""}",T3,1,0,1000,0.5133,0.4472,0.446,136.2,False,
2026-10-05 23:16:48,A,A_dinov2_vits14_lgbm,"{""grid"": {""num_leaves"": 7}, ""agg"": ""trimmed""}",T3,1,1,1001,0.5151,0.5885,0.6004,123.0,False,
2026-10-05 23:16:48,A,A_dinov2_vits14_lgbm,"{""grid"": {""num_leaves"": 7}, ""agg"": ""trimmed""}",T3,1,2,1002,0.5398,0.3947,0.3913,124.3,False,
2026-10-05 23:16:48,A,A_dinov2_vits14_lgbm,"{""grid"": {""num_leaves"": 7}, ""agg"": ""top8""}",T3,1,3,1003,0.5069,0.4741,0.5175,123.4,False,
2026-10-05 23:16:48,A,A_dinov2_vits14_lgbm,"{""grid"": {""num_leaves"": 15}, ""agg"": ""logmean""}",T3,1,4,1004,0.4981,0.4755,0.4778,136.2,False,
2026-10-05 23:16:48,A,A_dinov2_vits14_lgbm,"{""grid"": {""num_leaves"": 7}, ""agg"": ""logmean""}",T3,2,0,2000,0.5376,0.4198,0.4185,58.2,False,
2026-10-05 23:16:48,A,A_dinov2_vits14_lgbm,"{""grid"": {""num_leaves"": 7}, ""agg"": ""logmean""}",T3,2,1,2001,0.5407,0.5459,0.5628,59.1,False,
2026-10-05 23:16:48,A,A_dinov2_vits14_lgbm,"{""grid"": {""num_leaves"": 7}, ""agg"": ""learned""}",T3,2,2,2002,0.5002,0.4726,0.5881,58.0,False,
2026-10-05 23:16:48,A,A_dinov2_vits14_lgbm,"{""grid"": {""num_leaves"": 7}, ""agg"": ""trimmed""}",T3,2,3,2003,0.465,0.5611,0.5611,58.1,False,
2026-10-05 23:16:48,A,A_dinov2_vits14_lgbm,"{""grid"": {""num_leaves"": 7}, ""agg"": ""learned""}",T3,2,4,2004,0.4983,0.5308,0.627,57.7,False,
2026-10-05 23:16:53,A,A_dinov2_vits14_mlp,"{""grid"": {""alpha"": 0.1}, ""agg"": ""top8""}",T3,0,0,0,0.5046,0.5662,0.5587,80.2,False,
2026-10-05 23:16:53,A,A_dinov2_vits14_mlp,"{""grid"": {""alpha"": 1.0}, ""agg"": ""median""}",T3,0,1,1,0.5229,0.463,0.4627,83.2,False,
2026-10-05 23:16:53,A,A_dinov2_vits14_mlp,"{""grid"": {""alpha"": 1.0}, ""agg"": ""median""}",T3,0,2,2,0.511,0.4084,0.4121,79.7,False,
2026-10-05 23:16:53,A,A_dinov2_vits14_mlp,"{""grid"": {""alpha"": 0.1}, ""agg"": ""learned""}",T3,0,3,3,0.5279,0.4185,0.4947,85.5,False,
2026-10-05 23:16:53,A,A_dinov2_vits14_mlp,"{""grid"": {""alpha"": 0.1}, ""agg"": ""logmean""}",T3,0,4,4,0.5168,0.5111,0.5127,78.1,False,
2026-10-05 23:16:53,A,A_dinov2_vits14_mlp,"{""grid"": {""alpha"": 0.1}, ""agg"": ""learned""}",T3,1,0,1000,0.5568,0.4698,0.5175,83.3,False,
2026-10-05 23:16:53,A,A_dinov2_vits14_mlp,"{""grid"": {""alpha"": 1.0}, ""agg"": ""top8""}",T3,1,1,1001,0.5179,0.5659,0.5449,77.7,False,
2026-10-05 23:16:53,A,A_dinov2_vits14_mlp,"{""grid"": {""alpha"": 1.0}, ""agg"": ""median""}",T3,1,2,1002,0.5109,0.4192,0.45,85.2,False,
2026-10-05 23:16:53,A,A_dinov2_vits14_mlp,"{""grid"": {""alpha"": 1.0}, ""agg"": ""mean""}",T3,1,3,1003,0.4656,0.5044,0.519,81.9,False,
2026-10-05 23:16:53,A,A_dinov2_vits14_mlp,"{""grid"": {""alpha"": 0.1}, ""agg"": ""top8""}",T3,1,4,1004,0.5258,0.3988,0.4111,85.5,False,
2026-10-05 23:16:53,A,A_dinov2_vits14_mlp,"{""grid"": {""alpha"": 1.0}, ""agg"": ""learned""}",T3,2,0,2000,0.5402,0.5485,0.5739,36.1,False,
2026-10-05 23:16:53,A,A_dinov2_vits14_mlp,"{""grid"": {""alpha"": 0.1}, ""agg"": ""mean""}",T3,2,1,2001,0.4556,0.4718,0.4803,35.6,False,
2026-10-05 23:16:53,A,A_dinov2_vits14_mlp,"{""grid"": {""alpha"": 0.1}, ""agg"": ""learned""}",T3,2,2,2002,0.4625,0.5262,0.5968,36.7,False,
2026-10-05 23:16:53,A,A_dinov2_vits14_mlp,"{""grid"": {""alpha"": 0.1}, ""agg"": ""learned""}",T3,2,3,2003,0.5238,0.4729,0.5667,35.4,False,
2026-10-05 23:16:53,A,A_dinov2_vits14_mlp,"{""grid"": {""alpha"": 0.1}, ""agg"": ""trimmed""}",T3,2,4,2004,0.4839,0.3577,0.3651,34.9,False,
2026-10-05 23:18:51,baseline,B_ft_resnet18,"{""image_size"": 224, ""batch_size"": 64, ""epochs"": 25, ""lr"": 0.0003, ""backbone_lr_mult"": 0.1, ""weight_decay"": 0.0001, ""dropout"": 0.2, ""freeze_epochs"": 3, ""warmup_epochs"": 1, ""aug_strength"": 1.0, ""patience"": 6, ""arch"": ""resnet18"", ""train_patient_mF1"": 0.6961, ""innerval_patient_mF1"": 0.4611, ""best_epoch"": 4}",T3,2,4,2004,0.4611,0.6273,0.6429,131.2,False,
2026-10-05 23:21:27,baseline,B_ft_resnet18,"{""image_size"": 224, ""batch_size"": 64, ""epochs"": 25, ""lr"": 0.0003, ""backbone_lr_mult"": 0.1, ""weight_decay"": 0.0001, ""dropout"": 0.2, ""freeze_epochs"": 3, ""warmup_epochs"": 1, ""aug_strength"": 1.0, ""patience"": 6, ""arch"": ""resnet18"", ""train_patient_mF1"": 0.7544, ""innerval_patient_mF1"": 0.6875, ""best_epoch"": 3}",T2,0,0,0,0.6875,0.7714,0.775,114.3,False,
2026-10-05 23:22:28,baseline,B_ft_resnet18,"{""image_size"": 224, ""batch_size"": 64, ""epochs"": 25, ""lr"": 0.0003, ""backbone_lr_mult"": 0.1, ""weight_decay"": 0.0001, ""dropout"": 0.2, ""freeze_epochs"": 3, ""warmup_epochs"": 1, ""aug_strength"": 1.0, ""patience"": 6, ""arch"": ""resnet18"", ""train_patient_mF1"": 0.7395, ""innerval_patient_mF1"": 0.5733, ""best_epoch"": 1}",T2,0,1,1,0.5733,0.605,0.625,61.1,False,
2026-10-05 23:22:55,A,A_dinov2_vitb14_logreg,"{""grid"": {""C"": 0.001}, ""agg"": ""learned""}",T3,0,0,0,0.4546,0.4844,0.6143,28.4,False,
2026-10-05 23:22:55,A,A_dinov2_vitb14_logreg,"{""grid"": {""C"": 0.01}, ""agg"": ""learned""}",T3,0,1,1,0.4751,0.4564,0.4762,30.4,False,
2026-10-05 23:22:55,A,A_dinov2_vitb14_logreg,"{""grid"": {""C"": 0.001}, ""agg"": ""trimmed""}",T3,0,2,2,0.4968,0.3692,0.3645,28.2,False,
2026-10-05 23:22:55,A,A_dinov2_vitb14_logreg,"{""grid"": {""C"": 0.01}, ""agg"": ""learned""}",T3,0,3,3,0.5509,0.5335,0.6123,28.6,False,
2026-10-05 23:22:55,A,A_dinov2_vitb14_logreg,"{""grid"": {""C"": 0.001}, ""agg"": ""median""}",T3,0,4,4,0.4558,0.5316,0.55,29.2,False,
2026-10-05 23:22:55,A,A_dinov2_vitb14_logreg,"{""grid"": {""C"": 0.1}, ""agg"": ""learned""}",T3,1,0,1000,0.5125,0.5074,0.5802,30.7,False,
2026-10-05 23:22:55,A,A_dinov2_vitb14_logreg,"{""grid"": {""C"": 0.01}, ""agg"": ""learned""}",T3,1,1,1001,0.4859,0.4479,0.4692,28.3,False,
2026-10-05 23:22:55,A,A_dinov2_vitb14_logreg,"{""grid"": {""C"": 0.001}, ""agg"": ""learned""}",T3,1,2,1002,0.5056,0.4624,0.5492,29.0,False,
2026-10-05 23:22:55,A,A_dinov2_vitb14_logreg,"{""grid"": {""C"": 0.001}, ""agg"": ""learned""}",T3,1,3,1003,0.4954,0.4914,0.6048,28.5,False,
2026-10-05 23:22:55,A,A_dinov2_vitb14_logreg,"{""grid"": {""C"": 0.1}, ""agg"": ""mean""}",T3,1,4,1004,0.5051,0.5202,0.5167,31.9,False,
2026-10-05 23:22:55,A,A_dinov2_vitb14_logreg,"{""grid"": {""C"": 1.0}, ""agg"": ""learned""}",T3,2,0,2000,0.4965,0.5307,0.6216,22.0,False,
2026-10-05 23:22:55,A,A_dinov2_vitb14_logreg,"{""grid"": {""C"": 0.001}, ""agg"": ""learned""}",T3,2,1,2001,0.534,0.4538,0.5457,19.1,False,
2026-10-05 23:22:55,A,A_dinov2_vitb14_logreg,"{""grid"": {""C"": 0.001}, ""agg"": ""learned""}",T3,2,2,2002,0.5248,0.3711,0.4365,18.6,False,
2026-10-05 23:22:55,A,A_dinov2_vitb14_logreg,"{""grid"": {""C"": 1.0}, ""agg"": ""trimmed""}",T3,2,3,2003,0.4511,0.435,0.4333,18.2,False,
2026-10-05 23:22:55,A,A_dinov2_vitb14_logreg,"{""grid"": {""C"": 0.01}, ""agg"": ""learned""}",T3,2,4,2004,0.5038,0.631,0.6508,15.6,False,
2026-10-05 23:22:59,A,A_dinov2_vitb14_linsvm,"{""grid"": {""C"": 0.0001}, ""agg"": ""median""}",T3,0,0,0,0.4416,0.4176,0.4381,51.4,False,
2026-10-05 23:22:59,A,A_dinov2_vitb14_linsvm,"{""grid"": {""C"": 0.0001}, ""agg"": ""trimmed""}",T3,0,1,1,0.4897,0.3835,0.3897,51.7,False,
2026-10-05 23:22:59,A,A_dinov2_vitb14_linsvm,"{""grid"": {""C"": 0.0001}, ""agg"": ""median""}",T3,0,2,2,0.4799,0.3844,0.3803,51.8,False,
2026-10-05 23:22:59,A,A_dinov2_vitb14_linsvm,"{""grid"": {""C"": 0.01}, ""agg"": ""learned""}",T3,0,3,3,0.5241,0.4702,0.6058,53.7,False,
2026-10-05 23:22:59,A,A_dinov2_vitb14_linsvm,"{""grid"": {""C"": 0.01}, ""agg"": ""learned""}",T3,0,4,4,0.4775,0.546,0.6325,54.1,False,
2026-10-05 23:22:59,A,A_dinov2_vitb14_linsvm,"{""grid"": {""C"": 0.0001}, ""agg"": ""learned""}",T3,1,0,1000,0.5054,0.5098,0.5802,51.8,False,
2026-10-05 23:22:59,A,A_dinov2_vitb14_linsvm,"{""grid"": {""C"": 0.001}, ""agg"": ""learned""}",T3,1,1,1001,0.5338,0.4216,0.4513,53.9,False,
2026-10-05 23:22:59,A,A_dinov2_vitb14_linsvm,"{""grid"": {""C"": 0.001}, ""agg"": ""learned""}",T3,1,2,1002,0.5017,0.4185,0.4865,52.8,False,
2026-10-05 23:22:59,A,A_dinov2_vitb14_linsvm,"{""grid"": {""C"": 0.001}, ""agg"": ""median""}",T3,1,3,1003,0.4898,0.4348,0.4619,53.0,False,
2026-10-05 23:22:59,A,A_dinov2_vitb14_linsvm,"{""grid"": {""C"": 0.001}, ""agg"": ""logmean""}",T3,1,4,1004,0.5011,0.5401,0.55,51.9,False,
2026-10-05 23:22:59,A,A_dinov2_vitb14_linsvm,"{""grid"": {""C"": 0.01}, ""agg"": ""learned""}",T3,2,0,2000,0.5176,0.478,0.5915,30.0,False,
2026-10-05 23:22:59,A,A_dinov2_vitb14_linsvm,"{""grid"": {""C"": 0.0001}, ""agg"": ""learned""}",T3,2,1,2001,0.4984,0.4697,0.5624,28.1,False,
2026-10-05 23:22:59,A,A_dinov2_vitb14_linsvm,"{""grid"": {""C"": 0.01}, ""agg"": ""learned""}",T3,2,2,2002,0.5508,0.4915,0.6048,29.7,False,
2026-10-05 23:22:59,A,A_dinov2_vitb14_linsvm,"{""grid"": {""C"": 0.001}, ""agg"": ""learned""}",T3,2,3,2003,0.4473,0.4758,0.5778,28.4,False,
2026-10-05 23:22:59,A,A_dinov2_vitb14_linsvm,"{""grid"": {""C"": 0.001}, ""agg"": ""learned""}",T3,2,4,2004,0.4727,0.6482,0.6667,27.1,False,
2026-10-05 23:23:04,A,A_dinov2_vitb14_ridge,"{""grid"": {""alpha"": 10.0}, ""agg"": ""learned""}",T3,0,0,0,0.5003,0.3686,0.446,19.0,False,
2026-10-05 23:23:04,A,A_dinov2_vitb14_ridge,"{""grid"": {""alpha"": 10.0}, ""agg"": ""learned""}",T3,0,1,1,0.5089,0.4462,0.469,18.3,False,
2026-10-05 23:23:04,A,A_dinov2_vitb14_ridge,"{""grid"": {""alpha"": 1000.0}, ""agg"": ""learned""}",T3,0,2,2,0.469,0.6003,0.6538,19.1,False,
2026-10-05 23:23:04,A,A_dinov2_vitb14_ridge,"{""grid"": {""alpha"": 1000.0}, ""agg"": ""learned""}",T3,0,3,3,0.5213,0.4524,0.5503,18.3,False,
2026-10-05 23:23:04,A,A_dinov2_vitb14_ridge,"{""grid"": {""alpha"": 10.0}, ""agg"": ""learned""}",T3,0,4,4,0.4864,0.4761,0.5754,18.7,False,
2026-10-05 23:23:04,A,A_dinov2_vitb14_ridge,"{""grid"": {""alpha"": 10.0}, ""agg"": ""mean""}",T3,1,0,1000,0.5116,0.4341,0.4373,18.3,False,
2026-10-05 23:23:04,A,A_dinov2_vitb14_ridge,"{""grid"": {""alpha"": 10.0}, ""agg"": ""learned""}",T3,1,1,1001,0.484,0.3829,0.4423,18.3,False,
2026-10-05 23:23:04,A,A_dinov2_vitb14_ridge,"{""grid"": {""alpha"": 1000.0}, ""agg"": ""logmean""}",T3,1,2,1002,0.4787,0.471,0.4952,18.3,False,
2026-10-05 23:23:04,A,A_dinov2_vitb14_ridge,"{""grid"": {""alpha"": 1000.0}, ""agg"": ""learned""}",T3,1,3,1003,0.5011,0.4889,0.6048,18.4,False,
2026-10-05 23:23:04,A,A_dinov2_vitb14_ridge,"{""grid"": {""alpha"": 10.0}, ""agg"": ""logmean""}",T3,1,4,1004,0.4837,0.5595,0.5722,19.1,False,
2026-10-05 23:23:04,A,A_dinov2_vitb14_ridge,"{""grid"": {""alpha"": 100.0}, ""agg"": ""logmean""}",T3,2,0,2000,0.4882,0.3021,0.3058,11.7,False,
2026-10-05 23:23:04,A,A_dinov2_vitb14_ridge,"{""grid"": {""alpha"": 10.0}, ""agg"": ""top8""}",T3,2,1,2001,0.4886,0.4233,0.4679,11.2,False,
2026-10-05 23:23:04,A,A_dinov2_vitb14_ridge,"{""grid"": {""alpha"": 100.0}, ""agg"": ""learned""}",T3,2,2,2002,0.5305,0.4302,0.5159,11.2,False,
2026-10-05 23:23:05,A,A_dinov2_vitb14_ridge,"{""grid"": {""alpha"": 1000.0}, ""agg"": ""learned""}",T3,2,3,2003,0.4818,0.4561,0.5611,10.7,False,
2026-10-05 23:23:05,A,A_dinov2_vitb14_ridge,"{""grid"": {""alpha"": 100.0}, ""agg"": ""learned""}",T3,2,4,2004,0.4765,0.5288,0.5476,9.9,False,
2026-10-05 23:23:09,A,A_dinov2_vitb14_lgbm,"{""grid"": {""num_leaves"": 7}, ""agg"": ""learned""}",T3,0,0,0,0.4896,0.541,0.6452,124.2,False,
2026-10-05 23:23:09,A,A_dinov2_vitb14_lgbm,"{""grid"": {""num_leaves"": 7}, ""agg"": ""logmean""}",T3,0,1,1,0.4912,0.3782,0.3802,123.8,False,
2026-10-05 23:23:09,A,A_dinov2_vitb14_lgbm,"{""grid"": {""num_leaves"": 15}, ""agg"": ""learned""}",T3,0,2,2,0.4642,0.5278,0.5965,136.9,False,
2026-10-05 23:23:09,A,A_dinov2_vitb14_lgbm,"{""grid"": {""num_leaves"": 7}, ""agg"": ""logmean""}",T3,0,3,3,0.4862,0.4861,0.4901,123.5,False,
2026-10-05 23:23:09,A,A_dinov2_vitb14_lgbm,"{""grid"": {""num_leaves"": 7}, ""agg"": ""median""}",T3,0,4,4,0.4861,0.558,0.5738,124.1,False,
2026-10-05 23:23:09,A,A_dinov2_vitb14_lgbm,"{""grid"": {""num_leaves"": 7}, ""agg"": ""mean""}",T3,1,0,1000,0.473,0.42,0.4278,123.9,False,
2026-10-05 23:23:09,A,A_dinov2_vitb14_lgbm,"{""grid"": {""num_leaves"": 15}, ""agg"": ""top8""}",T3,1,1,1001,0.4677,0.5532,0.5449,136.0,False,
2026-10-05 23:23:09,A,A_dinov2_vitb14_lgbm,"{""grid"": {""num_leaves"": 15}, ""agg"": ""learned""}",T3,1,2,1002,0.5445,0.448,0.5325,137.1,False,
2026-10-05 23:23:09,A,A_dinov2_vitb14_lgbm,"{""grid"": {""num_leaves"": 7}, ""agg"": ""learned""}",T3,1,3,1003,0.5071,0.3891,0.5405,123.8,False,
2026-10-05 23:23:09,A,A_dinov2_vitb14_lgbm,"{""grid"": {""num_leaves"": 7}, ""agg"": ""top8""}",T3,1,4,1004,0.5309,0.4929,0.4944,123.6,False,
2026-10-05 23:23:09,A,A_dinov2_vitb14_lgbm,"{""grid"": {""num_leaves"": 15}, ""agg"": ""learned""}",T3,2,0,2000,0.5669,0.434,0.515,67.3,False,
2026-10-05 23:23:09,A,A_dinov2_vitb14_lgbm,"{""grid"": {""num_leaves"": 7}, ""agg"": ""median""}",T3,2,1,2001,0.5038,0.3912,0.4047,61.5,False,
2026-10-05 23:23:09,A,A_dinov2_vitb14_lgbm,"{""grid"": {""num_leaves"": 7}, ""agg"": ""learned""}",T3,2,2,2002,0.5224,0.4351,0.5548,60.6,False,
2026-10-05 23:23:09,A,A_dinov2_vitb14_lgbm,"{""grid"": {""num_leaves"": 15}, ""agg"": ""median""}",T3,2,3,2003,0.4649,0.4625,0.4556,65.4,False,
2026-10-05 23:23:09,A,A_dinov2_vitb14_lgbm,"{""grid"": {""num_leaves"": 15}, ""agg"": ""learned""}",T3,2,4,2004,0.4717,0.5178,0.5952,65.6,False,
2026-10-05 23:23:14,A,A_dinov2_vitb14_mlp,"{""grid"": {""alpha"": 0.1}, ""agg"": ""learned""}",T3,0,0,0,0.4668,0.3891,0.5016,89.4,False,
2026-10-05 23:23:14,A,A_dinov2_vitb14_mlp,"{""grid"": {""alpha"": 1.0}, ""agg"": ""median""}",T3,0,1,1,0.4668,0.3709,0.3675,82.1,False,
2026-10-05 23:23:14,A,A_dinov2_vitb14_mlp,"{""grid"": {""alpha"": 0.1}, ""agg"": ""learned""}",T3,0,2,2,0.4583,0.4895,0.5311,82.6,False,
2026-10-05 23:23:14,A,A_dinov2_vitb14_mlp,"{""grid"": {""alpha"": 0.1}, ""agg"": ""learned""}",T3,0,3,3,0.5026,0.4844,0.5392,89.0,False,
2026-10-05 23:23:14,A,A_dinov2_vitb14_mlp,"{""grid"": {""alpha"": 0.1}, ""agg"": ""top8""}",T3,0,4,4,0.4086,0.5318,0.5278,88.9,False,
2026-10-05 23:23:14,A,A_dinov2_vitb14_mlp,"{""grid"": {""alpha"": 1.0}, ""agg"": ""logmean""}",T3,1,0,1000,0.5086,0.3565,0.3508,79.1,False,
2026-10-05 23:23:14,A,A_dinov2_vitb14_mlp,"{""grid"": {""alpha"": 1.0}, ""agg"": ""logmean""}",T3,1,1,1001,0.4644,0.5675,0.5282,76.3,False,
2026-10-05 23:23:14,A,A_dinov2_vitb14_mlp,"{""grid"": {""alpha"": 1.0}, ""agg"": ""learned""}",T3,1,2,1002,0.5314,0.3408,0.3905,86.5,False,
2026-10-05 23:23:14,A,A_dinov2_vitb14_mlp,"{""grid"": {""alpha"": 0.1}, ""agg"": ""learned""}",T3,1,3,1003,0.4519,0.5411,0.6452,75.6,False,
2026-10-05 23:23:14,A,A_dinov2_vitb14_mlp,"{""grid"": {""alpha"": 0.1}, ""agg"": ""top8""}",T3,1,4,1004,0.4917,0.5079,0.5056,78.2,False,
2026-10-05 23:23:14,A,A_dinov2_vitb14_mlp,"{""grid"": {""alpha"": 1.0}, ""agg"": ""learned""}",T3,2,0,2000,0.5107,0.4356,0.5564,38.7,False,
2026-10-05 23:23:14,A,A_dinov2_vitb14_mlp,"{""grid"": {""alpha"": 1.0}, ""agg"": ""learned""}",T3,2,1,2001,0.4778,0.4421,0.5068,38.0,False,
2026-10-05 23:23:14,A,A_dinov2_vitb14_mlp,"{""grid"": {""alpha"": 1.0}, ""agg"": ""learned""}",T3,2,2,2002,0.4826,0.4616,0.5397,39.3,False,
2026-10-05 23:23:14,A,A_dinov2_vitb14_mlp,"{""grid"": {""alpha"": 1.0}, ""agg"": ""learned""}",T3,2,3,2003,0.4959,0.4614,0.5611,36.4,False,
2026-10-05 23:23:14,A,A_dinov2_vitb14_mlp,"{""grid"": {""alpha"": 0.1}, ""agg"": ""trimmed""}",T3,2,4,2004,0.4747,0.4126,0.4127,36.9,False,
2026-10-05 23:24:18,baseline,B_ft_resnet18,"{""image_size"": 224, ""batch_size"": 64, ""epochs"": 25, ""lr"": 0.0003, ""backbone_lr_mult"": 0.1, ""weight_decay"": 0.0001, ""dropout"": 0.2, ""freeze_epochs"": 3, ""warmup_epochs"": 1, ""aug_strength"": 1.0, ""patience"": 6, ""arch"": ""resnet18"", ""train_patient_mF1"": 0.8281, ""innerval_patient_mF1"": 0.749, ""best_epoch"": 4}",T2,0,2,2,0.749,0.7737,0.7732,109.5,False,
2026-10-05 23:26:36,baseline,B_ft_resnet18,"{""image_size"": 224, ""batch_size"": 64, ""epochs"": 25, ""lr"": 0.0003, ""backbone_lr_mult"": 0.1, ""weight_decay"": 0.0001, ""dropout"": 0.2, ""freeze_epochs"": 3, ""warmup_epochs"": 1, ""aug_strength"": 1.0, ""patience"": 6, ""arch"": ""resnet18"", ""train_patient_mF1"": 0.8413, ""innerval_patient_mF1"": 0.6863, ""best_epoch"": 4}",T2,0,3,3,0.6863,0.6732,0.6805,138.0,False,
2026-10-05 23:28:26,baseline,B_ft_resnet18,"{""image_size"": 224, ""batch_size"": 64, ""epochs"": 25, ""lr"": 0.0003, ""backbone_lr_mult"": 0.1, ""weight_decay"": 0.0001, ""dropout"": 0.2, ""freeze_epochs"": 3, ""warmup_epochs"": 1, ""aug_strength"": 1.0, ""patience"": 6, ""arch"": ""resnet18"", ""train_patient_mF1"": 0.7951, ""innerval_patient_mF1"": 0.7163, ""best_epoch"": 4}",T2,0,4,4,0.7163,0.8249,0.825,109.9,False,
2026-10-05 23:29:52,A,A_biomedclip_logreg,"{""grid"": {""C"": 0.001}, ""agg"": ""logmean""}",T3,0,0,0,0.5317,0.515,0.5262,48.0,False,
2026-10-05 23:29:52,A,A_biomedclip_logreg,"{""grid"": {""C"": 0.1}, ""agg"": ""logmean""}",T3,0,1,1,0.5387,0.4676,0.4706,53.6,False,
2026-10-05 23:29:52,A,A_biomedclip_logreg,"{""grid"": {""C"": 0.1}, ""agg"": ""top8""}",T3,0,2,2,0.553,0.4351,0.4371,52.8,False,
2026-10-05 23:29:52,A,A_biomedclip_logreg,"{""grid"": {""C"": 0.1}, ""agg"": ""top8""}",T3,0,3,3,0.5481,0.5,0.6234,51.3,False,
2026-10-05 23:29:52,A,A_biomedclip_logreg,"{""grid"": {""C"": 0.01}, ""agg"": ""learned""}",T3,0,4,4,0.5249,0.4532,0.5421,48.0,False,
2026-10-05 23:29:52,A,A_biomedclip_logreg,"{""grid"": {""C"": 0.01}, ""agg"": ""top8""}",T3,1,0,1000,0.5863,0.3715,0.4365,46.9,False,
2026-10-05 23:29:52,A,A_biomedclip_logreg,"{""grid"": {""C"": 0.01}, ""agg"": ""mean""}",T3,1,1,1001,0.5199,0.5457,0.5615,50.8,False,
2026-10-05 23:29:52,A,A_biomedclip_logreg,"{""grid"": {""C"": 0.001}, ""agg"": ""mean""}",T3,1,2,1002,0.5445,0.4073,0.4381,47.2,False,
2026-10-05 23:29:52,A,A_biomedclip_logreg,"{""grid"": {""C"": 0.1}, ""agg"": ""top8""}",T3,1,3,1003,0.5282,0.5741,0.6373,51.6,False,
2026-10-05 23:29:52,A,A_biomedclip_logreg,"{""grid"": {""C"": 1.0}, ""agg"": ""logmean""}",T3,1,4,1004,0.5471,0.5558,0.5667,64.2,False,
2026-10-05 23:29:52,A,A_biomedclip_logreg,"{""grid"": {""C"": 1.0}, ""agg"": ""logmean""}",T3,2,0,2000,0.5542,0.4311,0.4311,35.5,False,
2026-10-05 23:29:52,A,A_biomedclip_logreg,"{""grid"": {""C"": 0.001}, ""agg"": ""median""}",T3,2,1,2001,0.5199,0.521,0.5372,25.2,False,
2026-10-05 23:29:52,A,A_biomedclip_logreg,"{""grid"": {""C"": 0.001}, ""agg"": ""trimmed""}",T3,2,2,2002,0.4952,0.5957,0.6294,25.0,False,
2026-10-05 23:29:52,A,A_biomedclip_logreg,"{""grid"": {""C"": 0.001}, ""agg"": ""logmean""}",T3,2,3,2003,0.5183,0.5943,0.65,23.2,False,
2026-10-05 23:29:52,A,A_biomedclip_logreg,"{""grid"": {""C"": 0.001}, ""agg"": ""median""}",T3,2,4,2004,0.5157,0.6296,0.6825,24.2,False,
2026-10-05 23:29:57,baseline,B_ft_resnet18,"{""image_size"": 224, ""batch_size"": 64, ""epochs"": 25, ""lr"": 0.0003, ""backbone_lr_mult"": 0.1, ""weight_decay"": 0.0001, ""dropout"": 0.2, ""freeze_epochs"": 3, ""warmup_epochs"": 1, ""aug_strength"": 1.0, ""patience"": 6, ""arch"": ""resnet18"", ""train_patient_mF1"": 0.8358, ""innerval_patient_mF1"": 0.781, ""best_epoch"": 4}",T2,1,0,1000,0.781,0.6465,0.65,90.6,False,
2026-10-05 23:29:58,A,A_biomedclip_linsvm,"{""grid"": {""C"": 0.001}, ""agg"": ""mean""}",T3,0,0,0,0.4917,0.5411,0.5524,67.3,False,
2026-10-05 23:29:58,A,A_biomedclip_linsvm,"{""grid"": {""C"": 0.001}, ""agg"": ""mean""}",T3,0,1,1,0.5171,0.3816,0.3841,65.3,False,
2026-10-05 23:29:58,A,A_biomedclip_linsvm,"{""grid"": {""C"": 0.001}, ""agg"": ""mean""}",T3,0,2,2,0.518,0.389,0.3858,65.2,False,
2026-10-05 23:29:58,A,A_biomedclip_linsvm,"{""grid"": {""C"": 0.001}, ""agg"": ""top8""}",T3,0,3,3,0.5521,0.552,0.5789,65.7,False,
2026-10-05 23:29:58,A,A_biomedclip_linsvm,"{""grid"": {""C"": 0.01}, ""agg"": ""trimmed""}",T3,0,4,4,0.5052,0.6215,0.6484,69.7,False,
2026-10-05 23:29:58,A,A_biomedclip_linsvm,"{""grid"": {""C"": 0.01}, ""agg"": ""mean""}",T3,1,0,1000,0.5992,0.4708,0.469,70.6,False,
2026-10-05 23:29:58,A,A_biomedclip_linsvm,"{""grid"": {""C"": 0.0001}, ""agg"": ""top8""}",T3,1,1,1001,0.5279,0.5613,0.5782,65.1,False,
2026-10-05 23:29:58,A,A_biomedclip_linsvm,"{""grid"": {""C"": 0.0001}, ""agg"": ""logmean""}",T3,1,2,1002,0.537,0.4403,0.5032,63.4,False,
2026-10-05 23:29:58,A,A_biomedclip_linsvm,"{""grid"": {""C"": 0.01}, ""agg"": ""top8""}",T3,1,3,1003,0.5347,0.5528,0.5667,69.1,False,
2026-10-05 23:29:58,A,A_biomedclip_linsvm,"{""grid"": {""C"": 0.01}, ""agg"": ""top8""}",T3,1,4,1004,0.5542,0.4263,0.4444,70.9,False,
2026-10-05 23:29:58,A,A_biomedclip_linsvm,"{""grid"": {""C"": 0.001}, ""agg"": ""logmean""}",T3,2,0,2000,0.5542,0.3625,0.3596,33.5,False,
2026-10-05 23:29:58,A,A_biomedclip_linsvm,"{""grid"": {""C"": 0.0001}, ""agg"": ""logmean""}",T3,2,1,2001,0.5241,0.5315,0.5671,32.0,False,
2026-10-05 23:29:58,A,A_biomedclip_linsvm,"{""grid"": {""C"": 0.01}, ""agg"": ""trimmed""}",T3,2,2,2002,0.4805,0.4964,0.5016,36.3,False,
2026-10-05 23:29:58,A,A_biomedclip_linsvm,"{""grid"": {""C"": 0.0001}, ""agg"": ""mean""}",T3,2,3,2003,0.5253,0.5944,0.65,31.1,False,
2026-10-05 23:29:58,A,A_biomedclip_linsvm,"{""grid"": {""C"": 0.0001}, ""agg"": ""trimmed""}",T3,2,4,2004,0.492,0.6174,0.6746,31.3,False,
2026-10-05 23:30:02,A,A_biomedclip_ridge,"{""grid"": {""alpha"": 1000.0}, ""agg"": ""learned""}",T3,0,0,0,0.5079,0.5194,0.5675,25.1,False,
2026-10-05 23:30:03,A,A_biomedclip_ridge,"{""grid"": {""alpha"": 1000.0}, ""agg"": ""trimmed""}",T3,0,1,1,0.5654,0.4635,0.4857,25.1,False,
2026-10-05 23:30:03,A,A_biomedclip_ridge,"{""grid"": {""alpha"": 100.0}, ""agg"": ""top8""}",T3,0,2,2,0.539,0.5146,0.5226,24.8,False,
2026-10-05 23:30:03,A,A_biomedclip_ridge,"{""grid"": {""alpha"": 10.0}, ""agg"": ""top8""}",T3,0,3,3,0.5471,0.5126,0.5567,24.5,False,
2026-10-05 23:30:03,A,A_biomedclip_ridge,"{""grid"": {""alpha"": 10.0}, ""agg"": ""top8""}",T3,0,4,4,0.5041,0.5177,0.5675,25.3,False,
2026-10-05 23:30:03,A,A_biomedclip_ridge,"{""grid"": {""alpha"": 100.0}, ""agg"": ""logmean""}",T3,1,0,1000,0.5744,0.3893,0.4214,24.9,False,
2026-10-05 23:30:03,A,A_biomedclip_ridge,"{""grid"": {""alpha"": 100.0}, ""agg"": ""mean""}",T3,1,1,1001,0.4948,0.6181,0.6504,25.0,False,
2026-10-05 23:30:03,A,A_biomedclip_ridge,"{""grid"": {""alpha"": 100.0}, ""agg"": ""median""}",T3,1,2,1002,0.5238,0.4651,0.5175,27.5,False,
2026-10-05 23:30:03,A,A_biomedclip_ridge,"{""grid"": {""alpha"": 1000.0}, ""agg"": ""top8""}",T3,1,3,1003,0.4995,0.4793,0.5659,26.8,False,
2026-10-05 23:30:03,A,A_biomedclip_ridge,"{""grid"": {""alpha"": 100.0}, ""agg"": ""trimmed""}",T3,1,4,1004,0.5173,0.4848,0.5389,29.4,False,
2026-10-05 23:30:03,A,A_biomedclip_ridge,"{""grid"": {""alpha"": 10.0}, ""agg"": ""mean""}",T3,2,0,2000,0.5496,0.47,0.4787,14.5,False,
2026-10-05 23:30:03,A,A_biomedclip_ridge,"{""grid"": {""alpha"": 1000.0}, ""agg"": ""mean""}",T3,2,1,2001,0.5394,0.514,0.5581,13.0,False,
2026-10-05 23:30:03,A,A_biomedclip_ridge,"{""grid"": {""alpha"": 100.0}, ""agg"": ""logmean""}",T3,2,2,2002,0.471,0.6083,0.6683,13.5,False,
2026-10-05 23:30:03,A,A_biomedclip_ridge,"{""grid"": {""alpha"": 1000.0}, ""agg"": ""mean""}",T3,2,3,2003,0.5188,0.6247,0.7167,12.0,False,
2026-10-05 23:30:03,A,A_biomedclip_ridge,"{""grid"": {""alpha"": 1000.0}, ""agg"": ""median""}",T3,2,4,2004,0.5023,0.6506,0.7302,12.0,False,
2026-10-05 23:30:08,A,A_biomedclip_lgbm,"{""grid"": {""num_leaves"": 7}, ""agg"": ""learned""}",T3,0,0,0,0.5097,0.5127,0.5897,130.0,False,
2026-10-05 23:30:08,A,A_biomedclip_lgbm,"{""grid"": {""num_leaves"": 7}, ""agg"": ""learned""}",T3,0,1,1,0.4877,0.5018,0.573,132.3,False,
2026-10-05 23:30:08,A,A_biomedclip_lgbm,"{""grid"": {""num_leaves"": 7}, ""agg"": ""top8""}",T3,0,2,2,0.4819,0.4424,0.4414,130.6,False,
2026-10-05 23:30:08,A,A_biomedclip_lgbm,"{""grid"": {""num_leaves"": 7}, ""agg"": ""logmean""}",T3,0,3,3,0.5034,0.5353,0.5456,131.2,False,
2026-10-05 23:30:08,A,A_biomedclip_lgbm,"{""grid"": {""num_leaves"": 7}, ""agg"": ""mean""}",T3,0,4,4,0.4785,0.451,0.454,131.0,False,
2026-10-05 23:30:08,A,A_biomedclip_lgbm,"{""grid"": {""num_leaves"": 7}, ""agg"": ""top8""}",T3,1,0,1000,0.5964,0.3687,0.3651,131.3,False,
2026-10-05 23:30:08,A,A_biomedclip_lgbm,"{""grid"": {""num_leaves"": 7}, ""agg"": ""learned""}",T3,1,1,1001,0.4952,0.5404,0.606,130.8,False,
2026-10-05 23:30:08,A,A_biomedclip_lgbm,"{""grid"": {""num_leaves"": 7}, ""agg"": ""learned""}",T3,1,2,1002,0.4822,0.4228,0.5087,129.3,False,
2026-10-05 23:30:08,A,A_biomedclip_lgbm,"{""grid"": {""num_leaves"": 7}, ""agg"": ""median""}",T3,1,3,1003,0.5208,0.4261,0.4302,132.0,False,
2026-10-05 23:30:08,A,A_biomedclip_lgbm,"{""grid"": {""num_leaves"": 7}, ""agg"": ""learned""}",T3,1,4,1004,0.5006,0.4283,0.55,137.0,False,
2026-10-05 23:30:08,A,A_biomedclip_lgbm,"{""grid"": {""num_leaves"": 7}, ""agg"": ""top8""}",T3,2,0,2000,0.5522,0.3459,0.3421,63.2,False,
2026-10-05 23:30:08,A,A_biomedclip_lgbm,"{""grid"": {""num_leaves"": 7}, ""agg"": ""trimmed""}",T3,2,1,2001,0.4852,0.4926,0.5026,61.9,False,
2026-10-05 23:30:08,A,A_biomedclip_lgbm,"{""grid"": {""num_leaves"": 7}, ""agg"": ""median""}",T3,2,2,2002,0.4933,0.4508,0.4603,61.4,False,
2026-10-05 23:30:08,A,A_biomedclip_lgbm,"{""grid"": {""num_leaves"": 7}, ""agg"": ""trimmed""}",T3,2,3,2003,0.544,0.6071,0.6278,60.0,False,
2026-10-05 23:30:08,A,A_biomedclip_lgbm,"{""grid"": {""num_leaves"": 7}, ""agg"": ""learned""}",T3,2,4,2004,0.485,0.537,0.5794,61.0,False,
2026-10-05 23:30:13,A,A_biomedclip_mlp,"{""grid"": {""alpha"": 1.0}, ""agg"": ""learned""}",T3,0,0,0,0.486,0.4032,0.4698,84.8,False,
2026-10-05 23:30:13,A,A_biomedclip_mlp,"{""grid"": {""alpha"": 0.1}, ""agg"": ""median""}",T3,0,1,1,0.4942,0.4091,0.3913,92.1,False,
2026-10-05 23:30:13,A,A_biomedclip_mlp,"{""grid"": {""alpha"": 1.0}, ""agg"": ""mean""}",T3,0,2,2,0.4913,0.4329,0.4591,89.6,False,
2026-10-05 23:30:13,A,A_biomedclip_mlp,"{""grid"": {""alpha"": 0.1}, ""agg"": ""learned""}",T3,0,3,3,0.5259,0.4524,0.5503,90.7,False,
2026-10-05 23:30:13,A,A_biomedclip_mlp,"{""grid"": {""alpha"": 1.0}, ""agg"": ""learned""}",T3,0,4,4,0.4815,0.4889,0.5754,92.6,False,
2026-10-05 23:30:13,A,A_biomedclip_mlp,"{""grid"": {""alpha"": 0.1}, ""agg"": ""trimmed""}",T3,1,0,1000,0.5884,0.2659,0.2881,85.1,False,
2026-10-05 23:30:13,A,A_biomedclip_mlp,"{""grid"": {""alpha"": 1.0}, ""agg"": ""trimmed""}",T3,1,1,1001,0.482,0.5416,0.5316,87.1,False,
2026-10-05 23:30:13,A,A_biomedclip_mlp,"{""grid"": {""alpha"": 1.0}, ""agg"": ""top8""}",T3,1,2,1002,0.4932,0.395,0.4008,95.5,False,
2026-10-05 23:30:13,A,A_biomedclip_mlp,"{""grid"": {""alpha"": 1.0}, ""agg"": ""logmean""}",T3,1,3,1003,0.5002,0.5009,0.5032,88.8,False,
2026-10-05 23:30:13,A,A_biomedclip_mlp,"{""grid"": {""alpha"": 1.0}, ""agg"": ""logmean""}",T3,1,4,1004,0.4717,0.4392,0.4389,85.0,False,
2026-10-05 23:30:13,A,A_biomedclip_mlp,"{""grid"": {""alpha"": 1.0}, ""agg"": ""logmean""}",T3,2,0,2000,0.5058,0.4025,0.401,36.5,False,
2026-10-05 23:30:13,A,A_biomedclip_mlp,"{""grid"": {""alpha"": 1.0}, ""agg"": ""learned""}",T3,2,1,2001,0.4544,0.5092,0.588,39.6,False,
2026-10-05 23:30:13,A,A_biomedclip_mlp,"{""grid"": {""alpha"": 0.1}, ""agg"": ""learned""}",T3,2,2,2002,0.4792,0.3671,0.3659,40.6,False,
2026-10-05 23:30:13,A,A_biomedclip_mlp,"{""grid"": {""alpha"": 1.0}, ""agg"": ""logmean""}",T3,2,3,2003,0.4666,0.4989,0.5,38.1,False,
2026-10-05 23:30:13,A,A_biomedclip_mlp,"{""grid"": {""alpha"": 1.0}, ""agg"": ""trimmed""}",T3,2,4,2004,0.4833,0.4636,0.4603,38.1,False,
2026-10-05 23:30:30,A,A_handcrafted_logreg,"{""grid"": {""C"": 1.0}, ""agg"": ""median""}",T3,0,0,0,0.4464,0.4832,0.5659,2.4,False,
2026-10-05 23:30:30,A,A_handcrafted_logreg,"{""grid"": {""C"": 1.0}, ""agg"": ""median""}",T3,0,1,1,0.4873,0.4626,0.5714,2.5,False,
2026-10-05 23:30:30,A,A_handcrafted_logreg,"{""grid"": {""C"": 0.01}, ""agg"": ""logmean""}",T3,0,2,2,0.5136,0.4136,0.42,2.2,False,
2026-10-05 23:30:30,A,A_handcrafted_logreg,"{""grid"": {""C"": 1.0}, ""agg"": ""logmean""}",T3,0,3,3,0.4937,0.543,0.6503,2.4,False,
2026-10-05 23:30:30,A,A_handcrafted_logreg,"{""grid"": {""C"": 0.1}, ""agg"": ""mean""}",T3,0,4,4,0.4944,0.4332,0.4397,2.4,False,
2026-10-05 23:30:30,A,A_handcrafted_logreg,"{""grid"": {""C"": 1.0}, ""agg"": ""logmean""}",T3,1,0,1000,0.4691,0.4704,0.5222,2.4,False,
2026-10-05 23:30:30,A,A_handcrafted_logreg,"{""grid"": {""C"": 1.0}, ""agg"": ""trimmed""}",T3,1,1,1001,0.4902,0.4393,0.5368,2.3,False,
2026-10-05 23:30:30,A,A_handcrafted_logreg,"{""grid"": {""C"": 1.0}, ""agg"": ""trimmed""}",T3,1,2,1002,0.4908,0.4875,0.5563,2.4,False,
2026-10-05 23:30:30,A,A_handcrafted_logreg,"{""grid"": {""C"": 1.0}, ""agg"": ""logmean""}",T3,1,3,1003,0.5136,0.4506,0.4786,2.4,False,
2026-10-05 23:30:30,A,A_handcrafted_logreg,"{""grid"": {""C"": 1.0}, ""agg"": ""mean""}",T3,1,4,1004,0.4853,0.5239,0.5778,2.4,False,
2026-10-05 23:30:30,A,A_handcrafted_logreg,"{""grid"": {""C"": 1.0}, ""agg"": ""logmean""}",T3,2,0,2000,0.5197,0.4374,0.4612,1.5,False,
2026-10-05 23:30:30,A,A_handcrafted_logreg,"{""grid"": {""C"": 1.0}, ""agg"": ""logmean""}",T3,2,1,2001,0.4981,0.5082,0.588,1.5,False,
2026-10-05 23:30:30,A,A_handcrafted_logreg,"{""grid"": {""C"": 1.0}, ""agg"": ""learned""}",T3,2,2,2002,0.4541,0.4302,0.5159,1.5,False,
2026-10-05 23:30:30,A,A_handcrafted_logreg,"{""grid"": {""C"": 1.0}, ""agg"": ""logmean""}",T3,2,3,2003,0.4835,0.3866,0.4167,1.4,False,
2026-10-05 23:30:30,A,A_handcrafted_logreg,"{""grid"": {""C"": 1.0}, ""agg"": ""learned""}",T3,2,4,2004,0.4436,0.5873,0.6825,1.5,False,
2026-10-05 23:31:30,baseline,B_ft_resnet18,"{""image_size"": 224, ""batch_size"": 64, ""epochs"": 25, ""lr"": 0.0003, ""backbone_lr_mult"": 0.1, ""weight_decay"": 0.0001, ""dropout"": 0.2, ""freeze_epochs"": 3, ""warmup_epochs"": 1, ""aug_strength"": 1.0, ""patience"": 6, ""arch"": ""resnet18"", ""train_patient_mF1"": 0.7264, ""innerval_patient_mF1"": 0.7232, ""best_epoch"": 3}",T2,1,1,1001,0.7232,0.8461,0.8474,92.9,False,
2026-10-05 23:31:35,A,A_convnext_tiny_ordlogreg,"{""grid"": {""C"": 1.0}, ""agg"": ""learned""}",T3,0,0,0,0.5252,0.4966,0.519,33.5,False,
2026-10-05 23:31:35,A,A_convnext_tiny_ordlogreg,"{""grid"": {""C"": 0.01}, ""agg"": ""top8""}",T3,0,1,1,0.4977,0.4138,0.4643,32.5,False,
2026-10-05 23:31:35,A,A_convnext_tiny_ordlogreg,"{""grid"": {""C"": 1.0}, ""agg"": ""trimmed""}",T3,0,2,2,0.5177,0.5188,0.5189,32.8,False,
2026-10-05 23:31:35,A,A_convnext_tiny_ordlogreg,"{""grid"": {""C"": 0.1}, ""agg"": ""median""}",T3,0,3,3,0.5119,0.4843,0.5187,32.7,False,
2026-10-05 23:31:35,A,A_convnext_tiny_ordlogreg,"{""grid"": {""C"": 0.001}, ""agg"": ""learned""}",T3,0,4,4,0.4804,0.5133,0.5992,31.3,False,
2026-10-05 23:31:35,A,A_convnext_tiny_ordlogreg,"{""grid"": {""C"": 0.1}, ""agg"": ""top8""}",T3,1,0,1000,0.5563,0.4159,0.4643,33.1,False,
2026-10-05 23:31:35,A,A_convnext_tiny_ordlogreg,"{""grid"": {""C"": 0.01}, ""agg"": ""median""}",T3,1,1,1001,0.5185,0.4177,0.4979,31.8,False,
2026-10-05 23:31:35,A,A_convnext_tiny_ordlogreg,"{""grid"": {""C"": 0.001}, ""agg"": ""learned""}",T3,1,2,1002,0.5264,0.4075,0.4698,32.3,False,
2026-10-05 23:31:35,A,A_convnext_tiny_ordlogreg,"{""grid"": {""C"": 1.0}, ""agg"": ""trimmed""}",T3,1,3,1003,0.4261,0.522,0.5675,33.2,False,
2026-10-05 23:31:35,A,A_convnext_tiny_ordlogreg,"{""grid"": {""C"": 0.01}, ""agg"": ""mean""}",T3,1,4,1004,0.4956,0.5811,0.6167,31.5,False,
2026-10-05 23:31:35,A,A_convnext_tiny_ordlogreg,"{""grid"": {""C"": 0.01}, ""agg"": ""mean""}",T3,2,0,2000,0.5217,0.4759,0.5614,17.9,False,
2026-10-05 23:31:35,A,A_convnext_tiny_ordlogreg,"{""grid"": {""C"": 0.01}, ""agg"": ""learned""}",T3,2,1,2001,0.5252,0.4088,0.4513,18.1,False,
2026-10-05 23:31:35,A,A_convnext_tiny_ordlogreg,"{""grid"": {""C"": 0.01}, ""agg"": ""top8""}",T3,2,2,2002,0.489,0.5022,0.5508,17.9,False,
2026-10-05 23:31:35,A,A_convnext_tiny_ordlogreg,"{""grid"": {""C"": 1.0}, ""agg"": ""median""}",T3,2,3,2003,0.501,0.4789,0.5056,17.9,False,
2026-10-05 23:31:35,A,A_convnext_tiny_ordlogreg,"{""grid"": {""C"": 0.1}, ""agg"": ""mean""}",T3,2,4,2004,0.469,0.4109,0.4286,17.3,False,
2026-10-05 23:32:53,B,B_mil_attn_resnet50,"{""hidden"": 64, ""dropout"": 0.5, ""slice_drop"": 0.0, ""wd"": 0.0001, ""epochs"": 17, ""T"": 0.858, ""train_patient_mF1"": 0.8555}",T3,0,0,0,0.5121,0.434,0.4619,84.6,False,16 configs x 3 inner folds
2026-10-05 23:33:24,A,A_convnext_tiny_logreg_pos,"{""grid"": {""C"": 0.001}, ""agg"": ""median""}",T3,0,0,0,0.5455,0.4564,0.4635,56.9,True,positions ablation
2026-10-05 23:33:24,A,A_convnext_tiny_logreg_pos,"{""grid"": {""C"": 0.001}, ""agg"": ""top8""}",T3,0,1,1,0.5432,0.461,0.4881,57.4,True,positions ablation
2026-10-05 23:33:24,A,A_convnext_tiny_logreg_pos,"{""grid"": {""C"": 1.0}, ""agg"": ""mean""}",T3,0,2,2,0.5186,0.5343,0.5385,62.8,True,positions ablation
2026-10-05 23:33:24,A,A_convnext_tiny_logreg_pos,"{""grid"": {""C"": 0.001}, ""agg"": ""logmean""}",T3,0,3,3,0.5581,0.4972,0.5234,60.6,True,positions ablation
2026-10-05 23:33:24,A,A_convnext_tiny_logreg_pos,"{""grid"": {""C"": 0.1}, ""agg"": ""mean""}",T3,0,4,4,0.4975,0.6782,0.7325,59.5,True,positions ablation
2026-10-05 23:33:24,A,A_convnext_tiny_logreg_pos,"{""grid"": {""C"": 0.001}, ""agg"": ""mean""}",T3,1,0,1000,0.5534,0.428,0.4302,56.4,True,positions ablation
2026-10-05 23:33:24,A,A_convnext_tiny_logreg_pos,"{""grid"": {""C"": 0.01}, ""agg"": ""trimmed""}",T3,1,1,1001,0.5058,0.5576,0.6137,60.8,True,positions ablation
2026-10-05 23:33:24,A,A_convnext_tiny_logreg_pos,"{""grid"": {""C"": 0.01}, ""agg"": ""mean""}",T3,1,2,1002,0.5201,0.4524,0.4786,61.1,True,positions ablation
2026-10-05 23:33:24,A,A_convnext_tiny_logreg_pos,"{""grid"": {""C"": 0.001}, ""agg"": ""mean""}",T3,1,3,1003,0.5038,0.5127,0.5579,57.9,True,positions ablation
2026-10-05 23:33:24,A,A_convnext_tiny_logreg_pos,"{""grid"": {""C"": 0.001}, ""agg"": ""learned""}",T3,1,4,1004,0.5046,0.6012,0.6278,59.8,True,positions ablation
2026-10-05 23:33:24,A,A_convnext_tiny_logreg_pos,"{""grid"": {""C"": 0.01}, ""agg"": ""logmean""}",T3,2,0,2000,0.5603,0.4916,0.5138,33.1,True,positions ablation
2026-10-05 23:33:24,A,A_convnext_tiny_logreg_pos,"{""grid"": {""C"": 0.1}, ""agg"": ""top8""}",T3,2,1,2001,0.5148,0.4605,0.4936,35.2,True,positions ablation
2026-10-05 23:33:24,A,A_convnext_tiny_logreg_pos,"{""grid"": {""C"": 0.01}, ""agg"": ""top8""}",T3,2,2,2002,0.4907,0.46,0.4683,34.1,True,positions ablation
2026-10-05 23:33:24,A,A_convnext_tiny_logreg_pos,"{""grid"": {""C"": 0.001}, ""agg"": ""top8""}",T3,2,3,2003,0.5227,0.4986,0.5389,32.6,True,positions ablation
2026-10-05 23:33:24,A,A_convnext_tiny_logreg_pos,"{""grid"": {""C"": 0.001}, ""agg"": ""top8""}",T3,2,4,2004,0.4895,0.5154,0.5238,32.2,True,positions ablation
2026-10-05 23:33:34,baseline,B_ft_resnet18,"{""image_size"": 224, ""batch_size"": 64, ""epochs"": 25, ""lr"": 0.0003, ""backbone_lr_mult"": 0.1, ""weight_decay"": 0.0001, ""dropout"": 0.2, ""freeze_epochs"": 3, ""warmup_epochs"": 1, ""aug_strength"": 1.0, ""patience"": 6, ""arch"": ""resnet18"", ""train_patient_mF1"": 0.8431, ""innerval_patient_mF1"": 0.7185, ""best_epoch"": 4}",T2,1,2,1002,0.7185,0.7475,0.75,124.4,False,
2026-10-05 23:33:47,B,B_mil_attn_resnet50,"{""hidden"": 128, ""dropout"": 0.5, ""slice_drop"": 0.3, ""wd"": 0.0001, ""epochs"": 14, ""T"": 0.809, ""train_patient_mF1"": 0.8454}",T3,0,1,1,0.5242,0.405,0.4214,53.8,False,16 configs x 3 inner folds
2026-10-05 23:34:48,B,B_mil_attn_resnet50,"{""hidden"": 64, ""dropout"": 0.25, ""slice_drop"": 0.3, ""wd"": 0.0001, ""epochs"": 16, ""T"": 1.086, ""train_patient_mF1"": 0.8424}",T3,0,2,2,0.4967,0.4825,0.5073,61.3,False,16 configs x 3 inner folds
2026-10-05 23:34:49,A,A_resnet50_25d_logreg,"{""grid"": {""C"": 0.01}, ""agg"": ""top8""}",T3,0,0,0,0.5594,0.4596,0.5103,41.5,False,
2026-10-05 23:34:49,A,A_resnet50_25d_logreg,"{""grid"": {""C"": 0.001}, ""agg"": ""median""}",T3,0,1,1,0.6028,0.4371,0.4452,36.9,False,
2026-10-05 23:34:49,A,A_resnet50_25d_logreg,"{""grid"": {""C"": 0.1}, ""agg"": ""top8""}",T3,0,2,2,0.5245,0.5417,0.5586,45.3,False,
2026-10-05 23:34:49,A,A_resnet50_25d_logreg,"{""grid"": {""C"": 0.01}, ""agg"": ""median""}",T3,0,3,3,0.5669,0.4295,0.4456,39.2,False,
2026-10-05 23:34:49,A,A_resnet50_25d_logreg,"{""grid"": {""C"": 0.001}, ""agg"": ""logmean""}",T3,0,4,4,0.525,0.5949,0.6071,36.6,False,
2026-10-05 23:34:49,A,A_resnet50_25d_logreg,"{""grid"": {""C"": 0.001}, ""agg"": ""top8""}",T3,1,0,1000,0.5605,0.4698,0.5175,37.4,False,
2026-10-05 23:34:49,A,A_resnet50_25d_logreg,"{""grid"": {""C"": 0.001}, ""agg"": ""learned""}",T3,1,1,1001,0.5495,0.5792,0.6393,37.0,False,
2026-10-05 23:34:49,A,A_resnet50_25d_logreg,"{""grid"": {""C"": 0.01}, ""agg"": ""learned""}",T3,1,2,1002,0.5926,0.4809,0.5659,38.0,False,
2026-10-05 23:34:49,A,A_resnet50_25d_logreg,"{""grid"": {""C"": 0.001}, ""agg"": ""mean""}",T3,1,3,1003,0.5304,0.5127,0.5579,38.3,False,
2026-10-05 23:34:49,A,A_resnet50_25d_logreg,"{""grid"": {""C"": 1.0}, ""agg"": ""trimmed""}",T3,1,4,1004,0.5617,0.4641,0.4722,38.1,False,
2026-10-05 23:34:49,A,A_resnet50_25d_logreg,"{""grid"": {""C"": 0.001}, ""agg"": ""mean""}",T3,2,0,2000,0.575,0.3835,0.3835,24.1,False,
2026-10-05 23:34:49,A,A_resnet50_25d_logreg,"{""grid"": {""C"": 1.0}, ""agg"": ""mean""}",T3,2,1,2001,0.5605,0.514,0.5581,23.9,False,
2026-10-05 23:34:49,A,A_resnet50_25d_logreg,"{""grid"": {""C"": 0.1}, ""agg"": ""learned""}",T3,2,2,2002,0.5397,0.3814,0.5238,23.6,False,
2026-10-05 23:34:49,A,A_resnet50_25d_logreg,"{""grid"": {""C"": 0.001}, ""agg"": ""logmean""}",T3,2,3,2003,0.5631,0.504,0.5167,22.1,False,
2026-10-05 23:34:49,A,A_resnet50_25d_logreg,"{""grid"": {""C"": 0.01}, ""agg"": ""trimmed""}",T3,2,4,2004,0.5126,0.4871,0.4841,22.1,False,
2026-10-05 23:35:24,baseline,B_ft_resnet18,"{""image_size"": 224, ""batch_size"": 64, ""epochs"": 25, ""lr"": 0.0003, ""backbone_lr_mult"": 0.1, ""weight_decay"": 0.0001, ""dropout"": 0.2, ""freeze_epochs"": 3, ""warmup_epochs"": 1, ""aug_strength"": 1.0, ""patience"": 6, ""arch"": ""resnet18"", ""train_patient_mF1"": 0.7529, ""innerval_patient_mF1"": 0.7574, ""best_epoch"": 3}",T2,1,3,1003,0.7574,0.697,0.7,110.1,False,
2026-10-05 23:35:59,B,B_mil_attn_resnet50,"{""hidden"": 64, ""dropout"": 0.5, ""slice_drop"": 0.3, ""wd"": 0.0001, ""epochs"": 23, ""T"": 0.91, ""train_patient_mF1"": 0.8449}",T3,0,3,3,0.5362,0.4524,0.4836,71.5,False,16 configs x 3 inner folds
2026-10-05 23:36:03,A,A_efficientnet_b0_25d_logreg,"{""grid"": {""C"": 0.01}, ""agg"": ""logmean""}",T3,0,0,0,0.5182,0.5608,0.5817,36.8,False,
2026-10-05 23:36:03,A,A_efficientnet_b0_25d_logreg,"{""grid"": {""C"": 0.001}, ""agg"": ""mean""}",T3,0,1,1,0.5222,0.4453,0.4937,36.2,False,
2026-10-05 23:36:03,A,A_efficientnet_b0_25d_logreg,"{""grid"": {""C"": 0.001}, ""agg"": ""top8""}",T3,0,2,2,0.525,0.4502,0.4817,36.1,False,
2026-10-05 23:36:03,A,A_efficientnet_b0_25d_logreg,"{""grid"": {""C"": 0.001}, ""agg"": ""trimmed""}",T3,0,3,3,0.5123,0.5376,0.5503,33.9,False,
2026-10-05 23:36:03,A,A_efficientnet_b0_25d_logreg,"{""grid"": {""C"": 1.0}, ""agg"": ""trimmed""}",T3,0,4,4,0.5217,0.5324,0.55,37.9,False,
2026-10-05 23:36:03,A,A_efficientnet_b0_25d_logreg,"{""grid"": {""C"": 0.001}, ""agg"": ""logmean""}",T3,1,0,1000,0.5648,0.5737,0.6056,35.4,False,
2026-10-05 23:36:03,A,A_efficientnet_b0_25d_logreg,"{""grid"": {""C"": 1.0}, ""agg"": ""learned""}",T3,1,1,1001,0.524,0.4749,0.5547,36.7,False,
2026-10-05 23:36:03,A,A_efficientnet_b0_25d_logreg,"{""grid"": {""C"": 0.001}, ""agg"": ""logmean""}",T3,1,2,1002,0.5192,0.5548,0.5587,34.1,False,
2026-10-05 23:36:03,A,A_efficientnet_b0_25d_logreg,"{""grid"": {""C"": 1.0}, ""agg"": ""mean""}",T3,1,3,1003,0.5087,0.4956,0.519,37.4,False,
2026-10-05 23:36:03,A,A_efficientnet_b0_25d_logreg,"{""grid"": {""C"": 0.01}, ""agg"": ""trimmed""}",T3,1,4,1004,0.5103,0.3889,0.4056,37.3,False,
2026-10-05 23:36:03,A,A_efficientnet_b0_25d_logreg,"{""grid"": {""C"": 0.1}, ""agg"": ""learned""}",T3,2,0,2000,0.5255,0.4452,0.5263,22.1,False,
2026-10-05 23:36:03,A,A_efficientnet_b0_25d_logreg,"{""grid"": {""C"": 0.1}, ""agg"": ""logmean""}",T3,2,1,2001,0.5477,0.437,0.4547,21.4,False,
2026-10-05 23:36:03,A,A_efficientnet_b0_25d_logreg,"{""grid"": {""C"": 0.001}, ""agg"": ""learned""}",T3,2,2,2002,0.5305,0.4569,0.5397,19.7,False,
2026-10-05 23:36:03,A,A_efficientnet_b0_25d_logreg,"{""grid"": {""C"": 0.001}, ""agg"": ""logmean""}",T3,2,3,2003,0.601,0.5211,0.5611,20.2,False,
2026-10-05 23:36:03,A,A_efficientnet_b0_25d_logreg,"{""grid"": {""C"": 1.0}, ""agg"": ""learned""}",T3,2,4,2004,0.5436,0.5451,0.5476,19.5,False,
2026-10-05 23:37:15,baseline,B_ft_resnet18,"{""image_size"": 224, ""batch_size"": 64, ""epochs"": 25, ""lr"": 0.0003, ""backbone_lr_mult"": 0.1, ""weight_decay"": 0.0001, ""dropout"": 0.2, ""freeze_epochs"": 3, ""warmup_epochs"": 1, ""aug_strength"": 1.0, ""patience"": 6, ""arch"": ""resnet18"", ""train_patient_mF1"": 0.7696, ""innerval_patient_mF1"": 0.8125, ""best_epoch"": 3}",T2,1,4,1004,0.8125,0.7057,0.706,110.2,False,
2026-10-05 23:37:23,B,B_mil_attn_resnet50,"{""hidden"": 128, ""dropout"": 0.25, ""slice_drop"": 0.0, ""wd"": 0.0001, ""epochs"": 14, ""T"": 1.373, ""train_patient_mF1"": 0.8485}",T3,0,4,4,0.4428,0.5233,0.5429,83.4,False,16 configs x 3 inner folds
2026-10-05 23:37:31,A,A_efficientnet_b3_25d_logreg,"{""grid"": {""C"": 0.01}, ""agg"": ""logmean""}",T3,0,0,0,0.5,0.4891,0.5095,40.8,False,
2026-10-05 23:37:31,A,A_efficientnet_b3_25d_logreg,"{""grid"": {""C"": 0.01}, ""agg"": ""mean""}",T3,0,1,1,0.5364,0.479,0.4929,43.9,False,
2026-10-05 23:37:31,A,A_efficientnet_b3_25d_logreg,"{""grid"": {""C"": 0.001}, ""agg"": ""trimmed""}",T3,0,2,2,0.4919,0.4787,0.5012,40.5,False,
2026-10-05 23:37:31,A,A_efficientnet_b3_25d_logreg,"{""grid"": {""C"": 1.0}, ""agg"": ""logmean""}",T3,0,3,3,0.5197,0.5351,0.5789,43.1,False,
2026-10-05 23:37:31,A,A_efficientnet_b3_25d_logreg,"{""grid"": {""C"": 0.01}, ""agg"": ""mean""}",T3,0,4,4,0.4969,0.4921,0.4944,43.6,False,
2026-10-05 23:37:31,A,A_efficientnet_b3_25d_logreg,"{""grid"": {""C"": 0.1}, ""agg"": ""top8""}",T3,1,0,1000,0.5274,0.4902,0.5317,41.0,False,
2026-10-05 23:37:31,A,A_efficientnet_b3_25d_logreg,"{""grid"": {""C"": 0.01}, ""agg"": ""mean""}",T3,1,1,1001,0.5408,0.5213,0.5491,44.4,False,
2026-10-05 23:37:31,A,A_efficientnet_b3_25d_logreg,"{""grid"": {""C"": 1.0}, ""agg"": ""logmean""}",T3,1,2,1002,0.5557,0.4995,0.5016,62.0,False,
2026-10-05 23:37:31,A,A_efficientnet_b3_25d_logreg,"{""grid"": {""C"": 1.0}, ""agg"": ""top8""}",T3,1,3,1003,0.5312,0.5444,0.6135,43.7,False,
2026-10-05 23:37:31,A,A_efficientnet_b3_25d_logreg,"{""grid"": {""C"": 0.01}, ""agg"": ""top8""}",T3,1,4,1004,0.5336,0.4238,0.4222,44.2,False,
2026-10-05 23:37:31,A,A_efficientnet_b3_25d_logreg,"{""grid"": {""C"": 0.1}, ""agg"": ""logmean""}",T3,2,0,2000,0.5378,0.3497,0.3484,28.4,False,
2026-10-05 23:37:31,A,A_efficientnet_b3_25d_logreg,"{""grid"": {""C"": 0.001}, ""agg"": ""median""}",T3,2,1,2001,0.4907,0.5462,0.5838,27.1,False,
2026-10-05 23:37:31,A,A_efficientnet_b3_25d_logreg,"{""grid"": {""C"": 0.1}, ""agg"": ""logmean""}",T3,2,2,2002,0.4859,0.3604,0.3484,27.0,False,
2026-10-05 23:37:31,A,A_efficientnet_b3_25d_logreg,"{""grid"": {""C"": 0.01}, ""agg"": ""logmean""}",T3,2,3,2003,0.5234,0.552,0.5833,24.8,False,
2026-10-05 23:37:31,A,A_efficientnet_b3_25d_logreg,"{""grid"": {""C"": 0.01}, ""agg"": ""learned""}",T3,2,4,2004,0.4587,0.3492,0.3492,25.6,False,
2026-10-05 23:38:36,B,B_mil_attn_resnet50,"{""hidden"": 128, ""dropout"": 0.5, ""slice_drop"": 0.3, ""wd"": 0.0001, ""epochs"": 12, ""T"": 1.544, ""train_patient_mF1"": 0.8023}",T3,1,0,1000,0.5356,0.536,0.5484,73.5,False,16 configs x 3 inner folds
2026-10-05 23:38:50,A,A_convnext_tiny_25d_logreg,"{""grid"": {""C"": 0.01}, ""agg"": ""trimmed""}",T3,0,0,0,0.517,0.4966,0.519,38.9,False,
2026-10-05 23:38:50,A,A_convnext_tiny_25d_logreg,"{""grid"": {""C"": 0.001}, ""agg"": ""mean""}",T3,0,1,1,0.5657,0.428,0.4357,36.9,False,
2026-10-05 23:38:50,A,A_convnext_tiny_25d_logreg,"{""grid"": {""C"": 0.001}, ""agg"": ""logmean""}",T3,0,2,2,0.5086,0.4826,0.4872,45.2,False,
2026-10-05 23:38:50,A,A_convnext_tiny_25d_logreg,"{""grid"": {""C"": 0.001}, ""agg"": ""logmean""}",T3,0,3,3,0.5523,0.5324,0.5789,36.7,False,
2026-10-05 23:38:50,A,A_convnext_tiny_25d_logreg,"{""grid"": {""C"": 0.001}, ""agg"": ""learned""}",T3,0,4,4,0.4897,0.5488,0.623,38.9,False,
2026-10-05 23:38:50,A,A_convnext_tiny_25d_logreg,"{""grid"": {""C"": 1.0}, ""agg"": ""logmean""}",T3,1,0,1000,0.5361,0.4542,0.454,38.5,False,
2026-10-05 23:38:50,A,A_convnext_tiny_25d_logreg,"{""grid"": {""C"": 0.001}, ""agg"": ""median""}",T3,1,1,1001,0.5001,0.5234,0.5581,36.1,False,
2026-10-05 23:38:50,A,A_convnext_tiny_25d_logreg,"{""grid"": {""C"": 0.001}, ""agg"": ""learned""}",T3,1,2,1002,0.5316,0.4185,0.4865,38.5,False,
2026-10-05 23:38:50,A,A_convnext_tiny_25d_logreg,"{""grid"": {""C"": 0.1}, ""agg"": ""median""}",T3,1,3,1003,0.4706,0.5062,0.5262,38.2,False,
2026-10-05 23:38:50,A,A_convnext_tiny_25d_logreg,"{""grid"": {""C"": 0.001}, ""agg"": ""learned""}",T3,1,4,1004,0.5124,0.5609,0.6333,49.7,False,
2026-10-05 23:38:50,A,A_convnext_tiny_25d_logreg,"{""grid"": {""C"": 0.01}, ""agg"": ""mean""}",T3,2,0,2000,0.5318,0.4229,0.4248,23.7,False,
2026-10-05 23:38:50,A,A_convnext_tiny_25d_logreg,"{""grid"": {""C"": 0.001}, ""agg"": ""mean""}",T3,2,1,2001,0.4925,0.4611,0.4859,24.2,False,
2026-10-05 23:38:50,A,A_convnext_tiny_25d_logreg,"{""grid"": {""C"": 0.01}, ""agg"": ""learned""}",T3,2,2,2002,0.5108,0.3784,0.4754,24.8,False,
2026-10-05 23:38:50,A,A_convnext_tiny_25d_logreg,"{""grid"": {""C"": 0.1}, ""agg"": ""mean""}",T3,2,3,2003,0.5076,0.4319,0.4333,23.9,False,
2026-10-05 23:38:50,A,A_convnext_tiny_25d_logreg,"{""grid"": {""C"": 0.1}, ""agg"": ""top8""}",T3,2,4,2004,0.4794,0.452,0.4683,23.1,False,
2026-10-05 23:39:12,baseline,B_ft_resnet18,"{""image_size"": 224, ""batch_size"": 64, ""epochs"": 25, ""lr"": 0.0003, ""backbone_lr_mult"": 0.1, ""weight_decay"": 0.0001, ""dropout"": 0.2, ""freeze_epochs"": 3, ""warmup_epochs"": 1, ""aug_strength"": 1.0, ""patience"": 6, ""arch"": ""resnet18"", ""train_patient_mF1"": 0.8593, ""innerval_patient_mF1"": 0.7163, ""best_epoch"": 4}",T2,2,0,2000,0.7163,0.599,0.604,117.4,False,
2026-10-05 23:39:56,B,B_mil_attn_resnet50,"{""hidden"": 128, ""dropout"": 0.5, ""slice_drop"": 0.3, ""wd"": 0.0001, ""epochs"": 18, ""T"": 1.024, ""train_patient_mF1"": 0.8562}",T3,1,1,1001,0.5129,0.6009,0.6261,79.7,False,16 configs x 3 inner folds
2026-10-05 23:40:03,A,A_dinov2_vits14_25d_logreg,"{""grid"": {""C"": 0.01}, ""agg"": ""logmean""}",T3,0,0,0,0.5366,0.5435,0.5571,31.3,False,
2026-10-05 23:40:03,A,A_dinov2_vits14_25d_logreg,"{""grid"": {""C"": 0.001}, ""agg"": ""trimmed""}",T3,0,1,1,0.525,0.5327,0.5333,31.2,False,
2026-10-05 23:40:03,A,A_dinov2_vits14_25d_logreg,"{""grid"": {""C"": 0.1}, ""agg"": ""logmean""}",T3,0,2,2,0.5432,0.4972,0.5171,33.8,False,
2026-10-05 23:40:03,A,A_dinov2_vits14_25d_logreg,"{""grid"": {""C"": 0.01}, ""agg"": ""learned""}",T3,0,3,3,0.5359,0.5486,0.617,32.5,False,
2026-10-05 23:40:03,A,A_dinov2_vits14_25d_logreg,"{""grid"": {""C"": 0.01}, ""agg"": ""logmean""}",T3,0,4,4,0.5403,0.5147,0.5357,33.9,False,
2026-10-05 23:40:03,A,A_dinov2_vits14_25d_logreg,"{""grid"": {""C"": 0.01}, ""agg"": ""learned""}",T3,1,0,1000,0.536,0.5679,0.6349,40.2,False,
2026-10-05 23:40:03,A,A_dinov2_vits14_25d_logreg,"{""grid"": {""C"": 0.01}, ""agg"": ""learned""}",T3,1,1,1001,0.5413,0.5871,0.6184,32.4,False,
2026-10-05 23:40:03,A,A_dinov2_vits14_25d_logreg,"{""grid"": {""C"": 1.0}, ""agg"": ""logmean""}",T3,1,2,1002,0.5097,0.484,0.4865,35.8,False,
2026-10-05 23:40:03,A,A_dinov2_vits14_25d_logreg,"{""grid"": {""C"": 0.001}, ""agg"": ""median""}",T3,1,3,1003,0.5169,0.525,0.5968,30.3,False,
2026-10-05 23:40:03,A,A_dinov2_vits14_25d_logreg,"{""grid"": {""C"": 0.001}, ""agg"": ""learned""}",T3,1,4,1004,0.5248,0.5231,0.6111,30.6,False,
2026-10-05 23:40:03,A,A_dinov2_vits14_25d_logreg,"{""grid"": {""C"": 0.001}, ""agg"": ""median""}",T3,2,0,2000,0.5768,0.4474,0.4724,23.2,False,
2026-10-05 23:40:03,A,A_dinov2_vits14_25d_logreg,"{""grid"": {""C"": 0.001}, ""agg"": ""learned""}",T3,2,1,2001,0.5322,0.513,0.5581,23.4,False,
2026-10-05 23:40:03,A,A_dinov2_vits14_25d_logreg,"{""grid"": {""C"": 0.001}, ""agg"": ""learned""}",T3,2,2,2002,0.5004,0.4861,0.5952,22.5,False,
2026-10-05 23:40:03,A,A_dinov2_vits14_25d_logreg,"{""grid"": {""C"": 0.001}, ""agg"": ""median""}",T3,2,3,2003,0.5205,0.5934,0.6222,21.2,False,
2026-10-05 23:40:03,A,A_dinov2_vits14_25d_logreg,"{""grid"": {""C"": 0.001}, ""agg"": ""learned""}",T3,2,4,2004,0.5235,0.5501,0.6111,19.7,False,
2026-10-05 23:41:15,B,B_mil_attn_resnet50,"{""hidden"": 64, ""dropout"": 0.25, ""slice_drop"": 0.3, ""wd"": 0.0001, ""epochs"": 22, ""T"": 0.809, ""train_patient_mF1"": 0.8541}",T3,1,2,1002,0.5379,0.4909,0.5317,79.4,False,16 configs x 3 inner folds
2026-10-05 23:41:22,A,A_dinov2_vitb14_25d_logreg,"{""grid"": {""C"": 1.0}, ""agg"": ""top8""}",T3,0,0,0,0.4795,0.4402,0.4937,37.1,False,
2026-10-05 23:41:22,A,A_dinov2_vitb14_25d_logreg,"{""grid"": {""C"": 0.01}, ""agg"": ""logmean""}",T3,0,1,1,0.5107,0.4084,0.4135,37.3,False,
2026-10-05 23:41:22,A,A_dinov2_vitb14_25d_logreg,"{""grid"": {""C"": 0.01}, ""agg"": ""mean""}",T3,0,2,2,0.5418,0.4396,0.4457,37.0,False,
2026-10-05 23:41:22,A,A_dinov2_vitb14_25d_logreg,"{""grid"": {""C"": 0.01}, ""agg"": ""top8""}",T3,0,3,3,0.5228,0.4916,0.5392,37.9,False,
2026-10-05 23:41:22,A,A_dinov2_vitb14_25d_logreg,"{""grid"": {""C"": 1.0}, ""agg"": ""mean""}",T3,0,4,4,0.5089,0.5254,0.5429,38.1,False,
2026-10-05 23:41:22,A,A_dinov2_vitb14_25d_logreg,"{""grid"": {""C"": 0.001}, ""agg"": ""trimmed""}",T3,1,0,1000,0.5641,0.4622,0.5008,36.5,False,
2026-10-05 23:41:22,A,A_dinov2_vitb14_25d_logreg,"{""grid"": {""C"": 1.0}, ""agg"": ""mean""}",T3,1,1,1001,0.4732,0.451,0.5068,39.6,False,
2026-10-05 23:41:22,A,A_dinov2_vitb14_25d_logreg,"{""grid"": {""C"": 0.01}, ""agg"": ""logmean""}",T3,1,2,1002,0.5346,0.4188,0.4151,35.0,False,
2026-10-05 23:41:22,A,A_dinov2_vitb14_25d_logreg,"{""grid"": {""C"": 0.1}, ""agg"": ""median""}",T3,1,3,1003,0.5207,0.3708,0.3825,36.7,False,
2026-10-05 23:41:22,A,A_dinov2_vitb14_25d_logreg,"{""grid"": {""C"": 1.0}, ""agg"": ""trimmed""}",T3,1,4,1004,0.5385,0.5492,0.5833,40.6,False,
2026-10-05 23:41:22,A,A_dinov2_vitb14_25d_logreg,"{""grid"": {""C"": 0.001}, ""agg"": ""logmean""}",T3,2,0,2000,0.5497,0.3402,0.3358,24.0,False,
2026-10-05 23:41:22,A,A_dinov2_vitb14_25d_logreg,"{""grid"": {""C"": 0.01}, ""agg"": ""learned""}",T3,2,1,2001,0.5521,0.5265,0.6047,23.6,False,
2026-10-05 23:41:22,A,A_dinov2_vitb14_25d_logreg,"{""grid"": {""C"": 0.001}, ""agg"": ""learned""}",T3,2,2,2002,0.4882,0.4647,0.5786,22.4,False,
2026-10-05 23:41:22,A,A_dinov2_vitb14_25d_logreg,"{""grid"": {""C"": 0.001}, ""agg"": ""learned""}",T3,2,3,2003,0.493,0.5244,0.5944,22.9,False,
2026-10-05 23:41:22,A,A_dinov2_vitb14_25d_logreg,"{""grid"": {""C"": 0.001}, ""agg"": ""trimmed""}",T3,2,4,2004,0.4941,0.5406,0.6111,22.0,False,
2026-10-05 23:41:24,baseline,B_ft_resnet18,"{""image_size"": 224, ""batch_size"": 64, ""epochs"": 25, ""lr"": 0.0003, ""backbone_lr_mult"": 0.1, ""weight_decay"": 0.0001, ""dropout"": 0.2, ""freeze_epochs"": 3, ""warmup_epochs"": 1, ""aug_strength"": 1.0, ""patience"": 6, ""arch"": ""resnet18"", ""train_patient_mF1"": 0.829, ""innerval_patient_mF1"": 0.7409, ""best_epoch"": 4}",T2,2,1,2001,0.7409,0.6921,0.6921,131.6,False,
2026-10-05 23:42:55,B,B_mil_attn_resnet50,"{""hidden"": 128, ""dropout"": 0.5, ""slice_drop"": 0.0, ""wd"": 0.0001, ""epochs"": 16, ""T"": 0.965, ""train_patient_mF1"": 0.8461}",T3,1,3,1003,0.5238,0.5286,0.5968,100.0,False,16 configs x 3 inner folds
2026-10-05 23:43:22,baseline,B_ft_resnet18,"{""image_size"": 224, ""batch_size"": 64, ""epochs"": 25, ""lr"": 0.0003, ""backbone_lr_mult"": 0.1, ""weight_decay"": 0.0001, ""dropout"": 0.2, ""freeze_epochs"": 3, ""warmup_epochs"": 1, ""aug_strength"": 1.0, ""patience"": 6, ""arch"": ""resnet18"", ""train_patient_mF1"": 0.7628, ""innerval_patient_mF1"": 0.639, ""best_epoch"": 3}",T2,2,2,2002,0.639,0.68,0.7,117.6,False,
2026-10-05 23:44:47,B,B_mil_attn_resnet50,"{""hidden"": 128, ""dropout"": 0.25, ""slice_drop"": 0.3, ""wd"": 0.0001, ""epochs"": 6, ""T"": 1.373, ""train_patient_mF1"": 0.7404}",T3,1,4,1004,0.5718,0.5431,0.5611,111.8,False,16 configs x 3 inner folds
2026-10-05 23:45:21,A,A_resnet50_logreg,"{""grid"": {""C"": 0.1}, ""agg"": ""median""}",T2,0,0,0,0.7187,0.6748,0.675,15.4,False,
2026-10-05 23:45:21,A,A_resnet50_logreg,"{""grid"": {""C"": 0.1}, ""agg"": ""top8""}",T2,0,1,1,0.7677,0.65,0.65,16.7,False,
2026-10-05 23:45:21,A,A_resnet50_logreg,"{""grid"": {""C"": 0.001}, ""agg"": ""median""}",T2,0,2,2,0.7049,0.6748,0.6754,13.5,False,
2026-10-05 23:45:21,A,A_resnet50_logreg,"{""grid"": {""C"": 0.001}, ""agg"": ""median""}",T2,0,3,3,0.7687,0.6992,0.6992,13.5,False,
2026-10-05 23:45:21,A,A_resnet50_logreg,"{""grid"": {""C"": 0.1}, ""agg"": ""learned""}",T2,0,4,4,0.7103,0.7995,0.8,15.6,False,
2026-10-05 23:45:21,A,A_resnet50_logreg,"{""grid"": {""C"": 0.01}, ""agg"": ""median""}",T2,1,0,1000,0.725,0.599,0.6,12.6,False,
2026-10-05 23:45:21,A,A_resnet50_logreg,"{""grid"": {""C"": 0.01}, ""agg"": ""top8""}",T2,1,1,1001,0.7201,0.7937,0.7934,12.4,False,
2026-10-05 23:45:21,A,A_resnet50_logreg,"{""grid"": {""C"": 0.1}, ""agg"": ""trimmed""}",T2,1,2,1002,0.7295,0.6992,0.7,15.2,False,
2026-10-05 23:45:21,A,A_resnet50_logreg,"{""grid"": {""C"": 0.001}, ""agg"": ""median""}",T2,1,3,1003,0.7061,0.7475,0.75,12.7,False,
2026-10-05 23:45:21,A,A_resnet50_logreg,"{""grid"": {""C"": 0.001}, ""agg"": ""learned""}",T2,1,4,1004,0.7479,0.6583,0.6595,12.5,False,
2026-10-05 23:45:21,A,A_resnet50_logreg,"{""grid"": {""C"": 0.001}, ""agg"": ""top8""}",T2,2,0,2000,0.7437,0.599,0.599,9.1,False,
2026-10-05 23:45:21,A,A_resnet50_logreg,"{""grid"": {""C"": 0.01}, ""agg"": ""mean""}",T2,2,1,2001,0.7262,0.7434,0.7434,8.6,False,
2026-10-05 23:45:21,A,A_resnet50_logreg,"{""grid"": {""C"": 0.001}, ""agg"": ""median""}",T2,2,2,2002,0.7185,0.7206,0.725,7.7,False,
2026-10-05 23:45:21,A,A_resnet50_logreg,"{""grid"": {""C"": 0.001}, ""agg"": ""mean""}",T2,2,3,2003,0.7243,0.7749,0.775,8.0,False,
2026-10-05 23:45:21,A,A_resnet50_logreg,"{""grid"": {""C"": 0.001}, ""agg"": ""top8""}",T2,2,4,2004,0.7482,0.7071,0.7071,7.6,False,
2026-10-05 23:45:24,A,A_resnet50_linsvm,"{""grid"": {""C"": 0.001}, ""agg"": ""mean""}",T2,0,0,0,0.7125,0.6992,0.7,21.9,False,
2026-10-05 23:45:24,A,A_resnet50_linsvm,"{""grid"": {""C"": 0.001}, ""agg"": ""top8""}",T2,0,1,1,0.7551,0.6248,0.625,21.4,False,
2026-10-05 23:45:24,A,A_resnet50_linsvm,"{""grid"": {""C"": 0.0001}, ""agg"": ""median""}",T2,0,2,2,0.7049,0.7,0.7018,22.2,False,
2026-10-05 23:45:24,A,A_resnet50_linsvm,"{""grid"": {""C"": 0.01}, ""agg"": ""mean""}",T2,0,3,3,0.7562,0.6229,0.6228,23.4,False,
2026-10-05 23:45:24,A,A_resnet50_linsvm,"{""grid"": {""C"": 0.0001}, ""agg"": ""learned""}",T2,0,4,4,0.6928,0.798,0.8,21.9,False,
2026-10-05 23:45:24,A,A_resnet50_linsvm,"{""grid"": {""C"": 0.001}, ""agg"": ""learned""}",T2,1,0,1000,0.7307,0.6491,0.65,23.1,False,
2026-10-05 23:45:24,A,A_resnet50_linsvm,"{""grid"": {""C"": 0.001}, ""agg"": ""top8""}",T2,1,1,1001,0.7264,0.7937,0.7934,23.0,False,
2026-10-05 23:45:24,A,A_resnet50_linsvm,"{""grid"": {""C"": 0.001}, ""agg"": ""trimmed""}",T2,1,2,1002,0.7174,0.6992,0.7,22.1,False,
2026-10-05 23:45:24,A,A_resnet50_linsvm,"{""grid"": {""C"": 0.0001}, ""agg"": ""median""}",T2,1,3,1003,0.7125,0.7475,0.75,21.7,False,
2026-10-05 23:45:24,A,A_resnet50_linsvm,"{""grid"": {""C"": 0.01}, ""agg"": ""logmean""}",T2,1,4,1004,0.7411,0.7071,0.7071,22.8,False,
2026-10-05 23:45:24,A,A_resnet50_linsvm,"{""grid"": {""C"": 0.0001}, ""agg"": ""top8""}",T2,2,0,2000,0.7437,0.599,0.599,12.6,False,
2026-10-05 23:45:24,A,A_resnet50_linsvm,"{""grid"": {""C"": 0.0001}, ""agg"": ""mean""}",T2,2,1,2001,0.7264,0.7172,0.7171,12.0,False,
2026-10-05 23:45:24,A,A_resnet50_linsvm,"{""grid"": {""C"": 0.0001}, ""agg"": ""median""}",T2,2,2,2002,0.7185,0.7206,0.725,10.6,False,
2026-10-05 23:45:24,A,A_resnet50_linsvm,"{""grid"": {""C"": 0.01}, ""agg"": ""logmean""}",T2,2,3,2003,0.7118,0.7995,0.8,11.2,False,
2026-10-05 23:45:24,A,A_resnet50_linsvm,"{""grid"": {""C"": 0.0001}, ""agg"": ""mean""}",T2,2,4,2004,0.742,0.7071,0.7071,11.0,False,
2026-10-05 23:45:28,B,B_mil_attn_resnet50,"{""hidden"": 128, ""dropout"": 0.25, ""slice_drop"": 0.0, ""wd"": 0.0001, ""epochs"": 10, ""T"": 0.858, ""train_patient_mF1"": 0.8067}",T3,2,0,2000,0.535,0.4063,0.401,40.6,False,16 configs x 3 inner folds
2026-10-05 23:45:29,A,A_resnet50_ridge,"{""grid"": {""alpha"": 10.0}, ""agg"": ""mean""}",T2,0,0,0,0.7187,0.6732,0.675,13.6,False,
2026-10-05 23:45:29,A,A_resnet50_ridge,"{""grid"": {""alpha"": 10.0}, ""agg"": ""trimmed""}",T2,0,1,1,0.7486,0.6748,0.675,14.5,False,
2026-10-05 23:45:29,A,A_resnet50_ridge,"{""grid"": {""alpha"": 10.0}, ""agg"": ""trimmed""}",T2,0,2,2,0.6977,0.7,0.7018,12.2,False,
2026-10-05 23:45:29,A,A_resnet50_ridge,"{""grid"": {""alpha"": 1000.0}, ""agg"": ""trimmed""}",T2,0,3,3,0.75,0.6491,0.6491,12.2,False,
2026-10-05 23:45:29,A,A_resnet50_ridge,"{""grid"": {""alpha"": 1000.0}, ""agg"": ""learned""}",T2,0,4,4,0.7049,0.824,0.825,13.3,False,
2026-10-05 23:45:29,A,A_resnet50_ridge,"{""grid"": {""alpha"": 100.0}, ""agg"": ""median""}",T2,1,0,1000,0.7185,0.599,0.6,12.3,False,
2026-10-05 23:45:29,A,A_resnet50_ridge,"{""grid"": {""alpha"": 1000.0}, ""agg"": ""top8""}",T2,1,1,1001,0.7137,0.7434,0.7434,12.1,False,
2026-10-05 23:45:29,A,A_resnet50_ridge,"{""grid"": {""alpha"": 10.0}, ""agg"": ""mean""}",T2,1,2,1002,0.7174,0.7234,0.725,13.6,False,
2026-10-05 23:45:29,A,A_resnet50_ridge,"{""grid"": {""alpha"": 1000.0}, ""agg"": ""logmean""}",T2,1,3,1003,0.7061,0.7737,0.775,12.3,False,
2026-10-05 23:45:29,A,A_resnet50_ridge,"{""grid"": {""alpha"": 10.0}, ""agg"": ""learned""}",T2,1,4,1004,0.7479,0.6583,0.6595,12.2,False,
2026-10-05 23:45:29,A,A_resnet50_ridge,"{""grid"": {""alpha"": 10.0}, ""agg"": ""trimmed""}",T2,2,0,2000,0.7375,0.6248,0.6253,9.0,False,
2026-10-05 23:45:29,A,A_resnet50_ridge,"{""grid"": {""alpha"": 100.0}, ""agg"": ""mean""}",T2,2,1,2001,0.7201,0.7172,0.7171,7.5,False,
2026-10-05 23:45:29,A,A_resnet50_ridge,"{""grid"": {""alpha"": 10.0}, ""agg"": ""median""}",T2,2,2,2002,0.7187,0.7679,0.775,6.8,False,
2026-10-05 23:45:29,A,A_resnet50_ridge,"{""grid"": {""alpha"": 10.0}, ""agg"": ""median""}",T2,2,3,2003,0.7174,0.75,0.75,7.3,False,
2026-10-05 23:45:29,A,A_resnet50_ridge,"{""grid"": {""alpha"": 10.0}, ""agg"": ""mean""}",T2,2,4,2004,0.7292,0.6829,0.6833,6.6,False,
2026-10-05 23:45:32,A,A_resnet50_lgbm,"{""grid"": {""num_leaves"": 15}, ""agg"": ""top8""}",T2,0,0,0,0.7435,0.7475,0.75,63.0,False,
2026-10-05 23:45:32,A,A_resnet50_lgbm,"{""grid"": {""num_leaves"": 7}, ""agg"": ""learned""}",T2,0,1,1,0.73,0.65,0.65,60.4,False,
2026-10-05 23:45:32,A,A_resnet50_lgbm,"{""grid"": {""num_leaves"": 7}, ""agg"": ""median""}",T2,0,2,2,0.7114,0.7494,0.7544,50.8,False,
2026-10-05 23:45:32,A,A_resnet50_lgbm,"{""grid"": {""num_leaves"": 15}, ""agg"": ""mean""}",T2,0,3,3,0.7562,0.6992,0.6992,56.9,False,
2026-10-05 23:45:32,A,A_resnet50_lgbm,"{""grid"": {""num_leaves"": 15}, ""agg"": ""mean""}",T2,0,4,4,0.6749,0.8249,0.825,61.8,False,
2026-10-05 23:45:32,A,A_resnet50_lgbm,"{""grid"": {""num_leaves"": 15}, ""agg"": ""trimmed""}",T2,1,0,1000,0.7437,0.6229,0.625,57.9,False,
2026-10-05 23:45:32,A,A_resnet50_lgbm,"{""grid"": {""num_leaves"": 15}, ""agg"": ""top8""}",T2,1,1,1001,0.7323,0.7947,0.7947,56.3,False,
2026-10-05 23:45:32,A,A_resnet50_lgbm,"{""grid"": {""num_leaves"": 15}, ""agg"": ""trimmed""}",T2,1,2,1002,0.7496,0.7749,0.775,64.9,False,
2026-10-05 23:45:32,A,A_resnet50_lgbm,"{""grid"": {""num_leaves"": 7}, ""agg"": ""logmean""}",T2,1,3,1003,0.6875,0.6992,0.7,51.2,False,
2026-10-05 23:45:32,A,A_resnet50_lgbm,"{""grid"": {""num_leaves"": 7}, ""agg"": ""mean""}",T2,1,4,1004,0.7296,0.6822,0.6845,51.0,False,
2026-10-05 23:45:32,A,A_resnet50_lgbm,"{""grid"": {""num_leaves"": 7}, ""agg"": ""learned""}",T2,2,0,2000,0.7496,0.6248,0.6253,30.3,False,
2026-10-05 23:45:32,A,A_resnet50_lgbm,"{""grid"": {""num_leaves"": 15}, ""agg"": ""mean""}",T2,2,1,2001,0.7266,0.7172,0.7171,33.9,False,
2026-10-05 23:45:32,A,A_resnet50_lgbm,"{""grid"": {""num_leaves"": 7}, ""agg"": ""trimmed""}",T2,2,2,2002,0.7496,0.798,0.8,30.1,False,
2026-10-05 23:45:32,A,A_resnet50_lgbm,"{""grid"": {""num_leaves"": 15}, ""agg"": ""trimmed""}",T2,2,3,2003,0.7182,0.7749,0.775,33.6,False,
2026-10-05 23:45:32,A,A_resnet50_lgbm,"{""grid"": {""num_leaves"": 15}, ""agg"": ""mean""}",T2,2,4,2004,0.7356,0.756,0.756,32.9,False,
2026-10-05 23:45:36,A,A_resnet50_mlp,"{""grid"": {""alpha"": 0.1}, ""agg"": ""learned""}",T2,0,0,0,0.7307,0.7234,0.725,64.0,False,
2026-10-05 23:45:36,A,A_resnet50_mlp,"{""grid"": {""alpha"": 1.0}, ""agg"": ""top8""}",T2,0,1,1,0.7995,0.6992,0.7,69.7,False,
2026-10-05 23:45:36,A,A_resnet50_mlp,"{""grid"": {""alpha"": 1.0}, ""agg"": ""mean""}",T2,0,2,2,0.7174,0.75,0.7519,75.8,False,
2026-10-05 23:45:36,A,A_resnet50_mlp,"{""grid"": {""alpha"": 0.1}, ""agg"": ""top8""}",T2,0,3,3,0.7625,0.7,0.7018,72.9,False,
2026-10-05 23:45:36,A,A_resnet50_mlp,"{""grid"": {""alpha"": 1.0}, ""agg"": ""mean""}",T2,0,4,4,0.6996,0.8749,0.875,61.7,False,
2026-10-05 23:45:36,A,A_resnet50_mlp,"{""grid"": {""alpha"": 0.1}, ""agg"": ""mean""}",T2,1,0,1000,0.7179,0.65,0.65,77.8,False,
2026-10-05 23:45:36,A,A_resnet50_mlp,"{""grid"": {""alpha"": 1.0}, ""agg"": ""learned""}",T2,1,1,1001,0.7428,0.8452,0.8487,73.9,False,
2026-10-05 23:45:36,A,A_resnet50_mlp,"{""grid"": {""alpha"": 1.0}, ""agg"": ""median""}",T2,1,2,1002,0.7307,0.6732,0.675,70.1,False,
2026-10-05 23:45:36,A,A_resnet50_mlp,"{""grid"": {""alpha"": 1.0}, ""agg"": ""top8""}",T2,1,3,1003,0.6998,0.7475,0.75,76.4,False,
2026-10-05 23:45:36,A,A_resnet50_mlp,"{""grid"": {""alpha"": 0.1}, ""agg"": ""mean""}",T2,1,4,1004,0.723,0.7317,0.7321,66.2,False,
2026-10-05 23:45:36,A,A_resnet50_mlp,"{""grid"": {""alpha"": 0.1}, ""agg"": ""mean""}",T2,2,0,2000,0.7625,0.6248,0.6253,37.6,False,
2026-10-05 23:45:36,A,A_resnet50_mlp,"{""grid"": {""alpha"": 1.0}, ""agg"": ""median""}",T2,2,1,2001,0.7262,0.7686,0.7684,33.0,False,
2026-10-05 23:45:36,A,A_resnet50_mlp,"{""grid"": {""alpha"": 1.0}, ""agg"": ""median""}",T2,2,2,2002,0.7307,0.7714,0.775,33.9,False,
2026-10-05 23:45:36,A,A_resnet50_mlp,"{""grid"": {""alpha"": 0.1}, ""agg"": ""trimmed""}",T2,2,3,2003,0.7174,0.7737,0.775,29.0,False,
2026-10-05 23:45:36,A,A_resnet50_mlp,"{""grid"": {""alpha"": 1.0}, ""agg"": ""mean""}",T2,2,4,2004,0.7356,0.7311,0.731,32.9,False,
2026-10-05 23:45:42,baseline,B_ft_resnet18,"{""image_size"": 224, ""batch_size"": 64, ""epochs"": 25, ""lr"": 0.0003, ""backbone_lr_mult"": 0.1, ""weight_decay"": 0.0001, ""dropout"": 0.2, ""freeze_epochs"": 3, ""warmup_epochs"": 1, ""aug_strength"": 1.0, ""patience"": 6, ""arch"": ""resnet18"", ""train_patient_mF1"": 0.8417, ""innerval_patient_mF1"": 0.8485, ""best_epoch"": 5}",T2,2,3,2003,0.8485,0.7494,0.75,140.1,False,
2026-10-05 23:47:02,B,B_mil_attn_resnet50,"{""hidden"": 128, ""dropout"": 0.5, ""slice_drop"": 0.3, ""wd"": 0.0001, ""epochs"": 13, ""T"": 1.086, ""train_patient_mF1"": 0.8403}",T3,2,1,2001,0.5064,0.4605,0.5235,94.5,False,16 configs x 3 inner folds
2026-10-05 23:47:45,baseline,B_ft_resnet18,"{""image_size"": 224, ""batch_size"": 64, ""epochs"": 25, ""lr"": 0.0003, ""backbone_lr_mult"": 0.1, ""weight_decay"": 0.0001, ""dropout"": 0.2, ""freeze_epochs"": 3, ""warmup_epochs"": 1, ""aug_strength"": 1.0, ""patience"": 6, ""arch"": ""resnet18"", ""train_patient_mF1"": 0.7087, ""innerval_patient_mF1"": 0.75, ""best_epoch"": 3}",T2,2,4,2004,0.75,0.6985,0.7036,122.8,False,
2026-10-05 23:48:32,B,B_mil_attn_resnet50,"{""hidden"": 64, ""dropout"": 0.5, ""slice_drop"": 0.0, ""wd"": 0.0001, ""epochs"": 18, ""T"": 0.809, ""train_patient_mF1"": 0.8447}",T3,2,2,2002,0.5138,0.5131,0.5333,89.1,False,16 configs x 3 inner folds
2026-10-05 23:48:59,A,A_efficientnet_b0_logreg,"{""grid"": {""C"": 0.001}, ""agg"": ""mean""}",T2,0,0,0,0.6937,0.6992,0.7,13.3,False,
2026-10-05 23:48:59,A,A_efficientnet_b0_logreg,"{""grid"": {""C"": 0.1}, ""agg"": ""top8""}",T2,0,1,1,0.7498,0.5726,0.575,13.9,False,
2026-10-05 23:48:59,A,A_efficientnet_b0_logreg,"{""grid"": {""C"": 0.001}, ""agg"": ""mean""}",T2,0,2,2,0.6431,0.75,0.7519,13.7,False,
2026-10-05 23:48:59,A,A_efficientnet_b0_logreg,"{""grid"": {""C"": 0.001}, ""agg"": ""median""}",T2,0,3,3,0.7375,0.7248,0.7256,13.2,False,
2026-10-05 23:48:59,A,A_efficientnet_b0_logreg,"{""grid"": {""C"": 0.01}, ""agg"": ""logmean""}",T2,0,4,4,0.6809,0.75,0.75,13.4,False,
2026-10-05 23:48:59,A,A_efficientnet_b0_logreg,"{""grid"": {""C"": 0.001}, ""agg"": ""top8""}",T2,1,0,1000,0.7437,0.6465,0.65,13.4,False,
2026-10-05 23:48:59,A,A_efficientnet_b0_logreg,"{""grid"": {""C"": 1.0}, ""agg"": ""top8""}",T2,1,1,1001,0.7264,0.6667,0.6671,13.8,False,
2026-10-05 23:48:59,A,A_efficientnet_b0_logreg,"{""grid"": {""C"": 0.001}, ""agg"": ""trimmed""}",T2,1,2,1002,0.7239,0.7248,0.725,13.4,False,
2026-10-05 23:48:59,A,A_efficientnet_b0_logreg,"{""grid"": {""C"": 0.001}, ""agg"": ""median""}",T2,1,3,1003,0.7185,0.7234,0.725,13.9,False,
2026-10-05 23:48:59,A,A_efficientnet_b0_logreg,"{""grid"": {""C"": 0.001}, ""agg"": ""learned""}",T2,1,4,1004,0.698,0.7311,0.7333,13.3,False,
2026-10-05 23:48:59,A,A_efficientnet_b0_logreg,"{""grid"": {""C"": 0.01}, ""agg"": ""mean""}",T2,2,0,2000,0.7125,0.6465,0.6466,7.6,False,
2026-10-05 23:48:59,A,A_efficientnet_b0_logreg,"{""grid"": {""C"": 0.001}, ""agg"": ""median""}",T2,2,1,2001,0.7314,0.6905,0.6908,7.5,False,
2026-10-05 23:48:59,A,A_efficientnet_b0_logreg,"{""grid"": {""C"": 1.0}, ""agg"": ""top8""}",T2,2,2,2002,0.7371,0.7163,0.725,7.6,False,
2026-10-05 23:48:59,A,A_efficientnet_b0_logreg,"{""grid"": {""C"": 0.001}, ""agg"": ""median""}",T2,2,3,2003,0.6996,0.7749,0.775,7.7,False,
2026-10-05 23:48:59,A,A_efficientnet_b0_logreg,"{""grid"": {""C"": 0.001}, ""agg"": ""mean""}",T2,2,4,2004,0.7104,0.78,0.7798,7.5,False,
2026-10-05 23:49:03,A,A_efficientnet_b0_linsvm,"{""grid"": {""C"": 0.0001}, ""agg"": ""median""}",T2,0,0,0,0.6937,0.6992,0.7,19.9,False,
2026-10-05 23:49:03,A,A_efficientnet_b0_linsvm,"{""grid"": {""C"": 0.0001}, ""agg"": ""trimmed""}",T2,0,1,1,0.7667,0.6992,0.7,19.3,False,
2026-10-05 23:49:03,A,A_efficientnet_b0_linsvm,"{""grid"": {""C"": 0.001}, ""agg"": ""learned""}",T2,0,2,2,0.6559,0.85,0.8521,19.9,False,
2026-10-05 23:49:03,A,A_efficientnet_b0_linsvm,"{""grid"": {""C"": 0.0001}, ""agg"": ""median""}",T2,0,3,3,0.7437,0.7494,0.7494,19.8,False,
2026-10-05 23:49:03,A,A_efficientnet_b0_linsvm,"{""grid"": {""C"": 0.001}, ""agg"": ""mean""}",T2,0,4,4,0.6867,0.7248,0.725,19.3,False,
2026-10-05 23:49:03,A,A_efficientnet_b0_linsvm,"{""grid"": {""C"": 0.01}, ""agg"": ""mean""}",T2,1,0,1000,0.725,0.6698,0.675,20.6,False,
2026-10-05 23:49:03,A,A_efficientnet_b0_linsvm,"{""grid"": {""C"": 0.001}, ""agg"": ""mean""}",T2,1,1,1001,0.7262,0.6658,0.6658,21.5,False,
2026-10-05 23:49:03,A,A_efficientnet_b0_linsvm,"{""grid"": {""C"": 0.0001}, ""agg"": ""mean""}",T2,1,2,1002,0.7109,0.7,0.7,19.6,False,
2026-10-05 23:49:03,A,A_efficientnet_b0_linsvm,"{""grid"": {""C"": 0.001}, ""agg"": ""mean""}",T2,1,3,1003,0.7057,0.7475,0.75,19.6,False,
2026-10-05 23:49:03,A,A_efficientnet_b0_linsvm,"{""grid"": {""C"": 0.001}, ""agg"": ""learned""}",T2,1,4,1004,0.6916,0.7311,0.7333,19.6,False,
2026-10-05 23:49:03,A,A_efficientnet_b0_linsvm,"{""grid"": {""C"": 0.001}, ""agg"": ""trimmed""}",T2,2,0,2000,0.7187,0.6465,0.6466,11.3,False,
2026-10-05 23:49:03,A,A_efficientnet_b0_linsvm,"{""grid"": {""C"": 0.0001}, ""agg"": ""median""}",T2,2,1,2001,0.7309,0.6921,0.6921,11.0,False,
2026-10-05 23:49:03,A,A_efficientnet_b0_linsvm,"{""grid"": {""C"": 0.001}, ""agg"": ""mean""}",T2,2,2,2002,0.7304,0.7163,0.725,11.1,False,
2026-10-05 23:49:03,A,A_efficientnet_b0_linsvm,"{""grid"": {""C"": 0.0001}, ""agg"": ""median""}",T2,2,3,2003,0.6996,0.7749,0.775,10.3,False,
2026-10-05 23:49:03,A,A_efficientnet_b0_linsvm,"{""grid"": {""C"": 0.0001}, ""agg"": ""trimmed""}",T2,2,4,2004,0.7166,0.7317,0.7321,10.2,False,
2026-10-05 23:49:06,A,A_efficientnet_b0_ridge,"{""grid"": {""alpha"": 1000.0}, ""agg"": ""trimmed""}",T2,0,0,0,0.6812,0.6732,0.675,10.5,False,
2026-10-05 23:49:06,A,A_efficientnet_b0_ridge,"{""grid"": {""alpha"": 1000.0}, ""agg"": ""top8""}",T2,0,1,1,0.7429,0.5726,0.575,10.0,False,
2026-10-05 23:49:06,A,A_efficientnet_b0_ridge,"{""grid"": {""alpha"": 1000.0}, ""agg"": ""mean""}",T2,0,2,2,0.6434,0.8249,0.8283,10.5,False,
2026-10-05 23:49:06,A,A_efficientnet_b0_ridge,"{""grid"": {""alpha"": 10.0}, ""agg"": ""mean""}",T2,0,3,3,0.7187,0.7248,0.7256,10.4,False,
2026-10-05 23:49:06,A,A_efficientnet_b0_ridge,"{""grid"": {""alpha"": 1000.0}, ""agg"": ""logmean""}",T2,0,4,4,0.6992,0.7248,0.725,10.4,False,
2026-10-05 23:49:06,A,A_efficientnet_b0_ridge,"{""grid"": {""alpha"": 10.0}, ""agg"": ""mean""}",T2,1,0,1000,0.7562,0.6419,0.65,9.7,False,
2026-10-05 23:49:06,A,A_efficientnet_b0_ridge,"{""grid"": {""alpha"": 1000.0}, ""agg"": ""top8""}",T2,1,1,1001,0.7198,0.6667,0.6671,11.3,False,
2026-10-05 23:49:06,A,A_efficientnet_b0_ridge,"{""grid"": {""alpha"": 10.0}, ""agg"": ""trimmed""}",T2,1,2,1002,0.7282,0.7,0.7,10.5,False,
2026-10-05 23:49:06,A,A_efficientnet_b0_ridge,"{""grid"": {""alpha"": 1000.0}, ""agg"": ""mean""}",T2,1,3,1003,0.7053,0.7714,0.775,10.6,False,
2026-10-05 23:49:06,A,A_efficientnet_b0_ridge,"{""grid"": {""alpha"": 10.0}, ""agg"": ""learned""}",T2,1,4,1004,0.7044,0.7548,0.7583,10.0,False,
2026-10-05 23:49:06,A,A_efficientnet_b0_ridge,"{""grid"": {""alpha"": 1000.0}, ""agg"": ""mean""}",T2,2,0,2000,0.725,0.6465,0.6466,6.5,False,
2026-10-05 23:49:06,A,A_efficientnet_b0_ridge,"{""grid"": {""alpha"": 1000.0}, ""agg"": ""trimmed""}",T2,2,1,2001,0.7189,0.6658,0.6658,6.4,False,
2026-10-05 23:49:06,A,A_efficientnet_b0_ridge,"{""grid"": {""alpha"": 10.0}, ""agg"": ""median""}",T2,2,2,2002,0.7182,0.7396,0.75,6.3,False,
2026-10-05 23:49:06,A,A_efficientnet_b0_ridge,"{""grid"": {""alpha"": 1000.0}, ""agg"": ""trimmed""}",T2,2,3,2003,0.6806,0.7749,0.775,6.2,False,
2026-10-05 23:49:06,A,A_efficientnet_b0_ridge,"{""grid"": {""alpha"": 10.0}, ""agg"": ""trimmed""}",T2,2,4,2004,0.7168,0.6829,0.6833,6.1,False,
2026-10-05 23:49:09,B,B_mil_attn_resnet50,"{""hidden"": 128, ""dropout"": 0.25, ""slice_drop"": 0.0, ""wd"": 0.0001, ""epochs"": 13, ""T"": 1.024, ""train_patient_mF1"": 0.853}",T3,2,3,2003,0.5257,0.4439,0.4722,37.6,False,16 configs x 3 inner folds
2026-10-05 23:49:11,A,A_efficientnet_b0_lgbm,"{""grid"": {""num_leaves"": 15}, ""agg"": ""learned""}",T2,0,0,0,0.706,0.7248,0.725,51.5,False,
2026-10-05 23:49:11,A,A_efficientnet_b0_lgbm,"{""grid"": {""num_leaves"": 7}, ""agg"": ""mean""}",T2,0,1,1,0.7672,0.6465,0.65,49.3,False,
2026-10-05 23:49:11,A,A_efficientnet_b0_lgbm,"{""grid"": {""num_leaves"": 7}, ""agg"": ""top8""}",T2,0,2,2,0.6677,0.7737,0.7807,50.4,False,
2026-10-05 23:49:11,A,A_efficientnet_b0_lgbm,"{""grid"": {""num_leaves"": 15}, ""agg"": ""median""}",T2,0,3,3,0.7437,0.7234,0.7231,57.7,False,
2026-10-05 23:49:11,A,A_efficientnet_b0_lgbm,"{""grid"": {""num_leaves"": 7}, ""agg"": ""mean""}",T2,0,4,4,0.6672,0.8249,0.825,51.1,False,
2026-10-05 23:49:11,A,A_efficientnet_b0_lgbm,"{""grid"": {""num_leaves"": 7}, ""agg"": ""mean""}",T2,1,0,1000,0.7371,0.6465,0.65,50.0,False,
2026-10-05 23:49:11,A,A_efficientnet_b0_lgbm,"{""grid"": {""num_leaves"": 7}, ""agg"": ""mean""}",T2,1,1,1001,0.7079,0.7421,0.7421,53.2,False,
2026-10-05 23:49:11,A,A_efficientnet_b0_lgbm,"{""grid"": {""num_leaves"": 15}, ""agg"": ""median""}",T2,1,2,1002,0.7169,0.7494,0.75,52.8,False,
2026-10-05 23:49:11,A,A_efficientnet_b0_lgbm,"{""grid"": {""num_leaves"": 7}, ""agg"": ""trimmed""}",T2,1,3,1003,0.7118,0.7234,0.725,52.6,False,
2026-10-05 23:49:11,A,A_efficientnet_b0_lgbm,"{""grid"": {""num_leaves"": 15}, ""agg"": ""mean""}",T2,1,4,1004,0.7163,0.756,0.756,53.8,False,
2026-10-05 23:49:11,A,A_efficientnet_b0_lgbm,"{""grid"": {""num_leaves"": 7}, ""agg"": ""median""}",T2,2,0,2000,0.7182,0.6465,0.6466,29.7,False,
2026-10-05 23:49:11,A,A_efficientnet_b0_lgbm,"{""grid"": {""num_leaves"": 7}, ""agg"": ""top8""}",T2,2,1,2001,0.7064,0.7179,0.7184,29.2,False,
2026-10-05 23:49:11,A,A_efficientnet_b0_lgbm,"{""grid"": {""num_leaves"": 7}, ""agg"": ""logmean""}",T2,2,2,2002,0.7365,0.6875,0.7,29.2,False,
2026-10-05 23:49:11,A,A_efficientnet_b0_lgbm,"{""grid"": {""num_leaves"": 15}, ""agg"": ""median""}",T2,2,3,2003,0.7239,0.7494,0.75,32.2,False,
2026-10-05 23:49:11,A,A_efficientnet_b0_lgbm,"{""grid"": {""num_leaves"": 7}, ""agg"": ""mean""}",T2,2,4,2004,0.7415,0.756,0.756,28.5,False,
2026-10-05 23:49:14,A,A_efficientnet_b0_mlp,"{""grid"": {""alpha"": 0.1}, ""agg"": ""mean""}",T2,0,0,0,0.7125,0.7206,0.725,61.8,False,
2026-10-05 23:49:14,A,A_efficientnet_b0_mlp,"{""grid"": {""alpha"": 1.0}, ""agg"": ""mean""}",T2,0,1,1,0.787,0.7248,0.725,61.0,False,
2026-10-05 23:49:14,A,A_efficientnet_b0_mlp,"{""grid"": {""alpha"": 0.1}, ""agg"": ""top8""}",T2,0,2,2,0.6546,0.7995,0.8045,63.9,False,
2026-10-05 23:49:14,A,A_efficientnet_b0_mlp,"{""grid"": {""alpha"": 1.0}, ""agg"": ""trimmed""}",T2,0,3,3,0.7433,0.7995,0.7995,56.1,False,
2026-10-05 23:49:14,A,A_efficientnet_b0_mlp,"{""grid"": {""alpha"": 1.0}, ""agg"": ""median""}",T2,0,4,4,0.6802,0.7749,0.775,64.0,False,
2026-10-05 23:49:14,A,A_efficientnet_b0_mlp,"{""grid"": {""alpha"": 1.0}, ""agg"": ""top8""}",T2,1,0,1000,0.7749,0.6229,0.625,58.5,False,
2026-10-05 23:49:14,A,A_efficientnet_b0_mlp,"{""grid"": {""alpha"": 0.1}, ""agg"": ""mean""}",T2,1,1,1001,0.7635,0.6389,0.6395,59.3,False,
2026-10-05 23:49:14,A,A_efficientnet_b0_mlp,"{""grid"": {""alpha"": 1.0}, ""agg"": ""median""}",T2,1,2,1002,0.7234,0.824,0.825,63.8,False,
2026-10-05 23:49:14,A,A_efficientnet_b0_mlp,"{""grid"": {""alpha"": 0.1}, ""agg"": ""learned""}",T2,1,3,1003,0.7429,0.7475,0.75,58.7,False,
2026-10-05 23:49:14,A,A_efficientnet_b0_mlp,"{""grid"": {""alpha"": 0.1}, ""agg"": ""top8""}",T2,1,4,1004,0.7407,0.756,0.7571,57.9,False,
2026-10-05 23:49:14,A,A_efficientnet_b0_mlp,"{""grid"": {""alpha"": 0.1}, ""agg"": ""top8""}",T2,2,0,2000,0.7437,0.6748,0.6754,31.9,False,
2026-10-05 23:49:15,A,A_efficientnet_b0_mlp,"{""grid"": {""alpha"": 0.1}, ""agg"": ""logmean""}",T2,2,1,2001,0.7201,0.7914,0.7921,34.0,False,
2026-10-05 23:49:15,A,A_efficientnet_b0_mlp,"{""grid"": {""alpha"": 0.1}, ""agg"": ""learned""}",T2,2,2,2002,0.7246,0.7954,0.8,29.9,False,
2026-10-05 23:49:15,A,A_efficientnet_b0_mlp,"{""grid"": {""alpha"": 0.1}, ""agg"": ""learned""}",T2,2,3,2003,0.6977,0.7737,0.775,31.6,False,
2026-10-05 23:49:15,A,A_efficientnet_b0_mlp,"{""grid"": {""alpha"": 1.0}, ""agg"": ""mean""}",T2,2,4,2004,0.7356,0.7057,0.706,31.2,False,
2026-10-05 23:50:25,baseline,B_ft_resnet18,"{""image_size"": 224, ""batch_size"": 64, ""epochs"": 25, ""lr"": 0.0003, ""backbone_lr_mult"": 0.1, ""weight_decay"": 0.0001, ""dropout"": 0.2, ""freeze_epochs"": 3, ""warmup_epochs"": 1, ""aug_strength"": 1.0, ""patience"": 6, ""arch"": ""resnet18"", ""train_patient_mF1"": 0.7251, ""innerval_patient_mF1"": 0.5374, ""best_epoch"": 4}",T4,0,0,0,0.5374,0.6298,0.631,132.7,False,
2026-10-05 23:51:08,B,B_mil_attn_resnet50,"{""hidden"": 128, ""dropout"": 0.5, ""slice_drop"": 0.3, ""wd"": 0.0001, ""epochs"": 11, ""T"": 0.91, ""train_patient_mF1"": 0.7824}",T3,2,4,2004,0.4709,0.5407,0.6032,119.2,False,16 configs x 3 inner folds
2026-10-05 23:51:49,baseline,B_ft_resnet18,"{""image_size"": 224, ""batch_size"": 64, ""epochs"": 25, ""lr"": 0.0003, ""backbone_lr_mult"": 0.1, ""weight_decay"": 0.0001, ""dropout"": 0.2, ""freeze_epochs"": 3, ""warmup_epochs"": 1, ""aug_strength"": 1.0, ""patience"": 6, ""arch"": ""resnet18"", ""train_patient_mF1"": 0.2565, ""innerval_patient_mF1"": 0.3555, ""best_epoch"": 1}",T4,0,1,1,0.3555,0.3783,0.5111,84.0,False,
2026-10-05 23:52:38,B,B_mil_mean_resnet50,"{""hidden"": 64, ""dropout"": 0.5, ""slice_drop"": 0.0, ""wd"": 0.0001, ""epochs"": 19, ""T"": 0.91, ""train_patient_mF1"": 0.8474}",T3,0,0,0,0.5072,0.4364,0.4619,55.8,False,16 configs x 3 inner folds
2026-10-05 23:52:41,A,A_efficientnet_b3_logreg,"{""grid"": {""C"": 1.0}, ""agg"": ""median""}",T2,0,0,0,0.6875,0.7494,0.75,17.6,False,
2026-10-05 23:52:42,A,A_efficientnet_b3_logreg,"{""grid"": {""C"": 0.01}, ""agg"": ""top8""}",T2,0,1,1,0.7744,0.5747,0.575,14.9,False,
2026-10-05 23:52:42,A,A_efficientnet_b3_logreg,"{""grid"": {""C"": 0.1}, ""agg"": ""median""}",T2,0,2,2,0.7049,0.6748,0.6779,15.3,False,
2026-10-05 23:52:42,A,A_efficientnet_b3_logreg,"{""grid"": {""C"": 0.01}, ""agg"": ""top8""}",T2,0,3,3,0.7437,0.7475,0.7469,14.3,False,
2026-10-05 23:52:42,A,A_efficientnet_b3_logreg,"{""grid"": {""C"": 0.001}, ""agg"": ""top8""}",T2,0,4,4,0.6186,0.8249,0.825,14.5,False,
2026-10-05 23:52:42,A,A_efficientnet_b3_logreg,"{""grid"": {""C"": 0.01}, ""agg"": ""mean""}",T2,1,0,1000,0.7437,0.6698,0.675,15.0,False,
2026-10-05 23:52:42,A,A_efficientnet_b3_logreg,"{""grid"": {""C"": 0.01}, ""agg"": ""trimmed""}",T2,1,1,1001,0.7314,0.6905,0.6908,14.7,False,
2026-10-05 23:52:42,A,A_efficientnet_b3_logreg,"{""grid"": {""C"": 0.01}, ""agg"": ""logmean""}",T2,1,2,1002,0.6875,0.7494,0.75,15.9,False,
2026-10-05 23:52:42,A,A_efficientnet_b3_logreg,"{""grid"": {""C"": 0.001}, ""agg"": ""mean""}",T2,1,3,1003,0.6625,0.7234,0.725,14.7,False,
2026-10-05 23:52:42,A,A_efficientnet_b3_logreg,"{""grid"": {""C"": 0.1}, ""agg"": ""top8""}",T2,1,4,1004,0.7163,0.6583,0.6595,15.9,False,
2026-10-05 23:52:42,A,A_efficientnet_b3_logreg,"{""grid"": {""C"": 0.001}, ""agg"": ""learned""}",T2,2,0,2000,0.7373,0.6465,0.6466,9.6,False,
2026-10-05 23:52:42,A,A_efficientnet_b3_logreg,"{""grid"": {""C"": 0.001}, ""agg"": ""trimmed""}",T2,2,1,2001,0.7074,0.6658,0.6658,8.2,False,
2026-10-05 23:52:42,A,A_efficientnet_b3_logreg,"{""grid"": {""C"": 0.001}, ""agg"": ""median""}",T2,2,2,2002,0.7174,0.7396,0.75,8.3,False,
2026-10-05 23:52:42,A,A_efficientnet_b3_logreg,"{""grid"": {""C"": 0.001}, ""agg"": ""top8""}",T2,2,3,2003,0.6928,0.7,0.7,8.5,False,
2026-10-05 23:52:42,A,A_efficientnet_b3_logreg,"{""grid"": {""C"": 0.1}, ""agg"": ""mean""}",T2,2,4,2004,0.7289,0.7548,0.7548,7.9,False,
2026-10-05 23:52:45,A,A_efficientnet_b3_linsvm,"{""grid"": {""C"": 0.001}, ""agg"": ""median""}",T2,0,0,0,0.6875,0.7995,0.8,21.4,False,
2026-10-05 23:52:45,A,A_efficientnet_b3_linsvm,"{""grid"": {""C"": 0.001}, ""agg"": ""top8""}",T2,0,1,1,0.7806,0.5747,0.575,22.6,False,
2026-10-05 23:52:45,A,A_efficientnet_b3_linsvm,"{""grid"": {""C"": 0.01}, ""agg"": ""median""}",T2,0,2,2,0.6983,0.7,0.7018,22.1,False,
2026-10-05 23:52:45,A,A_efficientnet_b3_linsvm,"{""grid"": {""C"": 0.0001}, ""agg"": ""learned""}",T2,0,3,3,0.7371,0.7234,0.7231,22.5,False,
2026-10-05 23:52:45,A,A_efficientnet_b3_linsvm,"{""grid"": {""C"": 0.0001}, ""agg"": ""top8""}",T2,0,4,4,0.6123,0.8249,0.825,22.6,False,
2026-10-05 23:52:45,A,A_efficientnet_b3_linsvm,"{""grid"": {""C"": 0.001}, ""agg"": ""mean""}",T2,1,0,1000,0.7375,0.6698,0.675,22.6,False,
2026-10-05 23:52:45,A,A_efficientnet_b3_linsvm,"{""grid"": {""C"": 0.0001}, ""agg"": ""mean""}",T2,1,1,1001,0.7198,0.6921,0.6921,22.4,False,
2026-10-05 23:52:45,A,A_efficientnet_b3_linsvm,"{""grid"": {""C"": 0.01}, ""agg"": ""mean""}",T2,1,2,1002,0.706,0.7749,0.775,22.5,False,
2026-10-05 23:52:45,A,A_efficientnet_b3_linsvm,"{""grid"": {""C"": 0.0001}, ""agg"": ""learned""}",T2,1,3,1003,0.6625,0.7234,0.725,21.8,False,
2026-10-05 23:52:45,A,A_efficientnet_b3_linsvm,"{""grid"": {""C"": 0.001}, ""agg"": ""top8""}",T2,1,4,1004,0.7159,0.6333,0.6357,21.7,False,
2026-10-05 23:52:45,A,A_efficientnet_b3_linsvm,"{""grid"": {""C"": 0.001}, ""agg"": ""mean""}",T2,2,0,2000,0.7312,0.6732,0.6729,12.4,False,
2026-10-05 23:52:45,A,A_efficientnet_b3_linsvm,"{""grid"": {""C"": 0.0001}, ""agg"": ""trimmed""}",T2,2,1,2001,0.7013,0.6658,0.6658,11.8,False,
2026-10-05 23:52:45,A,A_efficientnet_b3_linsvm,"{""grid"": {""C"": 0.0001}, ""agg"": ""median""}",T2,2,2,2002,0.7174,0.7396,0.75,12.3,False,
2026-10-05 23:52:45,A,A_efficientnet_b3_linsvm,"{""grid"": {""C"": 0.0001}, ""agg"": ""learned""}",T2,2,3,2003,0.6928,0.7248,0.725,11.8,False,
2026-10-05 23:52:45,A,A_efficientnet_b3_linsvm,"{""grid"": {""C"": 0.001}, ""agg"": ""trimmed""}",T2,2,4,2004,0.7285,0.7548,0.7548,11.4,False,
2026-10-05 23:52:49,A,A_efficientnet_b3_ridge,"{""grid"": {""alpha"": 10.0}, ""agg"": ""median""}",T2,0,0,0,0.6875,0.7737,0.775,12.1,False,
2026-10-05 23:52:49,A,A_efficientnet_b3_ridge,"{""grid"": {""alpha"": 1000.0}, ""agg"": ""learned""}",T2,0,1,1,0.7683,0.599,0.6,11.0,False,
2026-10-05 23:52:49,A,A_efficientnet_b3_ridge,"{""grid"": {""alpha"": 10.0}, ""agg"": ""median""}",T2,0,2,2,0.6977,0.7248,0.7281,11.0,False,
2026-10-05 23:52:49,A,A_efficientnet_b3_ridge,"{""grid"": {""alpha"": 1000.0}, ""agg"": ""learned""}",T2,0,3,3,0.7496,0.7234,0.7231,11.1,False,
2026-10-05 23:52:49,A,A_efficientnet_b3_ridge,"{""grid"": {""alpha"": 10.0}, ""agg"": ""top8""}",T2,0,4,4,0.6186,0.7749,0.775,11.2,False,
2026-10-05 23:52:49,A,A_efficientnet_b3_ridge,"{""grid"": {""alpha"": 100.0}, ""agg"": ""mean""}",T2,1,0,1000,0.7437,0.6698,0.675,11.1,False,
2026-10-05 23:52:49,A,A_efficientnet_b3_ridge,"{""grid"": {""alpha"": 10.0}, ""agg"": ""mean""}",T2,1,1,1001,0.7259,0.6905,0.6908,11.1,False,
2026-10-05 23:52:49,A,A_efficientnet_b3_ridge,"{""grid"": {""alpha"": 1000.0}, ""agg"": ""mean""}",T2,1,2,1002,0.6936,0.7737,0.775,11.0,False,
2026-10-05 23:52:49,A,A_efficientnet_b3_ridge,"{""grid"": {""alpha"": 1000.0}, ""agg"": ""mean""}",T2,1,3,1003,0.6624,0.7475,0.75,11.3,False,
2026-10-05 23:52:49,A,A_efficientnet_b3_ridge,"{""grid"": {""alpha"": 1000.0}, ""agg"": ""top8""}",T2,1,4,1004,0.7027,0.6829,0.6833,11.9,False,
2026-10-05 23:52:49,A,A_efficientnet_b3_ridge,"{""grid"": {""alpha"": 100.0}, ""agg"": ""mean""}",T2,2,0,2000,0.7437,0.6732,0.6729,7.7,False,
2026-10-05 23:52:49,A,A_efficientnet_b3_ridge,"{""grid"": {""alpha"": 100.0}, ""agg"": ""mean""}",T2,2,1,2001,0.6993,0.6658,0.6658,6.8,False,
2026-10-05 23:52:49,A,A_efficientnet_b3_ridge,"{""grid"": {""alpha"": 100.0}, ""agg"": ""mean""}",T2,2,2,2002,0.7169,0.7396,0.75,6.9,False,
2026-10-05 23:52:49,A,A_efficientnet_b3_ridge,"{""grid"": {""alpha"": 1000.0}, ""agg"": ""top8""}",T2,2,3,2003,0.6737,0.7248,0.725,6.4,False,
2026-10-05 23:52:49,A,A_efficientnet_b3_ridge,"{""grid"": {""alpha"": 10.0}, ""agg"": ""mean""}",T2,2,4,2004,0.7227,0.7548,0.7548,5.9,False,
2026-10-05 23:52:53,A,A_efficientnet_b3_lgbm,"{""grid"": {""num_leaves"": 7}, ""agg"": ""top8""}",T2,0,0,0,0.6802,0.697,0.7,49.2,False,
2026-10-05 23:52:53,A,A_efficientnet_b3_lgbm,"{""grid"": {""num_leaves"": 7}, ""agg"": ""median""}",T2,0,1,1,0.7433,0.5747,0.575,55.2,False,
2026-10-05 23:52:53,A,A_efficientnet_b3_lgbm,"{""grid"": {""num_leaves"": 15}, ""agg"": ""mean""}",T2,0,2,2,0.6977,0.6992,0.7043,54.9,False,
2026-10-05 23:52:53,A,A_efficientnet_b3_lgbm,"{""grid"": {""num_leaves"": 7}, ""agg"": ""mean""}",T2,0,3,3,0.7123,0.6732,0.6729,52.6,False,
2026-10-05 23:52:53,A,A_efficientnet_b3_lgbm,"{""grid"": {""num_leaves"": 7}, ""agg"": ""trimmed""}",T2,0,4,4,0.6305,0.824,0.825,49.1,False,
2026-10-05 23:52:53,A,A_efficientnet_b3_lgbm,"{""grid"": {""num_leaves"": 15}, ""agg"": ""top8""}",T2,1,0,1000,0.75,0.6465,0.65,54.2,False,
2026-10-05 23:52:53,A,A_efficientnet_b3_lgbm,"{""grid"": {""num_leaves"": 15}, ""agg"": ""top8""}",T2,1,1,1001,0.7184,0.7434,0.7447,53.4,False,
2026-10-05 23:52:53,A,A_efficientnet_b3_lgbm,"{""grid"": {""num_leaves"": 7}, ""agg"": ""trimmed""}",T2,1,2,1002,0.6623,0.6732,0.675,52.3,False,
2026-10-05 23:52:53,A,A_efficientnet_b3_lgbm,"{""grid"": {""num_leaves"": 7}, ""agg"": ""top8""}",T2,1,3,1003,0.6932,0.6992,0.7,49.9,False,
2026-10-05 23:52:53,A,A_efficientnet_b3_lgbm,"{""grid"": {""num_leaves"": 7}, ""agg"": ""learned""}",T2,1,4,1004,0.6849,0.6829,0.6833,52.2,False,
2026-10-05 23:52:53,A,A_efficientnet_b3_lgbm,"{""grid"": {""num_leaves"": 7}, ""agg"": ""top8""}",T2,2,0,2000,0.7373,0.619,0.6203,30.9,False,
2026-10-05 23:52:53,A,A_efficientnet_b3_lgbm,"{""grid"": {""num_leaves"": 15}, ""agg"": ""mean""}",T2,2,1,2001,0.6926,0.6389,0.6395,32.2,False,
2026-10-05 23:52:53,A,A_efficientnet_b3_lgbm,"{""grid"": {""num_leaves"": 15}, ""agg"": ""logmean""}",T2,2,2,2002,0.6988,0.7396,0.75,32.1,False,
2026-10-05 23:52:53,A,A_efficientnet_b3_lgbm,"{""grid"": {""num_leaves"": 7}, ""agg"": ""top8""}",T2,2,3,2003,0.7121,0.6748,0.675,29.9,False,
2026-10-05 23:52:53,A,A_efficientnet_b3_lgbm,"{""grid"": {""num_leaves"": 7}, ""agg"": ""logmean""}",T2,2,4,2004,0.7163,0.7317,0.7321,29.8,False,
2026-10-05 23:52:56,A,A_efficientnet_b3_mlp,"{""grid"": {""alpha"": 0.1}, ""agg"": ""mean""}",T2,0,0,0,0.7,0.798,0.8,57.9,False,
2026-10-05 23:52:56,A,A_efficientnet_b3_mlp,"{""grid"": {""alpha"": 0.1}, ""agg"": ""learned""}",T2,0,1,1,0.768,0.5747,0.575,60.9,False,
2026-10-05 23:52:56,A,A_efficientnet_b3_mlp,"{""grid"": {""alpha"": 0.1}, ""agg"": ""learned""}",T2,0,2,2,0.6843,0.7234,0.7306,59.0,False,
2026-10-05 23:52:56,A,A_efficientnet_b3_mlp,"{""grid"": {""alpha"": 1.0}, ""agg"": ""mean""}",T2,0,3,3,0.7437,0.7494,0.7494,55.6,False,
2026-10-05 23:52:56,A,A_efficientnet_b3_mlp,"{""grid"": {""alpha"": 0.1}, ""agg"": ""learned""}",T2,0,4,4,0.6591,0.7396,0.75,54.7,False,
2026-10-05 23:52:56,A,A_efficientnet_b3_mlp,"{""grid"": {""alpha"": 1.0}, ""agg"": ""top8""}",T2,1,0,1000,0.7125,0.6647,0.675,63.8,False,
2026-10-05 23:52:56,A,A_efficientnet_b3_mlp,"{""grid"": {""alpha"": 0.1}, ""agg"": ""learned""}",T2,1,1,1001,0.7374,0.6631,0.6645,60.5,False,
2026-10-05 23:52:56,A,A_efficientnet_b3_mlp,"{""grid"": {""alpha"": 0.1}, ""agg"": ""logmean""}",T2,1,2,1002,0.7057,0.7494,0.75,55.6,False,
2026-10-05 23:52:56,A,A_efficientnet_b3_mlp,"{""grid"": {""alpha"": 0.1}, ""agg"": ""mean""}",T2,1,3,1003,0.6873,0.7234,0.725,61.5,False,
2026-10-05 23:52:56,A,A_efficientnet_b3_mlp,"{""grid"": {""alpha"": 1.0}, ""agg"": ""top8""}",T2,1,4,1004,0.7411,0.6829,0.6833,58.3,False,
2026-10-05 23:52:56,A,A_efficientnet_b3_mlp,"{""grid"": {""alpha"": 0.1}, ""agg"": ""median""}",T2,2,0,2000,0.7437,0.697,0.6967,34.3,False,
2026-10-05 23:52:56,A,A_efficientnet_b3_mlp,"{""grid"": {""alpha"": 1.0}, ""agg"": ""median""}",T2,2,1,2001,0.6874,0.6921,0.6921,32.4,False,
2026-10-05 23:52:56,A,A_efficientnet_b3_mlp,"{""grid"": {""alpha"": 1.0}, ""agg"": ""top8""}",T2,2,2,2002,0.7169,0.7103,0.725,32.6,False,
2026-10-05 23:52:56,A,A_efficientnet_b3_mlp,"{""grid"": {""alpha"": 0.1}, ""agg"": ""trimmed""}",T2,2,3,2003,0.6875,0.7248,0.725,31.7,False,
2026-10-05 23:52:56,A,A_efficientnet_b3_mlp,"{""grid"": {""alpha"": 1.0}, ""agg"": ""median""}",T2,2,4,2004,0.7093,0.7311,0.731,33.4,False,
2026-10-05 23:53:14,B,B_mil_mean_resnet50,"{""hidden"": 64, ""dropout"": 0.5, ""slice_drop"": 0.0, ""wd"": 0.0001, ""epochs"": 22, ""T"": 0.858, ""train_patient_mF1"": 0.8765}",T3,0,1,1,0.5697,0.5178,0.519,36.2,False,16 configs x 3 inner folds
2026-10-05 23:54:06,baseline,B_ft_resnet18,"{""image_size"": 224, ""batch_size"": 64, ""epochs"": 25, ""lr"": 0.0003, ""backbone_lr_mult"": 0.1, ""weight_decay"": 0.0001, ""dropout"": 0.2, ""freeze_epochs"": 3, ""warmup_epochs"": 1, ""aug_strength"": 1.0, ""patience"": 6, ""arch"": ""resnet18"", ""train_patient_mF1"": 0.7497, ""innerval_patient_mF1"": 0.5697, ""best_epoch"": 5}",T4,0,2,2,0.5697,0.4653,0.4976,136.4,False,
2026-10-05 23:55:12,B,B_mil_mean_resnet50,"{""hidden"": 128, ""dropout"": 0.25, ""slice_drop"": 0.0, ""wd"": 0.0001, ""epochs"": 13, ""T"": 0.965, ""train_patient_mF1"": 0.869}",T3,0,2,2,0.5317,0.5073,0.5128,118.2,False,16 configs x 3 inner folds
2026-10-05 23:56:06,B,B_mil_mean_resnet50,"{""hidden"": 64, ""dropout"": 0.5, ""slice_drop"": 0.3, ""wd"": 0.0001, ""epochs"": 24, ""T"": 0.858, ""train_patient_mF1"": 0.8401}",T3,0,3,3,0.5674,0.4901,0.5105,53.8,False,16 configs x 3 inner folds
2026-10-05 23:56:19,A,A_convnext_tiny_logreg,"{""grid"": {""C"": 0.001}, ""agg"": ""trimmed""}",T2,0,0,0,0.7121,0.7494,0.75,14.9,False,
2026-10-05 23:56:19,A,A_convnext_tiny_logreg,"{""grid"": {""C"": 0.001}, ""agg"": ""median""}",T2,0,1,1,0.7496,0.6229,0.625,14.3,False,
2026-10-05 23:56:19,A,A_convnext_tiny_logreg,"{""grid"": {""C"": 0.001}, ""agg"": ""learned""}",T2,0,2,2,0.7114,0.7737,0.7807,13.7,False,
2026-10-05 23:56:19,A,A_convnext_tiny_logreg,"{""grid"": {""C"": 0.001}, ""agg"": ""mean""}",T2,0,3,3,0.731,0.7248,0.7256,13.6,False,
2026-10-05 23:56:19,A,A_convnext_tiny_logreg,"{""grid"": {""C"": 0.1}, ""agg"": ""mean""}",T2,0,4,4,0.6871,0.798,0.8,15.9,False,
2026-10-05 23:56:19,A,A_convnext_tiny_logreg,"{""grid"": {""C"": 0.01}, ""agg"": ""median""}",T2,1,0,1000,0.7622,0.6465,0.65,13.8,False,
2026-10-05 23:56:19,A,A_convnext_tiny_logreg,"{""grid"": {""C"": 1.0}, ""agg"": ""top8""}",T2,1,1,1001,0.739,0.7421,0.7461,13.6,False,
2026-10-05 23:56:19,A,A_convnext_tiny_logreg,"{""grid"": {""C"": 0.01}, ""agg"": ""top8""}",T2,1,2,1002,0.731,0.6992,0.7,14.5,False,
2026-10-05 23:56:19,A,A_convnext_tiny_logreg,"{""grid"": {""C"": 0.001}, ""agg"": ""top8""}",T2,1,3,1003,0.6737,0.7475,0.75,14.1,False,
2026-10-05 23:56:19,A,A_convnext_tiny_logreg,"{""grid"": {""C"": 0.001}, ""agg"": ""learned""}",T2,1,4,1004,0.7166,0.7071,0.7083,13.3,False,
2026-10-05 23:56:19,A,A_convnext_tiny_logreg,"{""grid"": {""C"": 0.001}, ""agg"": ""top8""}",T2,2,0,2000,0.7687,0.6491,0.6491,8.2,False,
2026-10-05 23:56:19,A,A_convnext_tiny_logreg,"{""grid"": {""C"": 0.001}, ""agg"": ""mean""}",T2,2,1,2001,0.7323,0.6921,0.6921,8.5,False,
2026-10-05 23:56:19,A,A_convnext_tiny_logreg,"{""grid"": {""C"": 0.01}, ""agg"": ""learned""}",T2,2,2,2002,0.7049,0.7103,0.725,8.4,False,
2026-10-05 23:56:19,A,A_convnext_tiny_logreg,"{""grid"": {""C"": 1.0}, ""agg"": ""mean""}",T2,2,3,2003,0.706,0.7749,0.775,8.6,False,
2026-10-05 23:56:19,A,A_convnext_tiny_logreg,"{""grid"": {""C"": 0.001}, ""agg"": ""learned""}",T2,2,4,2004,0.7356,0.7311,0.731,8.5,False,
2026-10-05 23:56:23,A,A_convnext_tiny_linsvm,"{""grid"": {""C"": 0.0001}, ""agg"": ""learned""}",T2,0,0,0,0.6998,0.7737,0.775,19.5,False,
2026-10-05 23:56:23,A,A_convnext_tiny_linsvm,"{""grid"": {""C"": 0.0001}, ""agg"": ""learned""}",T2,0,1,1,0.7433,0.6748,0.675,19.4,False,
2026-10-05 23:56:23,A,A_convnext_tiny_linsvm,"{""grid"": {""C"": 0.0001}, ""agg"": ""learned""}",T2,0,2,2,0.7118,0.7737,0.7807,19.4,False,
2026-10-05 23:56:23,A,A_convnext_tiny_linsvm,"{""grid"": {""C"": 0.0001}, ""agg"": ""trimmed""}",T2,0,3,3,0.731,0.7248,0.7256,19.1,False,
2026-10-05 23:56:23,A,A_convnext_tiny_linsvm,"{""grid"": {""C"": 0.01}, ""agg"": ""mean""}",T2,0,4,4,0.6932,0.7714,0.775,20.0,False,
2026-10-05 23:56:23,A,A_convnext_tiny_linsvm,"{""grid"": {""C"": 0.001}, ""agg"": ""trimmed""}",T2,1,0,1000,0.7498,0.6465,0.65,20.1,False,
2026-10-05 23:56:23,A,A_convnext_tiny_linsvm,"{""grid"": {""C"": 0.01}, ""agg"": ""top8""}",T2,1,1,1001,0.739,0.7686,0.7711,20.6,False,
2026-10-05 23:56:23,A,A_convnext_tiny_linsvm,"{""grid"": {""C"": 0.001}, ""agg"": ""top8""}",T2,1,2,1002,0.7371,0.6992,0.7,20.2,False,
2026-10-05 23:56:23,A,A_convnext_tiny_linsvm,"{""grid"": {""C"": 0.0001}, ""agg"": ""top8""}",T2,1,3,1003,0.6737,0.7475,0.75,18.9,False,
2026-10-05 23:56:23,A,A_convnext_tiny_linsvm,"{""grid"": {""C"": 0.01}, ""agg"": ""mean""}",T2,1,4,1004,0.6845,0.756,0.756,19.8,False,
2026-10-05 23:56:23,A,A_convnext_tiny_linsvm,"{""grid"": {""C"": 0.001}, ""agg"": ""median""}",T2,2,0,2000,0.775,0.6748,0.6754,11.1,False,
2026-10-05 23:56:23,A,A_convnext_tiny_linsvm,"{""grid"": {""C"": 0.0001}, ""agg"": ""mean""}",T2,2,1,2001,0.7259,0.6921,0.6921,10.9,False,
2026-10-05 23:56:23,A,A_convnext_tiny_linsvm,"{""grid"": {""C"": 0.0001}, ""agg"": ""top8""}",T2,2,2,2002,0.7114,0.7103,0.725,10.7,False,
2026-10-05 23:56:23,A,A_convnext_tiny_linsvm,"{""grid"": {""C"": 0.01}, ""agg"": ""mean""}",T2,2,3,2003,0.706,0.7749,0.775,10.2,False,
2026-10-05 23:56:23,A,A_convnext_tiny_linsvm,"{""grid"": {""C"": 0.0001}, ""agg"": ""learned""}",T2,2,4,2004,0.7294,0.7071,0.7071,9.4,False,
2026-10-05 23:56:26,A,A_convnext_tiny_ridge,"{""grid"": {""alpha"": 100.0}, ""agg"": ""trimmed""}",T2,0,0,0,0.7062,0.7248,0.725,10.0,False,
2026-10-05 23:56:26,A,A_convnext_tiny_ridge,"{""grid"": {""alpha"": 1000.0}, ""agg"": ""learned""}",T2,0,1,1,0.7365,0.65,0.65,10.1,False,
2026-10-05 23:56:26,A,A_convnext_tiny_ridge,"{""grid"": {""alpha"": 10.0}, ""agg"": ""mean""}",T2,0,2,2,0.6983,0.7494,0.7544,9.6,False,
2026-10-05 23:56:26,A,A_convnext_tiny_ridge,"{""grid"": {""alpha"": 100.0}, ""agg"": ""mean""}",T2,0,3,3,0.7185,0.7,0.7018,10.0,False,
2026-10-05 23:56:26,A,A_convnext_tiny_ridge,"{""grid"": {""alpha"": 10.0}, ""agg"": ""median""}",T2,0,4,4,0.6928,0.7995,0.8,11.2,False,
2026-10-05 23:56:27,A,A_convnext_tiny_ridge,"{""grid"": {""alpha"": 100.0}, ""agg"": ""median""}",T2,1,0,1000,0.7683,0.6732,0.675,10.1,False,
2026-10-05 23:56:27,A,A_convnext_tiny_ridge,"{""grid"": {""alpha"": 10.0}, ""agg"": ""top8""}",T2,1,1,1001,0.7328,0.6905,0.6947,9.6,False,
2026-10-05 23:56:27,A,A_convnext_tiny_ridge,"{""grid"": {""alpha"": 1000.0}, ""agg"": ""mean""}",T2,1,2,1002,0.7371,0.6992,0.7,11.0,False,
2026-10-05 23:56:27,A,A_convnext_tiny_ridge,"{""grid"": {""alpha"": 1000.0}, ""agg"": ""mean""}",T2,1,3,1003,0.6498,0.7475,0.75,9.7,False,
2026-10-05 23:56:27,A,A_convnext_tiny_ridge,"{""grid"": {""alpha"": 10.0}, ""agg"": ""median""}",T2,1,4,1004,0.6845,0.8048,0.8048,10.1,False,
2026-10-05 23:56:27,A,A_convnext_tiny_ridge,"{""grid"": {""alpha"": 10.0}, ""agg"": ""mean""}",T2,2,0,2000,0.7687,0.6748,0.6754,5.9,False,
2026-10-05 23:56:27,A,A_convnext_tiny_ridge,"{""grid"": {""alpha"": 100.0}, ""agg"": ""top8""}",T2,2,1,2001,0.7059,0.6658,0.6658,6.2,False,
2026-10-05 23:56:27,A,A_convnext_tiny_ridge,"{""grid"": {""alpha"": 1000.0}, ""agg"": ""top8""}",T2,2,2,2002,0.7185,0.7103,0.725,5.7,False,
2026-10-05 23:56:27,A,A_convnext_tiny_ridge,"{""grid"": {""alpha"": 1000.0}, ""agg"": ""learned""}",T2,2,3,2003,0.7121,0.7749,0.775,5.7,False,
2026-10-05 23:56:27,A,A_convnext_tiny_ridge,"{""grid"": {""alpha"": 1000.0}, ""agg"": ""trimmed""}",T2,2,4,2004,0.704,0.7311,0.731,5.5,False,
2026-10-05 23:56:29,B,B_mil_mean_resnet50,"{""hidden"": 128, ""dropout"": 0.5, ""slice_drop"": 0.0, ""wd"": 0.0001, ""epochs"": 16, ""T"": 0.965, ""train_patient_mF1"": 0.8402}",T3,0,4,4,0.4889,0.5869,0.6,23.3,False,16 configs x 3 inner folds
2026-10-05 23:56:31,A,A_convnext_tiny_lgbm,"{""grid"": {""num_leaves"": 7}, ""agg"": ""mean""}",T2,0,0,0,0.706,0.7234,0.725,52.3,False,
2026-10-05 23:56:31,A,A_convnext_tiny_lgbm,"{""grid"": {""num_leaves"": 7}, ""agg"": ""mean""}",T2,0,1,1,0.7744,0.65,0.65,51.0,False,
2026-10-05 23:56:31,A,A_convnext_tiny_lgbm,"{""grid"": {""num_leaves"": 7}, ""agg"": ""top8""}",T2,0,2,2,0.7049,0.7737,0.7807,48.3,False,
2026-10-05 23:56:31,A,A_convnext_tiny_lgbm,"{""grid"": {""num_leaves"": 15}, ""agg"": ""mean""}",T2,0,3,3,0.7187,0.7248,0.7256,56.5,False,
2026-10-05 23:56:31,A,A_convnext_tiny_lgbm,"{""grid"": {""num_leaves"": 7}, ""agg"": ""learned""}",T2,0,4,4,0.6857,0.7995,0.8,48.9,False,
2026-10-05 23:56:31,A,A_convnext_tiny_lgbm,"{""grid"": {""num_leaves"": 7}, ""agg"": ""mean""}",T2,1,0,1000,0.7433,0.6698,0.675,48.0,False,
2026-10-05 23:56:31,A,A_convnext_tiny_lgbm,"{""grid"": {""num_leaves"": 7}, ""agg"": ""median""}",T2,1,1,1001,0.7319,0.7937,0.7974,48.4,False,
2026-10-05 23:56:31,A,A_convnext_tiny_lgbm,"{""grid"": {""num_leaves"": 7}, ""agg"": ""mean""}",T2,1,2,1002,0.731,0.7248,0.725,52.5,False,
2026-10-05 23:56:31,A,A_convnext_tiny_lgbm,"{""grid"": {""num_leaves"": 7}, ""agg"": ""top8""}",T2,1,3,1003,0.7179,0.6992,0.7,49.3,False,
2026-10-05 23:56:31,A,A_convnext_tiny_lgbm,"{""grid"": {""num_leaves"": 7}, ""agg"": ""learned""}",T2,1,4,1004,0.7358,0.7057,0.7095,48.8,False,
2026-10-05 23:56:31,A,A_convnext_tiny_lgbm,"{""grid"": {""num_leaves"": 15}, ""agg"": ""top8""}",T2,2,0,2000,0.756,0.6229,0.6228,31.2,False,
2026-10-05 23:56:31,A,A_convnext_tiny_lgbm,"{""grid"": {""num_leaves"": 7}, ""agg"": ""median""}",T2,2,1,2001,0.7254,0.7434,0.7447,29.1,False,
2026-10-05 23:56:31,A,A_convnext_tiny_lgbm,"{""grid"": {""num_leaves"": 15}, ""agg"": ""learned""}",T2,2,2,2002,0.7234,0.68,0.7,31.8,False,
2026-10-05 23:56:31,A,A_convnext_tiny_lgbm,"{""grid"": {""num_leaves"": 15}, ""agg"": ""top8""}",T2,2,3,2003,0.7123,0.7234,0.725,30.9,False,
2026-10-05 23:56:31,A,A_convnext_tiny_lgbm,"{""grid"": {""num_leaves"": 7}, ""agg"": ""top8""}",T2,2,4,2004,0.7415,0.8048,0.8048,28.3,False,
2026-10-05 23:56:33,baseline,B_ft_resnet18,"{""image_size"": 224, ""batch_size"": 64, ""epochs"": 25, ""lr"": 0.0003, ""backbone_lr_mult"": 0.1, ""weight_decay"": 0.0001, ""dropout"": 0.2, ""freeze_epochs"": 3, ""warmup_epochs"": 1, ""aug_strength"": 1.0, ""patience"": 6, ""arch"": ""resnet18"", ""train_patient_mF1"": 0.8534, ""innerval_patient_mF1"": 0.6389, ""best_epoch"": 6}",T4,0,3,3,0.6389,0.2913,0.3307,146.8,False,
2026-10-05 23:56:35,A,A_convnext_tiny_mlp,"{""grid"": {""alpha"": 0.1}, ""agg"": ""trimmed""}",T2,0,0,0,0.7062,0.697,0.7,62.4,False,
2026-10-05 23:56:35,A,A_convnext_tiny_mlp,"{""grid"": {""alpha"": 1.0}, ""agg"": ""top8""}",T2,0,1,1,0.7433,0.65,0.65,61.4,False,
2026-10-05 23:56:35,A,A_convnext_tiny_mlp,"{""grid"": {""alpha"": 0.1}, ""agg"": ""mean""}",T2,0,2,2,0.6791,0.6748,0.6779,60.4,False,
2026-10-05 23:56:35,A,A_convnext_tiny_mlp,"{""grid"": {""alpha"": 0.1}, ""agg"": ""trimmed""}",T2,0,3,3,0.731,0.75,0.7519,59.0,False,
2026-10-05 23:56:35,A,A_convnext_tiny_mlp,"{""grid"": {""alpha"": 0.1}, ""agg"": ""median""}",T2,0,4,4,0.6434,0.7737,0.775,62.0,False,
2026-10-05 23:56:35,A,A_convnext_tiny_mlp,"{""grid"": {""alpha"": 0.1}, ""agg"": ""median""}",T2,1,0,1000,0.7437,0.6491,0.65,63.9,False,
2026-10-05 23:56:35,A,A_convnext_tiny_mlp,"{""grid"": {""alpha"": 0.1}, ""agg"": ""trimmed""}",T2,1,1,1001,0.7323,0.6113,0.6184,61.1,False,
2026-10-05 23:56:35,A,A_convnext_tiny_mlp,"{""grid"": {""alpha"": 1.0}, ""agg"": ""top8""}",T2,1,2,1002,0.7123,0.7234,0.725,64.4,False,
2026-10-05 23:56:35,A,A_convnext_tiny_mlp,"{""grid"": {""alpha"": 0.1}, ""agg"": ""learned""}",T2,1,3,1003,0.6903,0.7475,0.75,63.4,False,
2026-10-05 23:56:35,A,A_convnext_tiny_mlp,"{""grid"": {""alpha"": 1.0}, ""agg"": ""learned""}",T2,1,4,1004,0.7042,0.756,0.756,59.5,False,
2026-10-05 23:56:35,A,A_convnext_tiny_mlp,"{""grid"": {""alpha"": 0.1}, ""agg"": ""median""}",T2,2,0,2000,0.7872,0.6248,0.6253,34.0,False,
2026-10-05 23:56:35,A,A_convnext_tiny_mlp,"{""grid"": {""alpha"": 0.1}, ""agg"": ""mean""}",T2,2,1,2001,0.7134,0.6658,0.6658,32.6,False,
2026-10-05 23:56:35,A,A_convnext_tiny_mlp,"{""grid"": {""alpha"": 1.0}, ""agg"": ""mean""}",T2,2,2,2002,0.6935,0.7396,0.75,34.0,False,
2026-10-05 23:56:35,A,A_convnext_tiny_mlp,"{""grid"": {""alpha"": 0.1}, ""agg"": ""logmean""}",T2,2,3,2003,0.7125,0.8,0.8,32.8,False,
2026-10-05 23:56:35,A,A_convnext_tiny_mlp,"{""grid"": {""alpha"": 1.0}, ""agg"": ""mean""}",T2,2,4,2004,0.7166,0.7029,0.7048,31.1,False,
2026-10-05 23:57:53,B,B_mil_mean_resnet50,"{""hidden"": 128, ""dropout"": 0.5, ""slice_drop"": 0.3, ""wd"": 0.0001, ""epochs"": 12, ""T"": 0.72, ""train_patient_mF1"": 0.7984}",T3,1,0,1000,0.5482,0.4939,0.4929,84.1,False,16 configs x 3 inner folds
2026-10-05 23:59:04,baseline,B_ft_resnet18,"{""image_size"": 224, ""batch_size"": 64, ""epochs"": 25, ""lr"": 0.0003, ""backbone_lr_mult"": 0.1, ""weight_decay"": 0.0001, ""dropout"": 0.2, ""freeze_epochs"": 3, ""warmup_epochs"": 1, ""aug_strength"": 1.0, ""patience"": 6, ""arch"": ""resnet18"", ""train_patient_mF1"": 0.8006, ""innerval_patient_mF1"": 0.5762, ""best_epoch"": 5}",T4,0,4,4,0.5762,0.4521,0.5071,151.0,False,
2026-10-05 23:59:17,B,B_mil_mean_resnet50,"{""hidden"": 128, ""dropout"": 0.5, ""slice_drop"": 0.3, ""wd"": 0.0001, ""epochs"": 13, ""T"": 1.221, ""train_patient_mF1"": 0.8282}",T3,1,1,1001,0.5223,0.6275,0.6517,83.9,False,16 configs x 3 inner folds
2026-10-05 23:59:49,A,A_dinov2_vits14_logreg,"{""grid"": {""C"": 0.001}, ""agg"": ""learned""}",T2,0,0,0,0.706,0.7475,0.75,12.4,False,
2026-10-05 23:59:49,A,A_dinov2_vits14_logreg,"{""grid"": {""C"": 0.01}, ""agg"": ""mean""}",T2,0,1,1,0.7498,0.6248,0.625,13.0,False,
2026-10-05 23:59:49,A,A_dinov2_vits14_logreg,"{""grid"": {""C"": 0.001}, ""agg"": ""trimmed""}",T2,0,2,2,0.7053,0.7248,0.7281,12.6,False,
2026-10-05 23:59:49,A,A_dinov2_vits14_logreg,"{""grid"": {""C"": 1.0}, ""agg"": ""learned""}",T2,0,3,3,0.749,0.75,0.7519,13.2,False,
2026-10-05 23:59:49,A,A_dinov2_vits14_logreg,"{""grid"": {""C"": 0.001}, ""agg"": ""trimmed""}",T2,0,4,4,0.6681,0.7995,0.8,12.5,False,
2026-10-05 23:59:49,A,A_dinov2_vits14_logreg,"{""grid"": {""C"": 1.0}, ""agg"": ""top8""}",T2,1,0,1000,0.7937,0.65,0.65,13.7,False,
2026-10-05 23:59:49,A,A_dinov2_vits14_logreg,"{""grid"": {""C"": 0.001}, ""agg"": ""mean""}",T2,1,1,1001,0.7079,0.7692,0.7697,12.7,False,
2026-10-05 23:59:49,A,A_dinov2_vits14_logreg,"{""grid"": {""C"": 0.01}, ""agg"": ""mean""}",T2,1,2,1002,0.706,0.697,0.7,12.9,False,
2026-10-05 23:59:49,A,A_dinov2_vits14_logreg,"{""grid"": {""C"": 0.001}, ""agg"": ""mean""}",T2,1,3,1003,0.6992,0.6748,0.675,12.4,False,
2026-10-05 23:59:49,A,A_dinov2_vits14_logreg,"{""grid"": {""C"": 0.01}, ""agg"": ""learned""}",T2,1,4,1004,0.7166,0.7311,0.7333,13.1,False,
2026-10-05 23:59:49,A,A_dinov2_vits14_logreg,"{""grid"": {""C"": 0.01}, ""agg"": ""top8""}",T2,2,0,2000,0.7562,0.5747,0.5752,9.4,False,
2026-10-05 23:59:49,A,A_dinov2_vits14_logreg,"{""grid"": {""C"": 1.0}, ""agg"": ""top8""}",T2,2,1,2001,0.7009,0.7434,0.7434,8.9,False,
2026-10-05 23:59:49,A,A_dinov2_vits14_logreg,"{""grid"": {""C"": 0.001}, ""agg"": ""mean""}",T2,2,2,2002,0.7049,0.7679,0.775,7.3,False,
2026-10-05 23:59:49,A,A_dinov2_vits14_logreg,"{""grid"": {""C"": 0.001}, ""agg"": ""mean""}",T2,2,3,2003,0.6873,0.7234,0.725,7.2,False,
2026-10-05 23:59:49,A,A_dinov2_vits14_logreg,"{""grid"": {""C"": 0.1}, ""agg"": ""mean""}",T2,2,4,2004,0.7418,0.7071,0.7071,7.4,False,
2026-10-05 23:59:53,A,A_dinov2_vits14_linsvm,"{""grid"": {""C"": 0.0001}, ""agg"": ""logmean""}",T2,0,0,0,0.7125,0.7475,0.75,18.9,False,
2026-10-05 23:59:53,A,A_dinov2_vits14_linsvm,"{""grid"": {""C"": 0.0001}, ""agg"": ""top8""}",T2,0,1,1,0.7622,0.6229,0.625,18.5,False,
2026-10-05 23:59:53,A,A_dinov2_vits14_linsvm,"{""grid"": {""C"": 0.0001}, ""agg"": ""top8""}",T2,0,2,2,0.7053,0.7,0.7018,18.9,False,
2026-10-05 23:59:53,A,A_dinov2_vits14_linsvm,"{""grid"": {""C"": 0.01}, ""agg"": ""mean""}",T2,0,3,3,0.7437,0.75,0.7519,19.6,False,
2026-10-05 23:59:53,A,A_dinov2_vits14_linsvm,"{""grid"": {""C"": 0.0001}, ""agg"": ""mean""}",T2,0,4,4,0.6617,0.7995,0.8,18.8,False,
2026-10-05 23:59:53,A,A_dinov2_vits14_linsvm,"{""grid"": {""C"": 0.01}, ""agg"": ""top8""}",T2,1,0,1000,0.7937,0.6248,0.625,18.5,False,
2026-10-05 23:59:53,A,A_dinov2_vits14_linsvm,"{""grid"": {""C"": 0.0001}, ""agg"": ""trimmed""}",T2,1,1,1001,0.7137,0.7434,0.7447,19.0,False,
2026-10-05 23:59:53,A,A_dinov2_vits14_linsvm,"{""grid"": {""C"": 0.001}, ""agg"": ""median""}",T2,1,2,1002,0.7123,0.7234,0.725,18.6,False,
2026-10-05 23:59:53,A,A_dinov2_vits14_linsvm,"{""grid"": {""C"": 0.0001}, ""agg"": ""trimmed""}",T2,1,3,1003,0.7053,0.6748,0.675,19.4,False,
2026-10-05 23:59:53,A,A_dinov2_vits14_linsvm,"{""grid"": {""C"": 0.001}, ""agg"": ""median""}",T2,1,4,1004,0.7168,0.7071,0.7083,18.4,False,
2026-10-05 23:59:53,A,A_dinov2_vits14_linsvm,"{""grid"": {""C"": 0.0001}, ""agg"": ""mean""}",T2,2,0,2000,0.7437,0.5747,0.5752,10.8,False,
2026-10-05 23:59:53,A,A_dinov2_vits14_linsvm,"{""grid"": {""C"": 0.001}, ""agg"": ""learned""}",T2,2,1,2001,0.6893,0.7434,0.7434,11.1,False,
2026-10-05 23:59:53,A,A_dinov2_vits14_linsvm,"{""grid"": {""C"": 0.0001}, ""agg"": ""mean""}",T2,2,2,2002,0.7049,0.7679,0.775,10.2,False,
2026-10-05 23:59:53,A,A_dinov2_vits14_linsvm,"{""grid"": {""C"": 0.0001}, ""agg"": ""top8""}",T2,2,3,2003,0.6992,0.7248,0.725,9.4,False,
2026-10-05 23:59:53,A,A_dinov2_vits14_linsvm,"{""grid"": {""C"": 0.01}, ""agg"": ""median""}",T2,2,4,2004,0.7479,0.7071,0.7071,10.2,False,
2026-10-05 23:59:54,B,B_mil_mean_resnet50,"{""hidden"": 128, ""dropout"": 0.25, ""slice_drop"": 0.0, ""wd"": 0.0001, ""epochs"": 19, ""T"": 0.809, ""train_patient_mF1"": 0.9098}",T3,1,2,1002,0.5546,0.52,0.5333,36.5,False,16 configs x 3 inner folds
2026-10-05 23:59:57,A,A_dinov2_vits14_ridge,"{""grid"": {""alpha"": 100.0}, ""agg"": ""learned""}",T2,0,0,0,0.7187,0.7234,0.725,8.9,False,
2026-10-05 23:59:57,A,A_dinov2_vits14_ridge,"{""grid"": {""alpha"": 10.0}, ""agg"": ""top8""}",T2,0,1,1,0.7685,0.6748,0.675,9.7,False,
2026-10-05 23:59:57,A,A_dinov2_vits14_ridge,"{""grid"": {""alpha"": 10.0}, ""agg"": ""mean""}",T2,0,2,2,0.7118,0.7248,0.7281,9.4,False,
2026-10-05 23:59:57,A,A_dinov2_vits14_ridge,"{""grid"": {""alpha"": 10.0}, ""agg"": ""top8""}",T2,0,3,3,0.7435,0.7248,0.7281,10.7,False,
2026-10-05 23:59:57,A,A_dinov2_vits14_ridge,"{""grid"": {""alpha"": 100.0}, ""agg"": ""trimmed""}",T2,0,4,4,0.6612,0.7248,0.725,9.2,False,
2026-10-05 23:59:57,A,A_dinov2_vits14_ridge,"{""grid"": {""alpha"": 10.0}, ""agg"": ""trimmed""}",T2,1,0,1000,0.7812,0.6229,0.625,8.8,False,
2026-10-05 23:59:57,A,A_dinov2_vits14_ridge,"{""grid"": {""alpha"": 1000.0}, ""agg"": ""top8""}",T2,1,1,1001,0.7074,0.7686,0.7711,9.3,False,
2026-10-05 23:59:57,A,A_dinov2_vits14_ridge,"{""grid"": {""alpha"": 1000.0}, ""agg"": ""mean""}",T2,1,2,1002,0.7118,0.7234,0.725,9.2,False,
2026-10-05 23:59:57,A,A_dinov2_vits14_ridge,"{""grid"": {""alpha"": 10.0}, ""agg"": ""top8""}",T2,1,3,1003,0.7118,0.6491,0.65,8.8,False,
2026-10-05 23:59:57,A,A_dinov2_vits14_ridge,"{""grid"": {""alpha"": 10.0}, ""agg"": ""median""}",T2,1,4,1004,0.7104,0.7057,0.7095,8.8,False,
2026-10-05 23:59:57,A,A_dinov2_vits14_ridge,"{""grid"": {""alpha"": 1000.0}, ""agg"": ""mean""}",T2,2,0,2000,0.7625,0.599,0.599,6.9,False,
2026-10-05 23:59:57,A,A_dinov2_vits14_ridge,"{""grid"": {""alpha"": 1000.0}, ""agg"": ""learned""}",T2,2,1,2001,0.6891,0.7434,0.7434,6.4,False,
2026-10-05 23:59:57,A,A_dinov2_vits14_ridge,"{""grid"": {""alpha"": 1000.0}, ""agg"": ""top8""}",T2,2,2,2002,0.6873,0.7396,0.75,5.7,False,
2026-10-05 23:59:57,A,A_dinov2_vits14_ridge,"{""grid"": {""alpha"": 100.0}, ""agg"": ""mean""}",T2,2,3,2003,0.6875,0.7494,0.75,5.4,False,
2026-10-05 23:59:57,A,A_dinov2_vits14_ridge,"{""grid"": {""alpha"": 1000.0}, ""agg"": ""learned""}",T2,2,4,2004,0.7418,0.7071,0.7083,5.5,False,
2026-10-06 00:00:01,A,A_dinov2_vits14_lgbm,"{""grid"": {""num_leaves"": 7}, ""agg"": ""learned""}",T2,0,0,0,0.7179,0.7475,0.75,50.7,False,
2026-10-06 00:00:01,A,A_dinov2_vits14_lgbm,"{""grid"": {""num_leaves"": 15}, ""agg"": ""median""}",T2,0,1,1,0.7685,0.65,0.65,53.0,False,
2026-10-06 00:00:01,A,A_dinov2_vits14_lgbm,"{""grid"": {""num_leaves"": 15}, ""agg"": ""learned""}",T2,0,2,2,0.7174,0.6748,0.6779,51.8,False,
2026-10-06 00:00:01,A,A_dinov2_vits14_lgbm,"{""grid"": {""num_leaves"": 7}, ""agg"": ""trimmed""}",T2,0,3,3,0.7371,0.7248,0.7256,53.3,False,
2026-10-06 00:00:01,A,A_dinov2_vits14_lgbm,"{""grid"": {""num_leaves"": 15}, ""agg"": ""median""}",T2,0,4,4,0.6599,0.7749,0.775,55.1,False,
2026-10-06 00:00:01,A,A_dinov2_vits14_lgbm,"{""grid"": {""num_leaves"": 7}, ""agg"": ""trimmed""}",T2,1,0,1000,0.731,0.6732,0.675,47.1,False,
2026-10-06 00:00:01,A,A_dinov2_vits14_lgbm,"{""grid"": {""num_leaves"": 15}, ""agg"": ""trimmed""}",T2,1,1,1001,0.7319,0.7172,0.7197,51.8,False,
2026-10-06 00:00:01,A,A_dinov2_vits14_lgbm,"{""grid"": {""num_leaves"": 7}, ""agg"": ""learned""}",T2,1,2,1002,0.7304,0.6992,0.7,48.3,False,
2026-10-06 00:00:01,A,A_dinov2_vits14_lgbm,"{""grid"": {""num_leaves"": 7}, ""agg"": ""learned""}",T2,1,3,1003,0.6871,0.6992,0.7,50.0,False,
2026-10-06 00:00:01,A,A_dinov2_vits14_lgbm,"{""grid"": {""num_leaves"": 15}, ""agg"": ""mean""}",T2,1,4,1004,0.6901,0.756,0.7571,52.1,False,
2026-10-06 00:00:01,A,A_dinov2_vits14_lgbm,"{""grid"": {""num_leaves"": 7}, ""agg"": ""top8""}",T2,2,0,2000,0.7437,0.5747,0.5752,31.0,False,
2026-10-06 00:00:01,A,A_dinov2_vits14_lgbm,"{""grid"": {""num_leaves"": 7}, ""agg"": ""learned""}",T2,2,1,2001,0.7134,0.7179,0.7184,30.9,False,
2026-10-06 00:00:01,A,A_dinov2_vits14_lgbm,"{""grid"": {""num_leaves"": 7}, ""agg"": ""top8""}",T2,2,2,2002,0.7057,0.7163,0.725,29.7,False,
2026-10-06 00:00:01,A,A_dinov2_vits14_lgbm,"{""grid"": {""num_leaves"": 7}, ""agg"": ""logmean""}",T2,2,3,2003,0.6988,0.7,0.7,29.1,False,
2026-10-06 00:00:01,A,A_dinov2_vits14_lgbm,"{""grid"": {""num_leaves"": 7}, ""agg"": ""mean""}",T2,2,4,2004,0.7166,0.756,0.7571,29.0,False,
2026-10-06 00:00:04,A,A_dinov2_vits14_mlp,"{""grid"": {""alpha"": 1.0}, ""agg"": ""median""}",T2,0,0,0,0.7185,0.7475,0.75,64.1,False,
2026-10-06 00:00:04,A,A_dinov2_vits14_mlp,"{""grid"": {""alpha"": 1.0}, ""agg"": ""median""}",T2,0,1,1,0.7685,0.6732,0.675,57.2,False,
2026-10-06 00:00:04,A,A_dinov2_vits14_mlp,"{""grid"": {""alpha"": 0.1}, ""agg"": ""trimmed""}",T2,0,2,2,0.7246,0.6992,0.6992,59.9,False,
2026-10-06 00:00:04,A,A_dinov2_vits14_mlp,"{""grid"": {""alpha"": 0.1}, ""agg"": ""learned""}",T2,0,3,3,0.7429,0.7749,0.7757,56.7,False,
2026-10-06 00:00:04,A,A_dinov2_vits14_mlp,"{""grid"": {""alpha"": 1.0}, ""agg"": ""median""}",T2,0,4,4,0.6312,0.85,0.85,58.1,False,
2026-10-06 00:00:04,A,A_dinov2_vits14_mlp,"{""grid"": {""alpha"": 0.1}, ""agg"": ""median""}",T2,1,0,1000,0.775,0.6491,0.65,58.2,False,
2026-10-06 00:00:04,A,A_dinov2_vits14_mlp,"{""grid"": {""alpha"": 0.1}, ""agg"": ""top8""}",T2,1,1,1001,0.714,0.7172,0.7171,60.1,False,
2026-10-06 00:00:04,A,A_dinov2_vits14_mlp,"{""grid"": {""alpha"": 0.1}, ""agg"": ""trimmed""}",T2,1,2,1002,0.7185,0.8249,0.825,64.5,False,
2026-10-06 00:00:04,A,A_dinov2_vits14_mlp,"{""grid"": {""alpha"": 1.0}, ""agg"": ""top8""}",T2,1,3,1003,0.7,0.7206,0.725,66.5,False,
2026-10-06 00:00:04,A,A_dinov2_vits14_mlp,"{""grid"": {""alpha"": 1.0}, ""agg"": ""median""}",T2,1,4,1004,0.7101,0.7071,0.7071,52.6,False,
2026-10-06 00:00:04,A,A_dinov2_vits14_mlp,"{""grid"": {""alpha"": 0.1}, ""agg"": ""mean""}",T2,2,0,2000,0.7812,0.6465,0.6466,29.6,False,
2026-10-06 00:00:04,A,A_dinov2_vits14_mlp,"{""grid"": {""alpha"": 1.0}, ""agg"": ""mean""}",T2,2,1,2001,0.6764,0.7421,0.7421,31.0,False,
2026-10-06 00:00:04,A,A_dinov2_vits14_mlp,"{""grid"": {""alpha"": 0.1}, ""agg"": ""mean""}",T2,2,2,2002,0.6936,0.8222,0.825,29.2,False,
2026-10-06 00:00:04,A,A_dinov2_vits14_mlp,"{""grid"": {""alpha"": 0.1}, ""agg"": ""trimmed""}",T2,2,3,2003,0.6932,0.7494,0.75,30.0,False,
2026-10-06 00:00:04,A,A_dinov2_vits14_mlp,"{""grid"": {""alpha"": 1.0}, ""agg"": ""trimmed""}",T2,2,4,2004,0.7479,0.7311,0.731,29.2,False,
2026-10-06 00:01:33,B,B_mil_mean_resnet50,"{""hidden"": 128, ""dropout"": 0.5, ""slice_drop"": 0.0, ""wd"": 0.0001, ""epochs"": 16, ""T"": 0.858, ""train_patient_mF1"": 0.8495}",T3,1,3,1003,0.5376,0.5463,0.6135,98.8,False,16 configs x 3 inner folds
2026-10-06 00:01:33,baseline,B_ft_resnet18,"{""image_size"": 224, ""batch_size"": 64, ""epochs"": 25, ""lr"": 0.0003, ""backbone_lr_mult"": 0.1, ""weight_decay"": 0.0001, ""dropout"": 0.2, ""freeze_epochs"": 3, ""warmup_epochs"": 1, ""aug_strength"": 1.0, ""patience"": 6, ""arch"": ""resnet18"", ""train_patient_mF1"": 0.7891, ""innerval_patient_mF1"": 0.3241, ""best_epoch"": 5}",T4,1,0,1000,0.3241,0.5607,0.5889,149.7,False,
2026-10-06 00:03:18,B,B_mil_mean_resnet50,"{""hidden"": 128, ""dropout"": 0.25, ""slice_drop"": 0.0, ""wd"": 0.0001, ""epochs"": 16, ""T"": 1.151, ""train_patient_mF1"": 0.8752}",T3,1,4,1004,0.5173,0.511,0.5333,105.2,False,16 configs x 3 inner folds
2026-10-06 00:03:46,baseline,B_ft_resnet18,"{""image_size"": 224, ""batch_size"": 64, ""epochs"": 25, ""lr"": 0.0003, ""backbone_lr_mult"": 0.1, ""weight_decay"": 0.0001, ""dropout"": 0.2, ""freeze_epochs"": 3, ""warmup_epochs"": 1, ""aug_strength"": 1.0, ""patience"": 6, ""arch"": ""resnet18"", ""train_patient_mF1"": 0.6263, ""innerval_patient_mF1"": 0.5377, ""best_epoch"": 4}",T4,1,1,1001,0.5377,0.3508,0.4442,131.9,False,
2026-10-06 00:03:53,A,A_dinov2_vitb14_logreg,"{""grid"": {""C"": 0.01}, ""agg"": ""top8""}",T2,0,0,0,0.675,0.7475,0.75,14.4,False,
2026-10-06 00:03:53,A,A_dinov2_vitb14_logreg,"{""grid"": {""C"": 0.001}, ""agg"": ""trimmed""}",T2,0,1,1,0.7437,0.5726,0.575,14.8,False,
2026-10-06 00:03:53,A,A_dinov2_vitb14_logreg,"{""grid"": {""C"": 0.01}, ""agg"": ""trimmed""}",T2,0,2,2,0.6863,0.6248,0.6253,13.7,False,
2026-10-06 00:03:53,A,A_dinov2_vitb14_logreg,"{""grid"": {""C"": 0.001}, ""agg"": ""learned""}",T2,0,3,3,0.7185,0.6992,0.6992,15.3,False,
2026-10-06 00:03:53,A,A_dinov2_vitb14_logreg,"{""grid"": {""C"": 0.1}, ""agg"": ""mean""}",T2,0,4,4,0.6436,0.7714,0.775,14.3,False,
2026-10-06 00:03:53,A,A_dinov2_vitb14_logreg,"{""grid"": {""C"": 0.001}, ""agg"": ""mean""}",T2,1,0,1000,0.7373,0.6229,0.625,13.2,False,
2026-10-06 00:03:53,A,A_dinov2_vitb14_logreg,"{""grid"": {""C"": 0.01}, ""agg"": ""median""}",T2,1,1,1001,0.7134,0.6667,0.6671,14.3,False,
2026-10-06 00:03:53,A,A_dinov2_vitb14_logreg,"{""grid"": {""C"": 0.001}, ""agg"": ""mean""}",T2,1,2,1002,0.7061,0.6732,0.675,13.6,False,
2026-10-06 00:03:53,A,A_dinov2_vitb14_logreg,"{""grid"": {""C"": 0.01}, ""agg"": ""mean""}",T2,1,3,1003,0.6932,0.6732,0.675,15.0,False,
2026-10-06 00:03:53,A,A_dinov2_vitb14_logreg,"{""grid"": {""C"": 1.0}, ""agg"": ""top8""}",T2,1,4,1004,0.6967,0.756,0.756,15.6,False,
2026-10-06 00:03:53,A,A_dinov2_vitb14_logreg,"{""grid"": {""C"": 0.01}, ""agg"": ""top8""}",T2,2,0,2000,0.7437,0.599,0.599,14.0,False,
2026-10-06 00:03:53,A,A_dinov2_vitb14_logreg,"{""grid"": {""C"": 0.001}, ""agg"": ""mean""}",T2,2,1,2001,0.7059,0.6408,0.6408,12.9,False,
2026-10-06 00:03:53,A,A_dinov2_vitb14_logreg,"{""grid"": {""C"": 0.001}, ""agg"": ""learned""}",T2,2,2,2002,0.6928,0.6154,0.65,12.1,False,
2026-10-06 00:03:53,A,A_dinov2_vitb14_logreg,"{""grid"": {""C"": 0.001}, ""agg"": ""learned""}",T2,2,3,2003,0.6748,0.6748,0.675,11.9,False,
2026-10-06 00:03:53,A,A_dinov2_vitb14_logreg,"{""grid"": {""C"": 0.001}, ""agg"": ""mean""}",T2,2,4,2004,0.7098,0.7317,0.7321,12.3,False,
2026-10-06 00:03:54,B,B_mil_mean_resnet50,"{""hidden"": 128, ""dropout"": 0.5, ""slice_drop"": 0.3, ""wd"": 0.0001, ""epochs"": 16, ""T"": 0.858, ""train_patient_mF1"": 0.8243}",T3,2,0,2000,0.548,0.4599,0.4549,35.9,False,16 configs x 3 inner folds
2026-10-06 00:03:57,A,A_dinov2_vitb14_linsvm,"{""grid"": {""C"": 0.001}, ""agg"": ""top8""}",T2,0,0,0,0.675,0.7737,0.775,22.6,False,
2026-10-06 00:03:57,A,A_dinov2_vitb14_linsvm,"{""grid"": {""C"": 0.0001}, ""agg"": ""median""}",T2,0,1,1,0.7435,0.5726,0.575,21.4,False,
2026-10-06 00:03:57,A,A_dinov2_vitb14_linsvm,"{""grid"": {""C"": 0.0001}, ""agg"": ""mean""}",T2,0,2,2,0.691,0.7,0.7018,21.4,False,
2026-10-06 00:03:57,A,A_dinov2_vitb14_linsvm,"{""grid"": {""C"": 0.001}, ""agg"": ""top8""}",T2,0,3,3,0.7248,0.7248,0.7256,20.9,False,
2026-10-06 00:03:57,A,A_dinov2_vitb14_linsvm,"{""grid"": {""C"": 0.001}, ""agg"": ""top8""}",T2,0,4,4,0.6373,0.798,0.8,21.9,False,
2026-10-06 00:03:57,A,A_dinov2_vitb14_linsvm,"{""grid"": {""C"": 0.0001}, ""agg"": ""median""}",T2,1,0,1000,0.7312,0.6229,0.625,21.8,False,
2026-10-06 00:03:57,A,A_dinov2_vitb14_linsvm,"{""grid"": {""C"": 0.001}, ""agg"": ""median""}",T2,1,1,1001,0.7134,0.6667,0.6671,22.4,False,
2026-10-06 00:03:57,A,A_dinov2_vitb14_linsvm,"{""grid"": {""C"": 0.0001}, ""agg"": ""median""}",T2,1,2,1002,0.7121,0.6698,0.675,23.3,False,
2026-10-06 00:03:57,A,A_dinov2_vitb14_linsvm,"{""grid"": {""C"": 0.0001}, ""agg"": ""mean""}",T2,1,3,1003,0.7049,0.6992,0.7,20.9,False,
2026-10-06 00:03:57,A,A_dinov2_vitb14_linsvm,"{""grid"": {""C"": 0.01}, ""agg"": ""trimmed""}",T2,1,4,1004,0.678,0.6822,0.6845,22.5,False,
2026-10-06 00:03:57,A,A_dinov2_vitb14_linsvm,"{""grid"": {""C"": 0.0001}, ""agg"": ""mean""}",T2,2,0,2000,0.7373,0.599,0.599,15.3,False,
2026-10-06 00:03:57,A,A_dinov2_vitb14_linsvm,"{""grid"": {""C"": 0.0001}, ""agg"": ""trimmed""}",T2,2,1,2001,0.7059,0.6408,0.6408,15.8,False,
2026-10-06 00:03:57,A,A_dinov2_vitb14_linsvm,"{""grid"": {""C"": 0.0001}, ""agg"": ""learned""}",T2,2,2,2002,0.6867,0.6484,0.675,14.4,False,
2026-10-06 00:03:57,A,A_dinov2_vitb14_linsvm,"{""grid"": {""C"": 0.0001}, ""agg"": ""top8""}",T2,2,3,2003,0.6742,0.7248,0.725,13.8,False,
2026-10-06 00:03:57,A,A_dinov2_vitb14_linsvm,"{""grid"": {""C"": 0.0001}, ""agg"": ""mean""}",T2,2,4,2004,0.7098,0.7317,0.7321,12.9,False,
2026-10-06 00:04:01,A,A_dinov2_vitb14_ridge,"{""grid"": {""alpha"": 100.0}, ""agg"": ""mean""}",T2,0,0,0,0.6875,0.7737,0.775,11.0,False,
2026-10-06 00:04:01,A,A_dinov2_vitb14_ridge,"{""grid"": {""alpha"": 10.0}, ""agg"": ""mean""}",T2,0,1,1,0.7248,0.599,0.6,11.8,False,
2026-10-06 00:04:01,A,A_dinov2_vitb14_ridge,"{""grid"": {""alpha"": 1000.0}, ""agg"": ""median""}",T2,0,2,2,0.6857,0.65,0.6516,11.0,False,
2026-10-06 00:04:01,A,A_dinov2_vitb14_ridge,"{""grid"": {""alpha"": 1000.0}, ""agg"": ""mean""}",T2,0,3,3,0.7182,0.7248,0.7256,10.9,False,
2026-10-06 00:04:01,A,A_dinov2_vitb14_ridge,"{""grid"": {""alpha"": 10.0}, ""agg"": ""mean""}",T2,0,4,4,0.637,0.7475,0.75,11.0,False,
2026-10-06 00:04:01,A,A_dinov2_vitb14_ridge,"{""grid"": {""alpha"": 1000.0}, ""agg"": ""mean""}",T2,1,0,1000,0.731,0.6229,0.625,11.2,False,
2026-10-06 00:04:01,A,A_dinov2_vitb14_ridge,"{""grid"": {""alpha"": 1000.0}, ""agg"": ""median""}",T2,1,1,1001,0.7194,0.6667,0.6671,10.6,False,
2026-10-06 00:04:01,A,A_dinov2_vitb14_ridge,"{""grid"": {""alpha"": 1000.0}, ""agg"": ""learned""}",T2,1,2,1002,0.6784,0.6465,0.65,11.2,False,
2026-10-06 00:04:01,A,A_dinov2_vitb14_ridge,"{""grid"": {""alpha"": 1000.0}, ""agg"": ""median""}",T2,1,3,1003,0.6935,0.6732,0.675,11.7,False,
2026-10-06 00:04:01,A,A_dinov2_vitb14_ridge,"{""grid"": {""alpha"": 100.0}, ""agg"": ""logmean""}",T2,1,4,1004,0.684,0.7317,0.7321,10.7,False,
2026-10-06 00:04:01,A,A_dinov2_vitb14_ridge,"{""grid"": {""alpha"": 10.0}, ""agg"": ""median""}",T2,2,0,2000,0.725,0.6248,0.6278,9.1,False,
2026-10-06 00:04:01,A,A_dinov2_vitb14_ridge,"{""grid"": {""alpha"": 10.0}, ""agg"": ""learned""}",T2,2,1,2001,0.6889,0.6905,0.6908,8.7,False,
2026-10-06 00:04:01,A,A_dinov2_vitb14_ridge,"{""grid"": {""alpha"": 1000.0}, ""agg"": ""top8""}",T2,2,2,2002,0.6928,0.5943,0.625,8.0,False,
2026-10-06 00:04:01,A,A_dinov2_vitb14_ridge,"{""grid"": {""alpha"": 10.0}, ""agg"": ""learned""}",T2,2,3,2003,0.6491,0.7494,0.75,7.8,False,
2026-10-06 00:04:01,A,A_dinov2_vitb14_ridge,"{""grid"": {""alpha"": 1000.0}, ""agg"": ""top8""}",T2,2,4,2004,0.7098,0.6822,0.6821,7.3,False,
2026-10-06 00:04:04,A,A_dinov2_vitb14_lgbm,"{""grid"": {""num_leaves"": 15}, ""agg"": ""trimmed""}",T2,0,0,0,0.6546,0.7442,0.75,87.8,False,
2026-10-06 00:04:04,A,A_dinov2_vitb14_lgbm,"{""grid"": {""num_leaves"": 15}, ""agg"": ""median""}",T2,0,1,1,0.7415,0.5683,0.575,79.5,False,
2026-10-06 00:04:04,A,A_dinov2_vitb14_lgbm,"{""grid"": {""num_leaves"": 7}, ""agg"": ""learned""}",T2,0,2,2,0.6717,0.6732,0.6805,60.8,False,
2026-10-06 00:04:04,A,A_dinov2_vitb14_lgbm,"{""grid"": {""num_leaves"": 7}, ""agg"": ""median""}",T2,0,3,3,0.691,0.7206,0.7206,78.5,False,
2026-10-06 00:04:04,A,A_dinov2_vitb14_lgbm,"{""grid"": {""num_leaves"": 7}, ""agg"": ""mean""}",T2,0,4,4,0.665,0.7206,0.725,58.4,False,
2026-10-06 00:04:04,A,A_dinov2_vitb14_lgbm,"{""grid"": {""num_leaves"": 15}, ""agg"": ""median""}",T2,1,0,1000,0.7096,0.6267,0.65,63.8,False,
2026-10-06 00:04:04,A,A_dinov2_vitb14_lgbm,"{""grid"": {""num_leaves"": 7}, ""agg"": ""mean""}",T2,1,1,1001,0.6909,0.7686,0.7711,57.4,False,
2026-10-06 00:04:04,A,A_dinov2_vitb14_lgbm,"{""grid"": {""num_leaves"": 7}, ""agg"": ""learned""}",T2,1,2,1002,0.6843,0.6931,0.7,55.8,False,
2026-10-06 00:04:04,A,A_dinov2_vitb14_lgbm,"{""grid"": {""num_leaves"": 15}, ""agg"": ""mean""}",T2,1,3,1003,0.697,0.6732,0.675,86.8,False,
2026-10-06 00:04:04,A,A_dinov2_vitb14_lgbm,"{""grid"": {""num_leaves"": 7}, ""agg"": ""learned""}",T2,1,4,1004,0.7208,0.6822,0.6845,73.7,False,
2026-10-06 00:04:04,A,A_dinov2_vitb14_lgbm,"{""grid"": {""num_leaves"": 15}, ""agg"": ""median""}",T2,2,0,2000,0.7368,0.6419,0.6441,35.2,False,
2026-10-06 00:04:04,A,A_dinov2_vitb14_lgbm,"{""grid"": {""num_leaves"": 15}, ""agg"": ""top8""}",T2,2,1,2001,0.6867,0.6408,0.6408,35.6,False,
2026-10-06 00:04:04,A,A_dinov2_vitb14_lgbm,"{""grid"": {""num_leaves"": 15}, ""agg"": ""mean""}",T2,2,2,2002,0.6835,0.6484,0.675,35.3,False,
2026-10-06 00:04:04,A,A_dinov2_vitb14_lgbm,"{""grid"": {""num_leaves"": 7}, ""agg"": ""top8""}",T2,2,3,2003,0.6784,0.6992,0.7,31.9,False,
2026-10-06 00:04:04,A,A_dinov2_vitb14_lgbm,"{""grid"": {""num_leaves"": 7}, ""agg"": ""learned""}",T2,2,4,2004,0.6767,0.7548,0.7583,31.2,False,
2026-10-06 00:04:08,A,A_dinov2_vitb14_mlp,"{""grid"": {""alpha"": 1.0}, ""agg"": ""median""}",T2,0,0,0,0.6809,0.7442,0.75,65.2,False,
2026-10-06 00:04:08,A,A_dinov2_vitb14_mlp,"{""grid"": {""alpha"": 0.1}, ""agg"": ""median""}",T2,0,1,1,0.7375,0.6229,0.625,71.3,False,
2026-10-06 00:04:08,A,A_dinov2_vitb14_mlp,"{""grid"": {""alpha"": 1.0}, ""agg"": ""mean""}",T2,0,2,2,0.6684,0.65,0.6516,62.3,False,
2026-10-06 00:04:08,A,A_dinov2_vitb14_mlp,"{""grid"": {""alpha"": 0.1}, ""agg"": ""trimmed""}",T2,0,3,3,0.706,0.75,0.7519,66.7,False,
2026-10-06 00:04:08,A,A_dinov2_vitb14_mlp,"{""grid"": {""alpha"": 0.1}, ""agg"": ""learned""}",T2,0,4,4,0.6362,0.7396,0.75,68.5,False,
2026-10-06 00:04:08,A,A_dinov2_vitb14_mlp,"{""grid"": {""alpha"": 0.1}, ""agg"": ""top8""}",T2,1,0,1000,0.7498,0.6248,0.625,63.4,False,
2026-10-06 00:04:08,A,A_dinov2_vitb14_mlp,"{""grid"": {""alpha"": 0.1}, ""agg"": ""mean""}",T2,1,1,1001,0.7077,0.6921,0.6921,66.8,False,
2026-10-06 00:04:08,A,A_dinov2_vitb14_mlp,"{""grid"": {""alpha"": 1.0}, ""agg"": ""learned""}",T2,1,2,1002,0.6698,0.7163,0.725,64.6,False,
2026-10-06 00:04:08,A,A_dinov2_vitb14_mlp,"{""grid"": {""alpha"": 0.1}, ""agg"": ""top8""}",T2,1,3,1003,0.6875,0.697,0.7,73.8,False,
2026-10-06 00:04:08,A,A_dinov2_vitb14_mlp,"{""grid"": {""alpha"": 0.1}, ""agg"": ""logmean""}",T2,1,4,1004,0.6845,0.7071,0.7071,63.4,False,
2026-10-06 00:04:08,A,A_dinov2_vitb14_mlp,"{""grid"": {""alpha"": 0.1}, ""agg"": ""logmean""}",T2,2,0,2000,0.7562,0.6248,0.6253,33.5,False,
2026-10-06 00:04:08,A,A_dinov2_vitb14_mlp,"{""grid"": {""alpha"": 1.0}, ""agg"": ""top8""}",T2,2,1,2001,0.6635,0.6408,0.6408,32.1,False,
2026-10-06 00:04:08,A,A_dinov2_vitb14_mlp,"{""grid"": {""alpha"": 1.0}, ""agg"": ""learned""}",T2,2,2,2002,0.6825,0.6703,0.7,36.0,False,
2026-10-06 00:04:08,A,A_dinov2_vitb14_mlp,"{""grid"": {""alpha"": 0.1}, ""agg"": ""top8""}",T2,2,3,2003,0.6748,0.75,0.75,32.1,False,
2026-10-06 00:04:08,A,A_dinov2_vitb14_mlp,"{""grid"": {""alpha"": 0.1}, ""agg"": ""logmean""}",T2,2,4,2004,0.7159,0.6583,0.6583,31.7,False,
2026-10-06 00:04:41,B,B_mil_mean_resnet50,"{""hidden"": 128, ""dropout"": 0.25, ""slice_drop"": 0.0, ""wd"": 0.0001, ""epochs"": 11, ""T"": 0.91, ""train_patient_mF1"": 0.8029}",T3,2,1,2001,0.4716,0.4622,0.5235,47.7,False,16 configs x 3 inner folds
2026-10-06 00:06:35,baseline,B_ft_resnet18,"{""image_size"": 224, ""batch_size"": 64, ""epochs"": 25, ""lr"": 0.0003, ""backbone_lr_mult"": 0.1, ""weight_decay"": 0.0001, ""dropout"": 0.2, ""freeze_epochs"": 3, ""warmup_epochs"": 1, ""aug_strength"": 1.0, ""patience"": 6, ""arch"": ""resnet18"", ""train_patient_mF1"": 0.8911, ""innerval_patient_mF1"": 0.4514, ""best_epoch"": 6}",T4,1,2,1002,0.4514,0.4227,0.4246,169.6,False,
2026-10-06 00:06:46,B,B_mil_mean_resnet50,"{""hidden"": 128, ""dropout"": 0.25, ""slice_drop"": 0.3, ""wd"": 0.0001, ""epochs"": 13, ""T"": 0.965, ""train_patient_mF1"": 0.8207}",T3,2,2,2002,0.5136,0.5172,0.5405,124.8,False,16 configs x 3 inner folds
2026-10-06 00:08:03,B,B_mil_mean_resnet50,"{""hidden"": 64, ""dropout"": 0.5, ""slice_drop"": 0.0, ""wd"": 0.0001, ""epochs"": 25, ""T"": 0.91, ""train_patient_mF1"": 0.8699}",T3,2,3,2003,0.5442,0.5233,0.5333,76.4,False,16 configs x 3 inner folds
2026-10-06 00:08:12,A,A_biomedclip_logreg,"{""grid"": {""C"": 0.001}, ""agg"": ""median""}",T2,0,0,0,0.7246,0.7494,0.75,24.7,False,
2026-10-06 00:08:12,A,A_biomedclip_logreg,"{""grid"": {""C"": 1.0}, ""agg"": ""trimmed""}",T2,0,1,1,0.7622,0.6491,0.65,29.8,False,
2026-10-06 00:08:12,A,A_biomedclip_logreg,"{""grid"": {""C"": 0.1}, ""agg"": ""top8""}",T2,0,2,2,0.7043,0.7475,0.7569,25.7,False,
2026-10-06 00:08:12,A,A_biomedclip_logreg,"{""grid"": {""C"": 0.001}, ""agg"": ""top8""}",T2,0,3,3,0.7371,0.6992,0.6992,24.6,False,
2026-10-06 00:08:12,A,A_biomedclip_logreg,"{""grid"": {""C"": 1.0}, ""agg"": ""mean""}",T2,0,4,4,0.6681,0.7475,0.75,31.9,False,
2026-10-06 00:08:12,A,A_biomedclip_logreg,"{""grid"": {""C"": 0.01}, ""agg"": ""mean""}",T2,1,0,1000,0.7685,0.596,0.6,22.0,False,
2026-10-06 00:08:12,A,A_biomedclip_logreg,"{""grid"": {""C"": 0.01}, ""agg"": ""trimmed""}",T2,1,1,1001,0.6945,0.8461,0.8461,24.0,False,
2026-10-06 00:08:12,A,A_biomedclip_logreg,"{""grid"": {""C"": 0.001}, ""agg"": ""mean""}",T2,1,2,1002,0.7118,0.7248,0.725,22.8,False,
2026-10-06 00:08:12,A,A_biomedclip_logreg,"{""grid"": {""C"": 1.0}, ""agg"": ""top8""}",T2,1,3,1003,0.7246,0.7234,0.725,31.8,False,
2026-10-06 00:08:12,A,A_biomedclip_logreg,"{""grid"": {""C"": 0.1}, ""agg"": ""mean""}",T2,1,4,1004,0.6914,0.7311,0.7333,24.7,False,
2026-10-06 00:08:12,A,A_biomedclip_logreg,"{""grid"": {""C"": 1.0}, ""agg"": ""top8""}",T2,2,0,2000,0.7622,0.6465,0.6466,21.4,False,
2026-10-06 00:08:12,A,A_biomedclip_logreg,"{""grid"": {""C"": 0.001}, ""agg"": ""learned""}",T2,2,1,2001,0.7009,0.7172,0.7171,17.6,False,
2026-10-06 00:08:12,A,A_biomedclip_logreg,"{""grid"": {""C"": 1.0}, ""agg"": ""mean""}",T2,2,2,2002,0.7307,0.7103,0.725,20.2,False,
2026-10-06 00:08:12,A,A_biomedclip_logreg,"{""grid"": {""C"": 0.001}, ""agg"": ""mean""}",T2,2,3,2003,0.7182,0.75,0.75,16.2,False,
2026-10-06 00:08:12,A,A_biomedclip_logreg,"{""grid"": {""C"": 0.001}, ""agg"": ""mean""}",T2,2,4,2004,0.7227,0.756,0.7571,16.9,False,
2026-10-06 00:08:15,A,A_biomedclip_linsvm,"{""grid"": {""C"": 0.001}, ""agg"": ""logmean""}",T2,0,0,0,0.7246,0.7494,0.75,25.7,False,
2026-10-06 00:08:15,A,A_biomedclip_linsvm,"{""grid"": {""C"": 0.001}, ""agg"": ""top8""}",T2,0,1,1,0.7496,0.6248,0.625,24.4,False,
2026-10-06 00:08:15,A,A_biomedclip_linsvm,"{""grid"": {""C"": 0.01}, ""agg"": ""mean""}",T2,0,2,2,0.7049,0.7714,0.7832,27.3,False,
2026-10-06 00:08:15,A,A_biomedclip_linsvm,"{""grid"": {""C"": 0.001}, ""agg"": ""mean""}",T2,0,3,3,0.7304,0.6748,0.6754,26.5,False,
2026-10-06 00:08:15,A,A_biomedclip_linsvm,"{""grid"": {""C"": 0.01}, ""agg"": ""trimmed""}",T2,0,4,4,0.6681,0.7995,0.8,25.7,False,
2026-10-06 00:08:15,A,A_biomedclip_linsvm,"{""grid"": {""C"": 0.001}, ""agg"": ""mean""}",T2,1,0,1000,0.7685,0.619,0.625,24.9,False,
2026-10-06 00:08:15,A,A_biomedclip_linsvm,"{""grid"": {""C"": 0.001}, ""agg"": ""mean""}",T2,1,1,1001,0.6945,0.8461,0.8461,26.1,False,
2026-10-06 00:08:15,A,A_biomedclip_linsvm,"{""grid"": {""C"": 0.0001}, ""agg"": ""median""}",T2,1,2,1002,0.7239,0.7248,0.725,25.0,False,
2026-10-06 00:08:15,A,A_biomedclip_linsvm,"{""grid"": {""C"": 0.001}, ""agg"": ""learned""}",T2,1,3,1003,0.7248,0.7234,0.725,23.3,False,
2026-10-06 00:08:15,A,A_biomedclip_linsvm,"{""grid"": {""C"": 0.01}, ""agg"": ""mean""}",T2,1,4,1004,0.6975,0.7311,0.7333,26.1,False,
2026-10-06 00:08:15,A,A_biomedclip_linsvm,"{""grid"": {""C"": 0.01}, ""agg"": ""top8""}",T2,2,0,2000,0.7622,0.619,0.6203,15.8,False,
2026-10-06 00:08:15,A,A_biomedclip_linsvm,"{""grid"": {""C"": 0.0001}, ""agg"": ""learned""}",T2,2,1,2001,0.7009,0.7172,0.7171,15.0,False,
2026-10-06 00:08:15,A,A_biomedclip_linsvm,"{""grid"": {""C"": 0.001}, ""agg"": ""mean""}",T2,2,2,2002,0.7118,0.7954,0.8,15.2,False,
2026-10-06 00:08:15,A,A_biomedclip_linsvm,"{""grid"": {""C"": 0.0001}, ""agg"": ""mean""}",T2,2,3,2003,0.7243,0.7248,0.725,14.7,False,
2026-10-06 00:08:15,A,A_biomedclip_linsvm,"{""grid"": {""C"": 0.0001}, ""agg"": ""logmean""}",T2,2,4,2004,0.7289,0.756,0.7571,14.3,False,
2026-10-06 00:08:18,A,A_biomedclip_ridge,"{""grid"": {""alpha"": 1000.0}, ""agg"": ""trimmed""}",T2,0,0,0,0.7185,0.7494,0.75,13.6,False,
2026-10-06 00:08:18,A,A_biomedclip_ridge,"{""grid"": {""alpha"": 10.0}, ""agg"": ""mean""}",T2,0,1,1,0.7619,0.6,0.6,14.1,False,
2026-10-06 00:08:18,A,A_biomedclip_ridge,"{""grid"": {""alpha"": 100.0}, ""agg"": ""mean""}",T2,0,2,2,0.7043,0.7714,0.7832,13.4,False,
2026-10-06 00:08:18,A,A_biomedclip_ridge,"{""grid"": {""alpha"": 1000.0}, ""agg"": ""top8""}",T2,0,3,3,0.749,0.6748,0.6754,13.1,False,
2026-10-06 00:08:18,A,A_biomedclip_ridge,"{""grid"": {""alpha"": 10.0}, ""agg"": ""mean""}",T2,0,4,4,0.6802,0.7737,0.775,15.5,False,
2026-10-06 00:08:18,A,A_biomedclip_ridge,"{""grid"": {""alpha"": 100.0}, ""agg"": ""trimmed""}",T2,1,0,1000,0.7687,0.5683,0.575,13.3,False,
2026-10-06 00:08:18,A,A_biomedclip_ridge,"{""grid"": {""alpha"": 10.0}, ""agg"": ""mean""}",T2,1,1,1001,0.7134,0.8461,0.8461,13.0,False,
2026-10-06 00:08:18,A,A_biomedclip_ridge,"{""grid"": {""alpha"": 10.0}, ""agg"": ""mean""}",T2,1,2,1002,0.7182,0.7737,0.775,13.0,False,
2026-10-06 00:08:18,A,A_biomedclip_ridge,"{""grid"": {""alpha"": 10.0}, ""agg"": ""median""}",T2,1,3,1003,0.7304,0.7475,0.75,14.3,False,
2026-10-06 00:08:18,A,A_biomedclip_ridge,"{""grid"": {""alpha"": 10.0}, ""agg"": ""top8""}",T2,1,4,1004,0.7163,0.7805,0.781,13.2,False,
2026-10-06 00:08:18,A,A_biomedclip_ridge,"{""grid"": {""alpha"": 10.0}, ""agg"": ""top8""}",T2,2,0,2000,0.7687,0.619,0.6203,9.6,False,
2026-10-06 00:08:18,A,A_biomedclip_ridge,"{""grid"": {""alpha"": 1000.0}, ""agg"": ""learned""}",T2,2,1,2001,0.7005,0.7179,0.7184,8.8,False,
2026-10-06 00:08:18,A,A_biomedclip_ridge,"{""grid"": {""alpha"": 10.0}, ""agg"": ""median""}",T2,2,2,2002,0.7246,0.7396,0.75,9.2,False,
2026-10-06 00:08:18,A,A_biomedclip_ridge,"{""grid"": {""alpha"": 10.0}, ""agg"": ""median""}",T2,2,3,2003,0.7121,0.8,0.8,8.7,False,
2026-10-06 00:08:18,A,A_biomedclip_ridge,"{""grid"": {""alpha"": 100.0}, ""agg"": ""median""}",T2,2,4,2004,0.7037,0.756,0.756,8.4,False,
2026-10-06 00:08:22,A,A_biomedclip_lgbm,"{""grid"": {""num_leaves"": 15}, ""agg"": ""mean""}",T2,0,0,0,0.7185,0.7475,0.75,57.7,False,
2026-10-06 00:08:22,A,A_biomedclip_lgbm,"{""grid"": {""num_leaves"": 15}, ""agg"": ""mean""}",T2,0,1,1,0.7496,0.6229,0.625,59.0,False,
2026-10-06 00:08:22,A,A_biomedclip_lgbm,"{""grid"": {""num_leaves"": 7}, ""agg"": ""mean""}",T2,0,2,2,0.6732,0.7737,0.7807,54.1,False,
2026-10-06 00:08:22,A,A_biomedclip_lgbm,"{""grid"": {""num_leaves"": 15}, ""agg"": ""top8""}",T2,0,3,3,0.7121,0.7248,0.7256,57.6,False,
2026-10-06 00:08:22,A,A_biomedclip_lgbm,"{""grid"": {""num_leaves"": 7}, ""agg"": ""top8""}",T2,0,4,4,0.6672,0.619,0.625,57.6,False,
2026-10-06 00:08:22,A,A_biomedclip_lgbm,"{""grid"": {""num_leaves"": 15}, ""agg"": ""trimmed""}",T2,1,0,1000,0.7622,0.5683,0.575,56.4,False,
2026-10-06 00:08:22,A,A_biomedclip_lgbm,"{""grid"": {""num_leaves"": 7}, ""agg"": ""mean""}",T2,1,1,1001,0.694,0.7937,0.7974,51.2,False,
2026-10-06 00:08:22,A,A_biomedclip_lgbm,"{""grid"": {""num_leaves"": 7}, ""agg"": ""mean""}",T2,1,2,1002,0.6863,0.7995,0.8,51.3,False,
2026-10-06 00:08:22,A,A_biomedclip_lgbm,"{""grid"": {""num_leaves"": 15}, ""agg"": ""trimmed""}",T2,1,3,1003,0.7121,0.697,0.7,55.7,False,
2026-10-06 00:08:22,A,A_biomedclip_lgbm,"{""grid"": {""num_leaves"": 15}, ""agg"": ""mean""}",T2,1,4,1004,0.67,0.7057,0.7095,54.8,False,
2026-10-06 00:08:22,A,A_biomedclip_lgbm,"{""grid"": {""num_leaves"": 15}, ""agg"": ""learned""}",T2,2,0,2000,0.7373,0.6419,0.6441,40.1,False,
2026-10-06 00:08:22,A,A_biomedclip_lgbm,"{""grid"": {""num_leaves"": 7}, ""agg"": ""trimmed""}",T2,2,1,2001,0.669,0.6658,0.6658,35.4,False,
2026-10-06 00:08:22,A,A_biomedclip_lgbm,"{""grid"": {""num_leaves"": 15}, ""agg"": ""top8""}",T2,2,2,2002,0.7118,0.6484,0.675,41.0,False,
2026-10-06 00:08:22,A,A_biomedclip_lgbm,"{""grid"": {""num_leaves"": 15}, ""agg"": ""top8""}",T2,2,3,2003,0.7304,0.6748,0.675,39.7,False,
2026-10-06 00:08:22,A,A_biomedclip_lgbm,"{""grid"": {""num_leaves"": 15}, ""agg"": ""learned""}",T2,2,4,2004,0.7098,0.756,0.756,39.9,False,
2026-10-06 00:08:24,B,B_mil_mean_resnet50,"{""hidden"": 64, ""dropout"": 0.5, ""slice_drop"": 0.3, ""wd"": 0.0001, ""epochs"": 17, ""T"": 1.842, ""train_patient_mF1"": 0.8232}",T3,2,4,2004,0.4627,0.4955,0.5159,20.9,False,16 configs x 3 inner folds
2026-10-06 00:08:25,A,A_biomedclip_mlp,"{""grid"": {""alpha"": 0.1}, ""agg"": ""trimmed""}",T2,0,0,0,0.6935,0.7442,0.75,64.9,False,
2026-10-06 00:08:25,A,A_biomedclip_mlp,"{""grid"": {""alpha"": 0.1}, ""agg"": ""mean""}",T2,0,1,1,0.7496,0.6491,0.65,75.6,False,
2026-10-06 00:08:25,A,A_biomedclip_mlp,"{""grid"": {""alpha"": 0.1}, ""agg"": ""logmean""}",T2,0,2,2,0.6473,0.7749,0.7782,67.5,False,
2026-10-06 00:08:25,A,A_biomedclip_mlp,"{""grid"": {""alpha"": 1.0}, ""agg"": ""median""}",T2,0,3,3,0.7373,0.6748,0.6754,71.6,False,
2026-10-06 00:08:25,A,A_biomedclip_mlp,"{""grid"": {""alpha"": 1.0}, ""agg"": ""median""}",T2,0,4,4,0.6797,0.6931,0.7,72.4,False,
2026-10-06 00:08:25,A,A_biomedclip_mlp,"{""grid"": {""alpha"": 1.0}, ""agg"": ""mean""}",T2,1,0,1000,0.7744,0.6229,0.625,60.3,False,
2026-10-06 00:08:25,A,A_biomedclip_mlp,"{""grid"": {""alpha"": 0.1}, ""agg"": ""median""}",T2,1,1,1001,0.7194,0.7692,0.7697,66.7,False,
2026-10-06 00:08:25,A,A_biomedclip_mlp,"{""grid"": {""alpha"": 0.1}, ""agg"": ""median""}",T2,1,2,1002,0.7239,0.7749,0.775,64.6,False,
2026-10-06 00:08:25,A,A_biomedclip_mlp,"{""grid"": {""alpha"": 1.0}, ""agg"": ""logmean""}",T2,1,3,1003,0.7304,0.7206,0.725,69.6,False,
2026-10-06 00:08:25,A,A_biomedclip_mlp,"{""grid"": {""alpha"": 1.0}, ""agg"": ""top8""}",T2,1,4,1004,0.7224,0.756,0.7571,64.6,False,
2026-10-06 00:08:25,A,A_biomedclip_mlp,"{""grid"": {""alpha"": 0.1}, ""agg"": ""logmean""}",T2,2,0,2000,0.7619,0.619,0.6203,39.1,False,
2026-10-06 00:08:25,A,A_biomedclip_mlp,"{""grid"": {""alpha"": 0.1}, ""agg"": ""mean""}",T2,2,1,2001,0.6824,0.7172,0.7171,42.4,False,
2026-10-06 00:08:25,A,A_biomedclip_mlp,"{""grid"": {""alpha"": 1.0}, ""agg"": ""median""}",T2,2,2,2002,0.6983,0.7206,0.725,41.8,False,
2026-10-06 00:08:25,A,A_biomedclip_mlp,"{""grid"": {""alpha"": 0.1}, ""agg"": ""mean""}",T2,2,3,2003,0.6684,0.7248,0.725,40.5,False,
2026-10-06 00:08:25,A,A_biomedclip_mlp,"{""grid"": {""alpha"": 0.1}, ""agg"": ""top8""}",T2,2,4,2004,0.6978,0.8289,0.831,38.5,False,
2026-10-06 00:08:27,baseline,B_ft_resnet18,"{""image_size"": 224, ""batch_size"": 64, ""epochs"": 25, ""lr"": 0.0003, ""backbone_lr_mult"": 0.1, ""weight_decay"": 0.0001, ""dropout"": 0.2, ""freeze_epochs"": 3, ""warmup_epochs"": 1, ""aug_strength"": 1.0, ""patience"": 6, ""arch"": ""resnet18"", ""train_patient_mF1"": 0.727, ""innerval_patient_mF1"": 0.425, ""best_epoch"": 4}",T4,1,3,1003,0.425,0.5748,0.6373,111.5,False,
2026-10-06 00:10:57,baseline,B_ft_resnet18,"{""image_size"": 224, ""batch_size"": 64, ""epochs"": 25, ""lr"": 0.0003, ""backbone_lr_mult"": 0.1, ""weight_decay"": 0.0001, ""dropout"": 0.2, ""freeze_epochs"": 3, ""warmup_epochs"": 1, ""aug_strength"": 1.0, ""patience"": 6, ""arch"": ""resnet18"", ""train_patient_mF1"": 0.7633, ""innerval_patient_mF1"": 0.623, ""best_epoch"": 5}",T4,1,4,1004,0.623,0.373,0.4167,149.8,False,
2026-10-06 00:10:57,B,B_mil_max_resnet50,"{""hidden"": 128, ""dropout"": 0.25, ""slice_drop"": 0.0, ""wd"": 0.0001, ""epochs"": 7, ""T"": 8.0, ""train_patient_mF1"": 0.8978}",T3,0,0,0,0.4266,0.4727,0.4754,139.0,False,16 configs x 3 inner folds
2026-10-06 00:13:02,B,B_mil_max_resnet50,"{""hidden"": 64, ""dropout"": 0.5, ""slice_drop"": 0.3, ""wd"": 0.0001, ""epochs"": 9, ""T"": 1.954, ""train_patient_mF1"": 0.8155}",T3,0,1,1,0.458,0.6381,0.6286,124.7,False,16 configs x 3 inner folds
2026-10-06 00:13:09,baseline,B_ft_resnet18,"{""image_size"": 224, ""batch_size"": 64, ""epochs"": 25, ""lr"": 0.0003, ""backbone_lr_mult"": 0.1, ""weight_decay"": 0.0001, ""dropout"": 0.2, ""freeze_epochs"": 3, ""warmup_epochs"": 1, ""aug_strength"": 1.0, ""patience"": 6, ""arch"": ""resnet18"", ""train_patient_mF1"": 0.6396, ""innerval_patient_mF1"": 0.3306, ""best_epoch"": 4}",T4,2,0,2000,0.3306,0.315,0.365,131.9,False,
2026-10-06 00:14:43,B,B_mil_max_resnet50,"{""hidden"": 64, ""dropout"": 0.5, ""slice_drop"": 0.0, ""wd"": 0.0001, ""epochs"": 2, ""T"": 8.0, ""train_patient_mF1"": 0.3349}",T3,0,2,2,0.4266,0.2506,0.362,101.5,False,16 configs x 3 inner folds
2026-10-06 00:15:34,B,B_mil_max_resnet50,"{""hidden"": 128, ""dropout"": 0.5, ""slice_drop"": 0.3, ""wd"": 0.0001, ""epochs"": 16, ""T"": 4.192, ""train_patient_mF1"": 0.981}",T3,0,3,3,0.4157,0.5051,0.4994,50.7,False,16 configs x 3 inner folds
2026-10-06 00:15:39,baseline,B_ft_resnet18,"{""image_size"": 224, ""batch_size"": 64, ""epochs"": 25, ""lr"": 0.0003, ""backbone_lr_mult"": 0.1, ""weight_decay"": 0.0001, ""dropout"": 0.2, ""freeze_epochs"": 3, ""warmup_epochs"": 1, ""aug_strength"": 1.0, ""patience"": 6, ""arch"": ""resnet18"", ""train_patient_mF1"": 0.8589, ""innerval_patient_mF1"": 0.4637, ""best_epoch"": 6}",T4,2,1,2001,0.4637,0.2818,0.3135,150.3,False,
2026-10-06 00:16:21,B,B_mil_max_resnet50,"{""hidden"": 128, ""dropout"": 0.25, ""slice_drop"": 0.0, ""wd"": 0.0001, ""epochs"": 12, ""T"": 2.471, ""train_patient_mF1"": 0.9899}",T3,0,4,4,0.4532,0.512,0.5135,46.9,False,16 configs x 3 inner folds
2026-10-06 00:17:07,B,B_mil_max_resnet50,"{""hidden"": 128, ""dropout"": 0.5, ""slice_drop"": 0.0, ""wd"": 0.0001, ""epochs"": 10, ""T"": 0.965, ""train_patient_mF1"": 0.9301}",T3,1,0,1000,0.5535,0.4589,0.4754,46.4,False,16 configs x 3 inner folds
2026-10-06 00:17:37,B,B_mil_max_resnet50,"{""hidden"": 128, ""dropout"": 0.5, ""slice_drop"": 0.3, ""wd"": 0.0001, ""epochs"": 12, ""T"": 8.0, ""train_patient_mF1"": 0.9506}",T3,1,1,1001,0.4626,0.5723,0.5795,29.9,False,16 configs x 3 inner folds
2026-10-06 00:17:42,A,A_resnet50_logreg,"{""grid"": {""C"": 0.1}, ""agg"": ""median""}",T4,0,0,0,0.3618,0.49,0.5024,68.8,False,
2026-10-06 00:17:42,A,A_resnet50_logreg,"{""grid"": {""C"": 0.001}, ""agg"": ""logmean""}",T4,0,1,1,0.3991,0.4833,0.4706,63.2,False,
2026-10-06 00:17:42,A,A_resnet50_logreg,"{""grid"": {""C"": 0.01}, ""agg"": ""median""}",T4,0,2,2,0.3722,0.4161,0.4261,67.0,False,
2026-10-06 00:17:42,A,A_resnet50_logreg,"{""grid"": {""C"": 0.001}, ""agg"": ""trimmed""}",T4,0,3,3,0.4227,0.3339,0.3544,55.6,False,
2026-10-06 00:17:42,A,A_resnet50_logreg,"{""grid"": {""C"": 0.1}, ""agg"": ""logmean""}",T4,0,4,4,0.3873,0.4451,0.475,60.8,False,
2026-10-06 00:17:42,A,A_resnet50_logreg,"{""grid"": {""C"": 0.01}, ""agg"": ""median""}",T4,1,0,1000,0.3905,0.4453,0.4937,73.9,False,
2026-10-06 00:17:42,A,A_resnet50_logreg,"{""grid"": {""C"": 0.1}, ""agg"": ""median""}",T4,1,1,1001,0.3973,0.3929,0.4087,63.2,False,
2026-10-06 00:17:42,A,A_resnet50_logreg,"{""grid"": {""C"": 0.01}, ""agg"": ""top8""}",T4,1,2,1002,0.4045,0.341,0.3437,66.2,False,
2026-10-06 00:17:42,A,A_resnet50_logreg,"{""grid"": {""C"": 0.1}, ""agg"": ""trimmed""}",T4,1,3,1003,0.3835,0.512,0.5262,76.2,False,
2026-10-06 00:17:42,A,A_resnet50_logreg,"{""grid"": {""C"": 0.001}, ""agg"": ""top8""}",T4,1,4,1004,0.4007,0.3621,0.3708,55.3,False,
2026-10-06 00:17:42,A,A_resnet50_logreg,"{""grid"": {""C"": 0.01}, ""agg"": ""trimmed""}",T4,2,0,2000,0.3835,0.2798,0.2816,41.4,False,
2026-10-06 00:17:42,A,A_resnet50_logreg,"{""grid"": {""C"": 0.01}, ""agg"": ""mean""}",T4,2,1,2001,0.3655,0.3326,0.3519,38.3,False,
2026-10-06 00:17:42,A,A_resnet50_logreg,"{""grid"": {""C"": 0.001}, ""agg"": ""median""}",T4,2,2,2002,0.3579,0.455,0.446,37.5,False,
2026-10-06 00:17:42,A,A_resnet50_logreg,"{""grid"": {""C"": 0.1}, ""agg"": ""logmean""}",T4,2,3,2003,0.4139,0.5037,0.5056,39.5,False,
2026-10-06 00:17:42,A,A_resnet50_logreg,"{""grid"": {""C"": 0.1}, ""agg"": ""learned""}",T4,2,4,2004,0.3602,0.4266,0.4524,44.6,False,
2026-10-06 00:17:51,baseline,B_ft_resnet18,"{""image_size"": 224, ""batch_size"": 64, ""epochs"": 25, ""lr"": 0.0003, ""backbone_lr_mult"": 0.1, ""weight_decay"": 0.0001, ""dropout"": 0.2, ""freeze_epochs"": 3, ""warmup_epochs"": 1, ""aug_strength"": 1.0, ""patience"": 6, ""arch"": ""resnet18"", ""train_patient_mF1"": 0.7386, ""innerval_patient_mF1"": 0.4419, ""best_epoch"": 6}",T4,2,2,2002,0.4419,0.5185,0.5675,130.9,False,
2026-10-06 00:17:51,A,A_resnet50_linsvm,"{""grid"": {""C"": 0.0001}, ""agg"": ""mean""}",T4,0,0,0,0.3587,0.49,0.5024,71.6,False,
2026-10-06 00:17:51,A,A_resnet50_linsvm,"{""grid"": {""C"": 0.0001}, ""agg"": ""mean""}",T4,0,1,1,0.4063,0.5154,0.4944,73.0,False,
2026-10-06 00:17:51,A,A_resnet50_linsvm,"{""grid"": {""C"": 0.001}, ""agg"": ""trimmed""}",T4,0,2,2,0.3685,0.4924,0.4933,72.0,False,
2026-10-06 00:17:51,A,A_resnet50_linsvm,"{""grid"": {""C"": 0.001}, ""agg"": ""top8""}",T4,0,3,3,0.4403,0.3911,0.4009,69.1,False,
2026-10-06 00:17:51,A,A_resnet50_linsvm,"{""grid"": {""C"": 0.0001}, ""agg"": ""logmean""}",T4,0,4,4,0.3717,0.4755,0.525,69.5,False,
2026-10-06 00:17:51,A,A_resnet50_linsvm,"{""grid"": {""C"": 0.0001}, ""agg"": ""trimmed""}",T4,1,0,1000,0.3802,0.5039,0.5175,70.7,False,
2026-10-06 00:17:51,A,A_resnet50_linsvm,"{""grid"": {""C"": 0.01}, ""agg"": ""median""}",T4,1,1,1001,0.3959,0.4183,0.4279,70.5,False,
2026-10-06 00:17:51,A,A_resnet50_linsvm,"{""grid"": {""C"": 0.01}, ""agg"": ""median""}",T4,1,2,1002,0.4146,0.4333,0.4317,73.6,False,
2026-10-06 00:17:51,A,A_resnet50_linsvm,"{""grid"": {""C"": 0.0001}, ""agg"": ""mean""}",T4,1,3,1003,0.3977,0.5458,0.5817,69.5,False,
2026-10-06 00:17:51,A,A_resnet50_linsvm,"{""grid"": {""C"": 0.0001}, ""agg"": ""top8""}",T4,1,4,1004,0.416,0.3545,0.3708,67.3,False,
2026-10-06 00:17:51,A,A_resnet50_linsvm,"{""grid"": {""C"": 0.001}, ""agg"": ""trimmed""}",T4,2,0,2000,0.4094,0.2908,0.2948,38.6,False,
2026-10-06 00:17:51,A,A_resnet50_linsvm,"{""grid"": {""C"": 0.0001}, ""agg"": ""learned""}",T4,2,1,2001,0.3769,0.2838,0.3135,36.8,False,
2026-10-06 00:17:51,A,A_resnet50_linsvm,"{""grid"": {""C"": 0.0001}, ""agg"": ""trimmed""}",T4,2,2,2002,0.3626,0.4924,0.4865,38.1,False,
2026-10-06 00:17:51,A,A_resnet50_linsvm,"{""grid"": {""C"": 0.001}, ""agg"": ""trimmed""}",T4,2,3,2003,0.3999,0.4785,0.4833,38.9,False,
2026-10-06 00:17:51,A,A_resnet50_linsvm,"{""grid"": {""C"": 0.0001}, ""agg"": ""learned""}",T4,2,4,2004,0.4038,0.436,0.4524,38.4,False,
2026-10-06 00:17:55,B,B_mil_max_resnet50,"{""hidden"": 64, ""dropout"": 0.5, ""slice_drop"": 0.3, ""wd"": 0.0001, ""epochs"": 24, ""T"": 3.953, ""train_patient_mF1"": 0.995}",T3,1,2,1002,0.5224,0.5,0.5016,17.9,False,16 configs x 3 inner folds
2026-10-06 00:18:01,A,A_resnet50_ridge,"{""grid"": {""alpha"": 1000.0}, ""agg"": ""trimmed""}",T4,0,0,0,0.3597,0.4562,0.4714,31.5,False,
2026-10-06 00:18:01,A,A_resnet50_ridge,"{""grid"": {""alpha"": 10.0}, ""agg"": ""mean""}",T4,0,1,1,0.4011,0.4278,0.423,30.9,False,
2026-10-06 00:18:01,A,A_resnet50_ridge,"{""grid"": {""alpha"": 10.0}, ""agg"": ""top8""}",T4,0,2,2,0.3521,0.4991,0.5031,31.1,False,
2026-10-06 00:18:01,A,A_resnet50_ridge,"{""grid"": {""alpha"": 10.0}, ""agg"": ""top8""}",T4,0,3,3,0.4233,0.4042,0.4675,30.2,False,
2026-10-06 00:18:01,A,A_resnet50_ridge,"{""grid"": {""alpha"": 1000.0}, ""agg"": ""logmean""}",T4,0,4,4,0.3737,0.4323,0.4625,30.0,False,
2026-10-06 00:18:01,A,A_resnet50_ridge,"{""grid"": {""alpha"": 100.0}, ""agg"": ""median""}",T4,1,0,1000,0.3789,0.4148,0.4698,32.0,False,
2026-10-06 00:18:01,A,A_resnet50_ridge,"{""grid"": {""alpha"": 10.0}, ""agg"": ""logmean""}",T4,1,1,1001,0.3758,0.3811,0.3962,31.1,False,
2026-10-06 00:18:01,A,A_resnet50_ridge,"{""grid"": {""alpha"": 1000.0}, ""agg"": ""mean""}",T4,1,2,1002,0.56,0.4944,0.5024,31.2,False,
2026-10-06 00:18:01,A,A_resnet50_ridge,"{""grid"": {""alpha"": 10.0}, ""agg"": ""median""}",T4,1,3,1003,0.3704,0.4801,0.5024,32.1,False,
2026-10-06 00:18:01,A,A_resnet50_ridge,"{""grid"": {""alpha"": 1000.0}, ""agg"": ""top8""}",T4,1,4,1004,0.3993,0.3545,0.3708,29.5,False,
2026-10-06 00:18:01,A,A_resnet50_ridge,"{""grid"": {""alpha"": 10.0}, ""agg"": ""trimmed""}",T4,2,0,2000,0.3786,0.2983,0.2948,18.9,False,
2026-10-06 00:18:01,A,A_resnet50_ridge,"{""grid"": {""alpha"": 1000.0}, ""agg"": ""mean""}",T4,2,1,2001,0.3771,0.3263,0.3702,17.7,False,
2026-10-06 00:18:01,A,A_resnet50_ridge,"{""grid"": {""alpha"": 1000.0}, ""agg"": ""median""}",T4,2,2,2002,0.333,0.4969,0.4944,17.6,False,
2026-10-06 00:18:01,A,A_resnet50_ridge,"{""grid"": {""alpha"": 10.0}, ""agg"": ""top8""}",T4,2,3,2003,0.3963,0.3795,0.4,18.6,False,
2026-10-06 00:18:01,A,A_resnet50_ridge,"{""grid"": {""alpha"": 10.0}, ""agg"": ""median""}",T4,2,4,2004,0.3293,0.5563,0.5635,18.8,False,
2026-10-06 00:18:09,A,A_resnet50_lgbm,"{""grid"": {""num_leaves"": 15}, ""agg"": ""learned""}",T4,0,0,0,0.352,0.4444,0.4063,190.6,False,
2026-10-06 00:18:09,A,A_resnet50_lgbm,"{""grid"": {""num_leaves"": 7}, ""agg"": ""top8""}",T4,0,1,1,0.3783,0.5472,0.5278,175.8,False,
2026-10-06 00:18:09,A,A_resnet50_lgbm,"{""grid"": {""num_leaves"": 7}, ""agg"": ""trimmed""}",T4,0,2,2,0.3908,0.4439,0.4689,181.4,False,
2026-10-06 00:18:09,A,A_resnet50_lgbm,"{""grid"": {""num_leaves"": 7}, ""agg"": ""trimmed""}",T4,0,3,3,0.4031,0.3481,0.3675,163.5,False,
2026-10-06 00:18:09,A,A_resnet50_lgbm,"{""grid"": {""num_leaves"": 7}, ""agg"": ""learned""}",T4,0,4,4,0.3487,0.3689,0.3714,162.7,False,
2026-10-06 00:18:10,A,A_resnet50_lgbm,"{""grid"": {""num_leaves"": 7}, ""agg"": ""top8""}",T4,1,0,1000,0.3761,0.598,0.5984,174.2,False,
2026-10-06 00:18:10,A,A_resnet50_lgbm,"{""grid"": {""num_leaves"": 7}, ""agg"": ""mean""}",T4,1,1,1001,0.3885,0.4224,0.4279,171.0,False,
2026-10-06 00:18:10,A,A_resnet50_lgbm,"{""grid"": {""num_leaves"": 7}, ""agg"": ""mean""}",T4,1,2,1002,0.3922,0.4056,0.4167,181.8,False,
2026-10-06 00:18:10,A,A_resnet50_lgbm,"{""grid"": {""num_leaves"": 7}, ""agg"": ""logmean""}",T4,1,3,1003,0.3871,0.5481,0.5571,184.7,False,
2026-10-06 00:18:10,A,A_resnet50_lgbm,"{""grid"": {""num_leaves"": 7}, ""agg"": ""top8""}",T4,1,4,1004,0.394,0.3695,0.3833,165.4,False,
2026-10-06 00:18:10,A,A_resnet50_lgbm,"{""grid"": {""num_leaves"": 7}, ""agg"": ""top8""}",T4,2,0,2000,0.4017,0.2899,0.3033,100.9,False,
2026-10-06 00:18:10,A,A_resnet50_lgbm,"{""grid"": {""num_leaves"": 7}, ""agg"": ""logmean""}",T4,2,1,2001,0.3712,0.3857,0.3962,100.1,False,
2026-10-06 00:18:10,A,A_resnet50_lgbm,"{""grid"": {""num_leaves"": 15}, ""agg"": ""learned""}",T4,2,2,2002,0.3456,0.4032,0.327,117.2,False,
2026-10-06 00:18:10,A,A_resnet50_lgbm,"{""grid"": {""num_leaves"": 7}, ""agg"": ""median""}",T4,2,3,2003,0.3756,0.5233,0.5333,107.3,False,
2026-10-06 00:18:10,A,A_resnet50_lgbm,"{""grid"": {""num_leaves"": 7}, ""agg"": ""learned""}",T4,2,4,2004,0.3616,0.4661,0.4444,106.2,False,
2026-10-06 00:18:12,B,B_mil_max_resnet50,"{""hidden"": 64, ""dropout"": 0.5, ""slice_drop"": 0.3, ""wd"": 0.01, ""epochs"": 10, ""T"": 3.515, ""train_patient_mF1"": 0.8754}",T3,1,3,1003,0.4779,0.5249,0.5429,16.7,False,16 configs x 3 inner folds
2026-10-06 00:18:19,A,A_resnet50_mlp,"{""grid"": {""alpha"": 1.0}, ""agg"": ""logmean""}",T4,0,0,0,0.3638,0.5827,0.5738,102.0,False,
2026-10-06 00:18:19,A,A_resnet50_mlp,"{""grid"": {""alpha"": 1.0}, ""agg"": ""learned""}",T4,0,1,1,0.3577,0.4875,0.4397,102.8,False,
2026-10-06 00:18:19,A,A_resnet50_mlp,"{""grid"": {""alpha"": 0.1}, ""agg"": ""median""}",T4,0,2,2,0.372,0.432,0.4591,108.3,False,
2026-10-06 00:18:19,A,A_resnet50_mlp,"{""grid"": {""alpha"": 1.0}, ""agg"": ""logmean""}",T4,0,3,3,0.4259,0.3472,0.3509,93.8,False,
2026-10-06 00:18:19,A,A_resnet50_mlp,"{""grid"": {""alpha"": 1.0}, ""agg"": ""learned""}",T4,0,4,4,0.3522,0.2672,0.2732,103.8,False,
2026-10-06 00:18:19,A,A_resnet50_mlp,"{""grid"": {""alpha"": 1.0}, ""agg"": ""median""}",T4,1,0,1000,0.3572,0.5493,0.5262,99.8,False,
2026-10-06 00:18:19,A,A_resnet50_mlp,"{""grid"": {""alpha"": 0.1}, ""agg"": ""logmean""}",T4,1,1,1001,0.3578,0.4402,0.4279,112.6,False,
2026-10-06 00:18:19,A,A_resnet50_mlp,"{""grid"": {""alpha"": 1.0}, ""agg"": ""trimmed""}",T4,1,2,1002,0.414,0.3504,0.3762,104.1,False,
2026-10-06 00:18:19,A,A_resnet50_mlp,"{""grid"": {""alpha"": 1.0}, ""agg"": ""trimmed""}",T4,1,3,1003,0.388,0.4958,0.496,105.1,False,
2026-10-06 00:18:19,A,A_resnet50_mlp,"{""grid"": {""alpha"": 0.1}, ""agg"": ""top8""}",T4,1,4,1004,0.4063,0.3043,0.3125,111.5,False,
2026-10-06 00:18:19,A,A_resnet50_mlp,"{""grid"": {""alpha"": 1.0}, ""agg"": ""learned""}",T4,2,0,2000,0.4065,0.2916,0.3186,63.1,False,
2026-10-06 00:18:19,A,A_resnet50_mlp,"{""grid"": {""alpha"": 0.1}, ""agg"": ""median""}",T4,2,1,2001,0.3388,0.3832,0.3846,61.9,False,
2026-10-06 00:18:19,A,A_resnet50_mlp,"{""grid"": {""alpha"": 0.1}, ""agg"": ""logmean""}",T4,2,2,2002,0.3717,0.5477,0.5437,56.2,False,
2026-10-06 00:18:19,A,A_resnet50_mlp,"{""grid"": {""alpha"": 0.1}, ""agg"": ""top8""}",T4,2,3,2003,0.3705,0.4987,0.5,55.1,False,
2026-10-06 00:18:19,A,A_resnet50_mlp,"{""grid"": {""alpha"": 0.1}, ""agg"": ""learned""}",T4,2,4,2004,0.337,0.5711,0.5873,55.1,False,
2026-10-06 00:19:34,B,B_mil_max_resnet50,"{""hidden"": 64, ""dropout"": 0.5, ""slice_drop"": 0.0, ""wd"": 0.0001, ""epochs"": 6, ""T"": 8.0, ""train_patient_mF1"": 0.7891}",T3,1,4,1004,0.4385,0.4038,0.4,82.2,False,16 configs x 3 inner folds
2026-10-06 00:20:16,baseline,B_ft_resnet18,"{""image_size"": 224, ""batch_size"": 64, ""epochs"": 25, ""lr"": 0.0003, ""backbone_lr_mult"": 0.1, ""weight_decay"": 0.0001, ""dropout"": 0.2, ""freeze_epochs"": 3, ""warmup_epochs"": 1, ""aug_strength"": 1.0, ""patience"": 6, ""arch"": ""resnet18"", ""train_patient_mF1"": 0.71, ""innerval_patient_mF1"": 0.6131, ""best_epoch"": 5}",T4,2,3,2003,0.6131,0.4758,0.5778,145.2,False,
2026-10-06 00:21:57,B,B_mil_max_resnet50,"{""hidden"": 64, ""dropout"": 0.25, ""slice_drop"": 0.3, ""wd"": 0.0001, ""epochs"": 11, ""T"": 7.113, ""train_patient_mF1"": 0.9757}",T3,2,0,2000,0.4437,0.2963,0.317,143.1,False,16 configs x 3 inner folds
2026-10-06 00:22:44,baseline,B_ft_resnet18,"{""image_size"": 224, ""batch_size"": 64, ""epochs"": 25, ""lr"": 0.0003, ""backbone_lr_mult"": 0.1, ""weight_decay"": 0.0001, ""dropout"": 0.2, ""freeze_epochs"": 3, ""warmup_epochs"": 1, ""aug_strength"": 1.0, ""patience"": 6, ""arch"": ""resnet18"", ""train_patient_mF1"": 0.8109, ""innerval_patient_mF1"": 0.4495, ""best_epoch"": 5}",T4,2,4,2004,0.4495,0.6369,0.627,148.1,False,
2026-10-06 00:24:01,B,B_mil_max_resnet50,"{""hidden"": 64, ""dropout"": 0.5, ""slice_drop"": 0.0, ""wd"": 0.0001, ""epochs"": 8, ""T"": 8.0, ""train_patient_mF1"": 0.8037}",T3,2,1,2001,0.4182,0.5284,0.5462,124.1,False,16 configs x 3 inner folds
2026-10-06 00:24:56,B,B_mil_max_resnet50,"{""hidden"": 128, ""dropout"": 0.25, ""slice_drop"": 0.3, ""wd"": 0.0001, ""epochs"": 7, ""T"": 8.0, ""train_patient_mF1"": 0.9012}",T3,2,2,2002,0.491,0.3858,0.419,54.3,False,16 configs x 3 inner folds
2026-10-06 00:25:50,B,B_mil_max_resnet50,"{""hidden"": 128, ""dropout"": 0.5, ""slice_drop"": 0.0, ""wd"": 0.0001, ""epochs"": 14, ""T"": 1.373, ""train_patient_mF1"": 1.0}",T3,2,3,2003,0.5232,0.369,0.3833,54.1,False,16 configs x 3 inner folds
2026-10-06 00:26:42,B,B_mil_max_resnet50,"{""hidden"": 64, ""dropout"": 0.25, ""slice_drop"": 0.3, ""wd"": 0.0001, ""epochs"": 30, ""T"": 8.0, ""train_patient_mF1"": 1.0}",T3,2,4,2004,0.4631,0.5365,0.5317,52.5,False,16 configs x 3 inner folds
2026-10-06 00:27:10,A,A_efficientnet_b0_logreg,"{""grid"": {""C"": 0.001}, ""agg"": ""top8""}",T4,0,0,0,0.387,0.4724,0.527,77.4,False,
2026-10-06 00:27:10,A,A_efficientnet_b0_logreg,"{""grid"": {""C"": 0.001}, ""agg"": ""learned""}",T4,0,1,1,0.4097,0.4118,0.4143,76.0,False,
2026-10-06 00:27:10,A,A_efficientnet_b0_logreg,"{""grid"": {""C"": 0.001}, ""agg"": ""mean""}",T4,0,2,2,0.3995,0.4828,0.5073,79.8,False,
2026-10-06 00:27:10,A,A_efficientnet_b0_logreg,"{""grid"": {""C"": 0.01}, ""agg"": ""mean""}",T4,0,3,3,0.3792,0.3878,0.4009,60.6,False,
2026-10-06 00:27:10,A,A_efficientnet_b0_logreg,"{""grid"": {""C"": 0.001}, ""agg"": ""logmean""}",T4,0,4,4,0.3631,0.4146,0.4446,66.5,False,
2026-10-06 00:27:10,A,A_efficientnet_b0_logreg,"{""grid"": {""C"": 0.01}, ""agg"": ""mean""}",T4,1,0,1000,0.4073,0.5041,0.5016,73.7,False,
2026-10-06 00:27:10,A,A_efficientnet_b0_logreg,"{""grid"": {""C"": 0.01}, ""agg"": ""mean""}",T4,1,1,1001,0.3643,0.4091,0.4269,66.0,False,
2026-10-06 00:27:10,A,A_efficientnet_b0_logreg,"{""grid"": {""C"": 0.001}, ""agg"": ""logmean""}",T4,1,2,1002,0.3983,0.4944,0.527,74.2,False,
2026-10-06 00:27:10,A,A_efficientnet_b0_logreg,"{""grid"": {""C"": 0.01}, ""agg"": ""mean""}",T4,1,3,1003,0.3812,0.5684,0.6056,84.2,False,
2026-10-06 00:27:10,A,A_efficientnet_b0_logreg,"{""grid"": {""C"": 1.0}, ""agg"": ""median""}",T4,1,4,1004,0.4086,0.2786,0.2875,76.8,False,
2026-10-06 00:27:10,A,A_efficientnet_b0_logreg,"{""grid"": {""C"": 1.0}, ""agg"": ""top8""}",T4,2,0,2000,0.378,0.2932,0.2995,50.6,False,
2026-10-06 00:27:10,A,A_efficientnet_b0_logreg,"{""grid"": {""C"": 0.001}, ""agg"": ""median""}",T4,2,1,2001,0.4026,0.3691,0.3837,37.9,False,
2026-10-06 00:27:10,A,A_efficientnet_b0_logreg,"{""grid"": {""C"": 0.001}, ""agg"": ""learned""}",T4,2,2,2002,0.3908,0.4335,0.4452,44.5,False,
2026-10-06 00:27:10,A,A_efficientnet_b0_logreg,"{""grid"": {""C"": 0.001}, ""agg"": ""mean""}",T4,2,3,2003,0.419,0.5422,0.5778,41.2,False,
2026-10-06 00:27:10,A,A_efficientnet_b0_logreg,"{""grid"": {""C"": 0.01}, ""agg"": ""learned""}",T4,2,4,2004,0.3442,0.4643,0.4762,49.9,False,
2026-10-06 00:27:18,A,A_efficientnet_b0_linsvm,"{""grid"": {""C"": 0.0001}, ""agg"": ""mean""}",T4,0,0,0,0.389,0.451,0.4786,73.8,False,
2026-10-06 00:27:18,A,A_efficientnet_b0_linsvm,"{""grid"": {""C"": 0.0001}, ""agg"": ""learned""}",T4,0,1,1,0.3997,0.4131,0.4238,72.3,False,
2026-10-06 00:27:18,A,A_efficientnet_b0_linsvm,"{""grid"": {""C"": 0.01}, ""agg"": ""logmean""}",T4,0,2,2,0.3774,0.5227,0.525,76.0,False,
2026-10-06 00:27:18,A,A_efficientnet_b0_linsvm,"{""grid"": {""C"": 0.001}, ""agg"": ""median""}",T4,0,3,3,0.3931,0.3456,0.3509,71.4,False,
2026-10-06 00:27:18,A,A_efficientnet_b0_linsvm,"{""grid"": {""C"": 0.001}, ""agg"": ""logmean""}",T4,0,4,4,0.3467,0.4425,0.4893,71.7,False,
2026-10-06 00:27:18,A,A_efficientnet_b0_linsvm,"{""grid"": {""C"": 0.0001}, ""agg"": ""trimmed""}",T4,1,0,1000,0.4025,0.4522,0.469,73.3,False,
2026-10-06 00:27:18,A,A_efficientnet_b0_linsvm,"{""grid"": {""C"": 0.01}, ""agg"": ""mean""}",T4,1,1,1001,0.3669,0.4069,0.3962,72.2,False,
2026-10-06 00:27:18,A,A_efficientnet_b0_linsvm,"{""grid"": {""C"": 0.0001}, ""agg"": ""mean""}",T4,1,2,1002,0.389,0.4628,0.4635,72.8,False,
2026-10-06 00:27:18,A,A_efficientnet_b0_linsvm,"{""grid"": {""C"": 0.0001}, ""agg"": ""top8""}",T4,1,3,1003,0.3756,0.5305,0.5746,73.4,False,
2026-10-06 00:27:18,A,A_efficientnet_b0_linsvm,"{""grid"": {""C"": 0.01}, ""agg"": ""trimmed""}",T4,1,4,1004,0.4122,0.2815,0.2958,72.9,False,
2026-10-06 00:27:18,A,A_efficientnet_b0_linsvm,"{""grid"": {""C"": 0.001}, ""agg"": ""logmean""}",T4,2,0,2000,0.3583,0.3214,0.3258,40.9,False,
2026-10-06 00:27:18,A,A_efficientnet_b0_linsvm,"{""grid"": {""C"": 0.0001}, ""agg"": ""trimmed""}",T4,2,1,2001,0.3896,0.3582,0.3712,37.5,False,
2026-10-06 00:27:18,A,A_efficientnet_b0_linsvm,"{""grid"": {""C"": 0.0001}, ""agg"": ""learned""}",T4,2,2,2002,0.3748,0.4308,0.4381,40.1,False,
2026-10-06 00:27:18,A,A_efficientnet_b0_linsvm,"{""grid"": {""C"": 0.0001}, ""agg"": ""median""}",T4,2,3,2003,0.3966,0.611,0.6667,40.9,False,
2026-10-06 00:27:18,A,A_efficientnet_b0_linsvm,"{""grid"": {""C"": 0.001}, ""agg"": ""top8""}",T4,2,4,2004,0.3489,0.4352,0.4444,41.0,False,
2026-10-06 00:27:25,A,A_efficientnet_b0_ridge,"{""grid"": {""alpha"": 1000.0}, ""agg"": ""trimmed""}",T4,0,0,0,0.3667,0.471,0.5175,32.9,False,
2026-10-06 00:27:25,A,A_efficientnet_b0_ridge,"{""grid"": {""alpha"": 1000.0}, ""agg"": ""learned""}",T4,0,1,1,0.3917,0.4145,0.4143,32.8,False,
2026-10-06 00:27:25,A,A_efficientnet_b0_ridge,"{""grid"": {""alpha"": 1000.0}, ""agg"": ""top8""}",T4,0,2,2,0.3803,0.4492,0.4817,34.1,False,
2026-10-06 00:27:25,A,A_efficientnet_b0_ridge,"{""grid"": {""alpha"": 1000.0}, ""agg"": ""mean""}",T4,0,3,3,0.3833,0.3995,0.4342,32.2,False,
2026-10-06 00:27:25,A,A_efficientnet_b0_ridge,"{""grid"": {""alpha"": 1000.0}, ""agg"": ""trimmed""}",T4,0,4,4,0.3525,0.4188,0.4768,31.3,False,
2026-10-06 00:27:25,A,A_efficientnet_b0_ridge,"{""grid"": {""alpha"": 100.0}, ""agg"": ""logmean""}",T4,1,0,1000,0.4364,0.455,0.454,32.1,False,
2026-10-06 00:27:25,A,A_efficientnet_b0_ridge,"{""grid"": {""alpha"": 10.0}, ""agg"": ""top8""}",T4,1,1,1001,0.3774,0.3791,0.4019,30.7,False,
2026-10-06 00:27:25,A,A_efficientnet_b0_ridge,"{""grid"": {""alpha"": 1000.0}, ""agg"": ""logmean""}",T4,1,2,1002,0.39,0.5439,0.6381,32.2,False,
2026-10-06 00:27:25,A,A_efficientnet_b0_ridge,"{""grid"": {""alpha"": 100.0}, ""agg"": ""mean""}",T4,1,3,1003,0.3591,0.5312,0.5746,34.1,False,
2026-10-06 00:27:25,A,A_efficientnet_b0_ridge,"{""grid"": {""alpha"": 10.0}, ""agg"": ""top8""}",T4,1,4,1004,0.3777,0.3347,0.3625,32.8,False,
2026-10-06 00:27:25,A,A_efficientnet_b0_ridge,"{""grid"": {""alpha"": 10.0}, ""agg"": ""trimmed""}",T4,2,0,2000,0.3841,0.305,0.3127,21.5,False,
2026-10-06 00:27:25,A,A_efficientnet_b0_ridge,"{""grid"": {""alpha"": 100.0}, ""agg"": ""learned""}",T4,2,1,2001,0.3668,0.363,0.4327,17.4,False,
2026-10-06 00:27:25,A,A_efficientnet_b0_ridge,"{""grid"": {""alpha"": 1000.0}, ""agg"": ""learned""}",T4,2,2,2002,0.423,0.3601,0.3175,18.8,False,
2026-10-06 00:27:25,A,A_efficientnet_b0_ridge,"{""grid"": {""alpha"": 1000.0}, ""agg"": ""trimmed""}",T4,2,3,2003,0.3963,0.5032,0.5556,18.2,False,
2026-10-06 00:27:25,A,A_efficientnet_b0_ridge,"{""grid"": {""alpha"": 10.0}, ""agg"": ""learned""}",T4,2,4,2004,0.3686,0.4872,0.4921,19.3,False,
2026-10-06 00:27:30,B,B_mil_attn_biomedclip,"{""hidden"": 64, ""dropout"": 0.25, ""slice_drop"": 0.0, ""wd"": 0.0001, ""epochs"": 37, ""T"": 1.086, ""train_patient_mF1"": 0.8369}",T3,0,0,0,0.5306,0.5132,0.5262,28.9,False,16 configs x 3 inner folds
2026-10-06 00:27:34,A,A_efficientnet_b0_lgbm,"{""grid"": {""num_leaves"": 7}, ""agg"": ""median""}",T4,0,0,0,0.3747,0.4444,0.4373,183.8,False,
2026-10-06 00:27:34,A,A_efficientnet_b0_lgbm,"{""grid"": {""num_leaves"": 7}, ""agg"": ""median""}",T4,0,1,1,0.3389,0.537,0.5183,179.8,False,
2026-10-06 00:27:34,A,A_efficientnet_b0_lgbm,"{""grid"": {""num_leaves"": 7}, ""agg"": ""top8""}",T4,0,2,2,0.4047,0.474,0.4774,187.7,False,
2026-10-06 00:27:34,A,A_efficientnet_b0_lgbm,"{""grid"": {""num_leaves"": 7}, ""agg"": ""top8""}",T4,0,3,3,0.3813,0.3482,0.3579,165.7,False,
2026-10-06 00:27:34,A,A_efficientnet_b0_lgbm,"{""grid"": {""num_leaves"": 7}, ""agg"": ""learned""}",T4,0,4,4,0.3487,0.3269,0.3232,169.7,False,
2026-10-06 00:27:34,A,A_efficientnet_b0_lgbm,"{""grid"": {""num_leaves"": 7}, ""agg"": ""median""}",T4,1,0,1000,0.38,0.3674,0.3976,171.7,False,
2026-10-06 00:27:34,A,A_efficientnet_b0_lgbm,"{""grid"": {""num_leaves"": 15}, ""agg"": ""median""}",T4,1,1,1001,0.3479,0.4526,0.4279,179.3,False,
2026-10-06 00:27:34,A,A_efficientnet_b0_lgbm,"{""grid"": {""num_leaves"": 7}, ""agg"": ""logmean""}",T4,1,2,1002,0.3625,0.4695,0.4635,172.6,False,
2026-10-06 00:27:34,A,A_efficientnet_b0_lgbm,"{""grid"": {""num_leaves"": 7}, ""agg"": ""mean""}",T4,1,3,1003,0.3601,0.5057,0.5262,179.9,False,
2026-10-06 00:27:34,A,A_efficientnet_b0_lgbm,"{""grid"": {""num_leaves"": 7}, ""agg"": ""learned""}",T4,1,4,1004,0.3575,0.3454,0.3708,172.9,False,
2026-10-06 00:27:34,A,A_efficientnet_b0_lgbm,"{""grid"": {""num_leaves"": 7}, ""agg"": ""median""}",T4,2,0,2000,0.3708,0.2646,0.2625,98.0,False,
2026-10-06 00:27:34,A,A_efficientnet_b0_lgbm,"{""grid"": {""num_leaves"": 7}, ""agg"": ""median""}",T4,2,1,2001,0.3423,0.3561,0.3712,94.5,False,
2026-10-06 00:27:34,A,A_efficientnet_b0_lgbm,"{""grid"": {""num_leaves"": 15}, ""agg"": ""learned""}",T4,2,2,2002,0.4452,0.4513,0.4841,111.6,False,
2026-10-06 00:27:34,A,A_efficientnet_b0_lgbm,"{""grid"": {""num_leaves"": 7}, ""agg"": ""trimmed""}",T4,2,3,2003,0.3848,0.5242,0.5333,103.9,False,
2026-10-06 00:27:34,A,A_efficientnet_b0_lgbm,"{""grid"": {""num_leaves"": 7}, ""agg"": ""logmean""}",T4,2,4,2004,0.335,0.4302,0.4603,102.5,False,
2026-10-06 00:27:38,C,C_ft_effb0_partial_ema_mixup,"{""arch"": ""efficientnet_b0"", ""image_size"": 224, ""batch_size"": 32, ""epochs"": 25, ""lr_head"": 0.0003, ""lr_blocks"": 0.0001, ""weight_decay"": 0.01, ""unfreeze_stages"": 2, ""ema"": 0.999, ""mixup"": 0.2, ""aug_strength"": 1.0, ""warmup_epochs"": 1, ""patience"": 6, ""dropout"": 0.3, ""train_patient_mF1"": 0.674, ""best_epoch"": 6}",T3,0,0,0,0.4645,0.4354,0.5032,233.6,False,
2026-10-06 00:27:41,A,A_efficientnet_b0_mlp,"{""grid"": {""alpha"": 0.1}, ""agg"": ""top8""}",T4,0,0,0,0.3754,0.4785,0.4802,97.5,False,
2026-10-06 00:27:41,A,A_efficientnet_b0_mlp,"{""grid"": {""alpha"": 1.0}, ""agg"": ""learned""}",T4,0,1,1,0.3738,0.437,0.4548,104.5,False,
2026-10-06 00:27:41,A,A_efficientnet_b0_mlp,"{""grid"": {""alpha"": 1.0}, ""agg"": ""mean""}",T4,0,2,2,0.3908,0.4321,0.4713,104.0,False,
2026-10-06 00:27:41,A,A_efficientnet_b0_mlp,"{""grid"": {""alpha"": 1.0}, ""agg"": ""top8""}",T4,0,3,3,0.4025,0.3401,0.3474,91.2,False,
2026-10-06 00:27:41,A,A_efficientnet_b0_mlp,"{""grid"": {""alpha"": 1.0}, ""agg"": ""trimmed""}",T4,0,4,4,0.3308,0.3931,0.4018,102.9,False,
2026-10-06 00:27:41,A,A_efficientnet_b0_mlp,"{""grid"": {""alpha"": 0.1}, ""agg"": ""top8""}",T4,1,0,1000,0.3494,0.4257,0.4246,101.9,False,
2026-10-06 00:27:41,A,A_efficientnet_b0_mlp,"{""grid"": {""alpha"": 1.0}, ""agg"": ""mean""}",T4,1,1,1001,0.3794,0.3861,0.3769,104.6,False,
2026-10-06 00:27:41,A,A_efficientnet_b0_mlp,"{""grid"": {""alpha"": 1.0}, ""agg"": ""learned""}",T4,1,2,1002,0.3371,0.4194,0.4571,101.3,False,
2026-10-06 00:27:41,A,A_efficientnet_b0_mlp,"{""grid"": {""alpha"": 1.0}, ""agg"": ""top8""}",T4,1,3,1003,0.3284,0.4609,0.4635,99.6,False,
2026-10-06 00:27:41,A,A_efficientnet_b0_mlp,"{""grid"": {""alpha"": 1.0}, ""agg"": ""top8""}",T4,1,4,1004,0.4166,0.2637,0.2917,107.4,False,
2026-10-06 00:27:41,A,A_efficientnet_b0_mlp,"{""grid"": {""alpha"": 1.0}, ""agg"": ""learned""}",T4,2,0,2000,0.3625,0.3819,0.4292,59.0,False,
2026-10-06 00:27:41,A,A_efficientnet_b0_mlp,"{""grid"": {""alpha"": 0.1}, ""agg"": ""learned""}",T4,2,1,2001,0.3323,0.3675,0.4019,55.2,False,
2026-10-06 00:27:41,A,A_efficientnet_b0_mlp,"{""grid"": {""alpha"": 1.0}, ""agg"": ""learned""}",T4,2,2,2002,0.4289,0.4822,0.5024,49.0,False,
2026-10-06 00:27:41,A,A_efficientnet_b0_mlp,"{""grid"": {""alpha"": 1.0}, ""agg"": ""median""}",T4,2,3,2003,0.3326,0.4393,0.4444,49.6,False,
2026-10-06 00:27:41,A,A_efficientnet_b0_mlp,"{""grid"": {""alpha"": 0.1}, ""agg"": ""learned""}",T4,2,4,2004,0.4062,0.4789,0.4603,49.7,False,
2026-10-06 00:29:21,B,B_mil_attn_biomedclip,"{""hidden"": 64, ""dropout"": 0.25, ""slice_drop"": 0.3, ""wd"": 0.0001, ""epochs"": 31, ""T"": 0.91, ""train_patient_mF1"": 0.7668}",T3,0,1,1,0.5321,0.3355,0.3341,110.8,False,16 configs x 3 inner folds
2026-10-06 00:32:39,B,B_mil_attn_biomedclip,"{""hidden"": 128, ""dropout"": 0.25, ""slice_drop"": 0.3, ""wd"": 0.0001, ""epochs"": 18, ""T"": 0.858, ""train_patient_mF1"": 0.6999}",T3,0,2,2,0.5619,0.4424,0.4414,198.4,False,16 configs x 3 inner folds
2026-10-06 00:34:45,B,B_mil_attn_biomedclip,"{""hidden"": 128, ""dropout"": 0.25, ""slice_drop"": 0.3, ""wd"": 0.0001, ""epochs"": 15, ""T"": 0.858, ""train_patient_mF1"": 0.7067}",T3,0,3,3,0.5108,0.566,0.6345,125.7,False,16 configs x 3 inner folds
2026-10-06 00:35:00,C,C_ft_effb0_partial_ema_mixup,"{""arch"": ""efficientnet_b0"", ""image_size"": 224, ""batch_size"": 32, ""epochs"": 25, ""lr_head"": 0.0003, ""lr_blocks"": 0.0001, ""weight_decay"": 0.01, ""unfreeze_stages"": 2, ""ema"": 0.999, ""mixup"": 0.2, ""aug_strength"": 1.0, ""warmup_epochs"": 1, ""patience"": 6, ""dropout"": 0.3, ""train_patient_mF1"": 0.7532, ""best_epoch"": 7}",T3,0,1,1,0.4333,0.418,0.4381,442.0,False,
2026-10-06 00:36:00,B,B_mil_attn_biomedclip,"{""hidden"": 64, ""dropout"": 0.25, ""slice_drop"": 0.3, ""wd"": 0.0001, ""epochs"": 29, ""T"": 1.086, ""train_patient_mF1"": 0.7255}",T3,0,4,4,0.4923,0.5009,0.5508,74.8,False,16 configs x 3 inner folds
2026-10-06 00:37:05,B,B_mil_attn_biomedclip,"{""hidden"": 128, ""dropout"": 0.5, ""slice_drop"": 0.3, ""wd"": 0.0001, ""epochs"": 24, ""T"": 0.965, ""train_patient_mF1"": 0.8036}",T3,1,0,1000,0.5494,0.3876,0.3968,65.1,False,16 configs x 3 inner folds
2026-10-06 00:37:11,A,A_efficientnet_b3_logreg,"{""grid"": {""C"": 1.0}, ""agg"": ""logmean""}",T4,0,0,0,0.3714,0.5569,0.5587,104.6,False,
2026-10-06 00:37:11,A,A_efficientnet_b3_logreg,"{""grid"": {""C"": 0.001}, ""agg"": ""top8""}",T4,0,1,1,0.3784,0.3359,0.3341,103.2,False,
2026-10-06 00:37:11,A,A_efficientnet_b3_logreg,"{""grid"": {""C"": 1.0}, ""agg"": ""top8""}",T4,0,2,2,0.395,0.4272,0.4219,121.1,False,
2026-10-06 00:37:11,A,A_efficientnet_b3_logreg,"{""grid"": {""C"": 0.01}, ""agg"": ""logmean""}",T4,0,3,3,0.383,0.3639,0.4044,75.7,False,
2026-10-06 00:37:11,A,A_efficientnet_b3_logreg,"{""grid"": {""C"": 0.01}, ""agg"": ""top8""}",T4,0,4,4,0.3329,0.3917,0.4268,81.2,False,
2026-10-06 00:37:11,A,A_efficientnet_b3_logreg,"{""grid"": {""C"": 0.1}, ""agg"": ""mean""}",T4,1,0,1000,0.4031,0.443,0.4444,106.5,False,
2026-10-06 00:37:11,A,A_efficientnet_b3_logreg,"{""grid"": {""C"": 1.0}, ""agg"": ""logmean""}",T4,1,1,1001,0.4023,0.375,0.3952,88.3,False,
2026-10-06 00:37:11,A,A_efficientnet_b3_logreg,"{""grid"": {""C"": 0.001}, ""agg"": ""logmean""}",T4,1,2,1002,0.3715,0.471,0.4952,87.4,False,
2026-10-06 00:37:11,A,A_efficientnet_b3_logreg,"{""grid"": {""C"": 0.001}, ""agg"": ""top8""}",T4,1,3,1003,0.3751,0.5125,0.5579,87.4,False,
2026-10-06 00:37:11,A,A_efficientnet_b3_logreg,"{""grid"": {""C"": 0.01}, ""agg"": ""mean""}",T4,1,4,1004,0.3988,0.2821,0.2917,79.0,False,
2026-10-06 00:37:11,A,A_efficientnet_b3_logreg,"{""grid"": {""C"": 0.1}, ""agg"": ""logmean""}",T4,2,0,2000,0.3734,0.3586,0.3722,61.3,False,
2026-10-06 00:37:11,A,A_efficientnet_b3_logreg,"{""grid"": {""C"": 0.001}, ""agg"": ""mean""}",T4,2,1,2001,0.3684,0.3395,0.3827,56.7,False,
2026-10-06 00:37:11,A,A_efficientnet_b3_logreg,"{""grid"": {""C"": 0.01}, ""agg"": ""mean""}",T4,2,2,2002,0.3664,0.4778,0.4849,61.7,False,
2026-10-06 00:37:11,A,A_efficientnet_b3_logreg,"{""grid"": {""C"": 0.001}, ""agg"": ""mean""}",T4,2,3,2003,0.3806,0.5,0.5444,56.1,False,
2026-10-06 00:37:11,A,A_efficientnet_b3_logreg,"{""grid"": {""C"": 0.001}, ""agg"": ""trimmed""}",T4,2,4,2004,0.3434,0.5576,0.5476,53.3,False,
2026-10-06 00:37:19,A,A_efficientnet_b3_linsvm,"{""grid"": {""C"": 0.0001}, ""agg"": ""median""}",T4,0,0,0,0.3785,0.4837,0.4873,84.0,False,
2026-10-06 00:37:19,A,A_efficientnet_b3_linsvm,"{""grid"": {""C"": 0.001}, ""agg"": ""median""}",T4,0,1,1,0.3805,0.4458,0.4389,83.4,False,
2026-10-06 00:37:19,A,A_efficientnet_b3_linsvm,"{""grid"": {""C"": 0.001}, ""agg"": ""median""}",T4,0,2,2,0.4103,0.4307,0.4359,84.4,False,
2026-10-06 00:37:19,A,A_efficientnet_b3_linsvm,"{""grid"": {""C"": 0.01}, ""agg"": ""logmean""}",T4,0,3,3,0.3809,0.398,0.4342,76.9,False,
2026-10-06 00:37:19,A,A_efficientnet_b3_linsvm,"{""grid"": {""C"": 0.001}, ""agg"": ""top8""}",T4,0,4,4,0.3373,0.4305,0.4571,79.6,False,
2026-10-06 00:37:19,A,A_efficientnet_b3_linsvm,"{""grid"": {""C"": 0.0001}, ""agg"": ""top8""}",T4,1,0,1000,0.3836,0.4722,0.4698,82.7,False,
2026-10-06 00:37:19,A,A_efficientnet_b3_linsvm,"{""grid"": {""C"": 0.01}, ""agg"": ""trimmed""}",T4,1,1,1001,0.409,0.3215,0.3385,81.2,False,
2026-10-06 00:37:19,A,A_efficientnet_b3_linsvm,"{""grid"": {""C"": 0.0001}, ""agg"": ""top8""}",T4,1,2,1002,0.3616,0.5393,0.5746,81.7,False,
2026-10-06 00:37:19,A,A_efficientnet_b3_linsvm,"{""grid"": {""C"": 0.0001}, ""agg"": ""trimmed""}",T4,1,3,1003,0.3595,0.5407,0.5817,80.7,False,
2026-10-06 00:37:19,A,A_efficientnet_b3_linsvm,"{""grid"": {""C"": 0.001}, ""agg"": ""mean""}",T4,1,4,1004,0.3938,0.2738,0.2875,75.5,False,
2026-10-06 00:37:19,A,A_efficientnet_b3_linsvm,"{""grid"": {""C"": 0.01}, ""agg"": ""logmean""}",T4,2,0,2000,0.4022,0.2955,0.308,46.7,False,
2026-10-06 00:37:19,A,A_efficientnet_b3_linsvm,"{""grid"": {""C"": 0.0001}, ""agg"": ""logmean""}",T4,2,1,2001,0.3518,0.3395,0.3827,44.5,False,
2026-10-06 00:37:19,A,A_efficientnet_b3_linsvm,"{""grid"": {""C"": 0.01}, ""agg"": ""top8""}",T4,2,2,2002,0.3649,0.5034,0.5103,50.2,False,
2026-10-06 00:37:19,A,A_efficientnet_b3_linsvm,"{""grid"": {""C"": 0.001}, ""agg"": ""mean""}",T4,2,3,2003,0.375,0.5075,0.5167,47.8,False,
2026-10-06 00:37:19,A,A_efficientnet_b3_linsvm,"{""grid"": {""C"": 0.001}, ""agg"": ""learned""}",T4,2,4,2004,0.3448,0.4167,0.5079,46.9,False,
2026-10-06 00:37:27,A,A_efficientnet_b3_ridge,"{""grid"": {""alpha"": 10.0}, ""agg"": ""mean""}",T4,0,0,0,0.3854,0.5518,0.5667,38.5,False,
2026-10-06 00:37:27,A,A_efficientnet_b3_ridge,"{""grid"": {""alpha"": 10.0}, ""agg"": ""logmean""}",T4,0,1,1,0.3986,0.3508,0.3508,38.9,False,
2026-10-06 00:37:27,A,A_efficientnet_b3_ridge,"{""grid"": {""alpha"": 100.0}, ""agg"": ""mean""}",T4,0,2,2,0.4089,0.4556,0.4615,43.2,False,
2026-10-06 00:37:27,A,A_efficientnet_b3_ridge,"{""grid"": {""alpha"": 10.0}, ""agg"": ""top8""}",T4,0,3,3,0.3912,0.3974,0.4342,34.7,False,
2026-10-06 00:37:27,A,A_efficientnet_b3_ridge,"{""grid"": {""alpha"": 10.0}, ""agg"": ""mean""}",T4,0,4,4,0.3342,0.3899,0.4268,38.2,False,
2026-10-06 00:37:27,A,A_efficientnet_b3_ridge,"{""grid"": {""alpha"": 1000.0}, ""agg"": ""logmean""}",T4,1,0,1000,0.4047,0.4939,0.4929,39.0,False,
2026-10-06 00:37:27,A,A_efficientnet_b3_ridge,"{""grid"": {""alpha"": 10.0}, ""agg"": ""top8""}",T4,1,1,1001,0.3771,0.3225,0.3452,35.3,False,
2026-10-06 00:37:27,A,A_efficientnet_b3_ridge,"{""grid"": {""alpha"": 10.0}, ""agg"": ""top8""}",T4,1,2,1002,0.3842,0.522,0.5675,36.7,False,
2026-10-06 00:37:27,A,A_efficientnet_b3_ridge,"{""grid"": {""alpha"": 1000.0}, ""agg"": ""median""}",T4,1,3,1003,0.3586,0.5407,0.5817,37.3,False,
2026-10-06 00:37:27,A,A_efficientnet_b3_ridge,"{""grid"": {""alpha"": 100.0}, ""agg"": ""top8""}",T4,1,4,1004,0.3847,0.2955,0.3042,35.2,False,
2026-10-06 00:37:27,A,A_efficientnet_b3_ridge,"{""grid"": {""alpha"": 1000.0}, ""agg"": ""learned""}",T4,2,0,2000,0.4018,0.2988,0.3756,23.8,False,
2026-10-06 00:37:27,A,A_efficientnet_b3_ridge,"{""grid"": {""alpha"": 100.0}, ""agg"": ""median""}",T4,2,1,2001,0.3547,0.3379,0.3827,23.0,False,
2026-10-06 00:37:27,A,A_efficientnet_b3_ridge,"{""grid"": {""alpha"": 10.0}, ""agg"": ""top8""}",T4,2,2,2002,0.355,0.5396,0.5492,23.2,False,
2026-10-06 00:37:27,A,A_efficientnet_b3_ridge,"{""grid"": {""alpha"": 10.0}, ""agg"": ""mean""}",T4,2,3,2003,0.3736,0.5032,0.5167,22.3,False,
2026-10-06 00:37:27,A,A_efficientnet_b3_ridge,"{""grid"": {""alpha"": 10.0}, ""agg"": ""top8""}",T4,2,4,2004,0.3435,0.5023,0.5,21.6,False,
2026-10-06 00:37:35,A,A_efficientnet_b3_lgbm,"{""grid"": {""num_leaves"": 7}, ""agg"": ""learned""}",T4,0,0,0,0.3241,0.4239,0.3508,184.0,False,
2026-10-06 00:37:35,A,A_efficientnet_b3_lgbm,"{""grid"": {""num_leaves"": 7}, ""agg"": ""top8""}",T4,0,1,1,0.3218,0.4165,0.3984,184.2,False,
2026-10-06 00:37:35,A,A_efficientnet_b3_lgbm,"{""grid"": {""num_leaves"": 7}, ""agg"": ""logmean""}",T4,0,2,2,0.3739,0.4317,0.4316,182.9,False,
2026-10-06 00:37:35,A,A_efficientnet_b3_lgbm,"{""grid"": {""num_leaves"": 7}, ""agg"": ""logmean""}",T4,0,3,3,0.3679,0.2988,0.3044,167.4,False,
2026-10-06 00:37:35,A,A_efficientnet_b3_lgbm,"{""grid"": {""num_leaves"": 7}, ""agg"": ""learned""}",T4,0,4,4,0.3072,0.2625,0.2679,174.1,False,
2026-10-06 00:37:35,A,A_efficientnet_b3_lgbm,"{""grid"": {""num_leaves"": 7}, ""agg"": ""top8""}",T4,1,0,1000,0.3598,0.3228,0.3429,181.5,False,
2026-10-06 00:37:35,A,A_efficientnet_b3_lgbm,"{""grid"": {""num_leaves"": 7}, ""agg"": ""top8""}",T4,1,1,1001,0.3552,0.3528,0.3644,172.8,False,
2026-10-06 00:37:35,A,A_efficientnet_b3_lgbm,"{""grid"": {""num_leaves"": 7}, ""agg"": ""median""}",T4,1,2,1002,0.3252,0.4847,0.4873,171.1,False,
2026-10-06 00:37:35,A,A_efficientnet_b3_lgbm,"{""grid"": {""num_leaves"": 7}, ""agg"": ""learned""}",T4,1,3,1003,0.3332,0.4148,0.5183,183.3,False,
2026-10-06 00:37:35,A,A_efficientnet_b3_lgbm,"{""grid"": {""num_leaves"": 7}, ""agg"": ""median""}",T4,1,4,1004,0.3579,0.3014,0.3083,161.1,False,
2026-10-06 00:37:35,A,A_efficientnet_b3_lgbm,"{""grid"": {""num_leaves"": 7}, ""agg"": ""mean""}",T4,2,0,2000,0.3561,0.2769,0.2757,100.6,False,
2026-10-06 00:37:35,A,A_efficientnet_b3_lgbm,"{""grid"": {""num_leaves"": 7}, ""agg"": ""logmean""}",T4,2,1,2001,0.3452,0.3714,0.3837,99.5,False,
2026-10-06 00:37:35,A,A_efficientnet_b3_lgbm,"{""grid"": {""num_leaves"": 7}, ""agg"": ""top8""}",T4,2,2,2002,0.3304,0.4993,0.5087,105.9,False,
2026-10-06 00:37:35,A,A_efficientnet_b3_lgbm,"{""grid"": {""num_leaves"": 7}, ""agg"": ""top8""}",T4,2,3,2003,0.3423,0.4872,0.5,103.7,False,
2026-10-06 00:37:35,A,A_efficientnet_b3_lgbm,"{""grid"": {""num_leaves"": 7}, ""agg"": ""trimmed""}",T4,2,4,2004,0.3427,0.4147,0.4444,105.2,False,
2026-10-06 00:37:37,B,B_mil_attn_biomedclip,"{""hidden"": 128, ""dropout"": 0.25, ""slice_drop"": 0.0, ""wd"": 0.0001, ""epochs"": 22, ""T"": 1.086, ""train_patient_mF1"": 0.742}",T3,1,1,1001,0.4947,0.6583,0.6774,32.4,False,16 configs x 3 inner folds
2026-10-06 00:37:44,A,A_efficientnet_b3_mlp,"{""grid"": {""alpha"": 1.0}, ""agg"": ""trimmed""}",T4,0,0,0,0.343,0.5554,0.5516,113.1,False,
2026-10-06 00:37:44,A,A_efficientnet_b3_mlp,"{""grid"": {""alpha"": 1.0}, ""agg"": ""logmean""}",T4,0,1,1,0.3415,0.2993,0.319,108.5,False,
2026-10-06 00:37:44,A,A_efficientnet_b3_mlp,"{""grid"": {""alpha"": 0.1}, ""agg"": ""mean""}",T4,0,2,2,0.3851,0.5021,0.4951,108.9,False,
2026-10-06 00:37:44,A,A_efficientnet_b3_mlp,"{""grid"": {""alpha"": 1.0}, ""agg"": ""logmean""}",T4,0,3,3,0.3745,0.3207,0.3307,104.7,False,
2026-10-06 00:37:44,A,A_efficientnet_b3_mlp,"{""grid"": {""alpha"": 0.1}, ""agg"": ""learned""}",T4,0,4,4,0.3291,0.2667,0.2268,110.7,False,
2026-10-06 00:37:44,A,A_efficientnet_b3_mlp,"{""grid"": {""alpha"": 0.1}, ""agg"": ""median""}",T4,1,0,1000,0.3589,0.447,0.4389,113.2,False,
2026-10-06 00:37:44,A,A_efficientnet_b3_mlp,"{""grid"": {""alpha"": 0.1}, ""agg"": ""trimmed""}",T4,1,1,1001,0.3847,0.3196,0.326,109.7,False,
2026-10-06 00:37:44,A,A_efficientnet_b3_mlp,"{""grid"": {""alpha"": 1.0}, ""agg"": ""learned""}",T4,1,2,1002,0.326,0.4158,0.4476,107.1,False,
2026-10-06 00:37:44,A,A_efficientnet_b3_mlp,"{""grid"": {""alpha"": 1.0}, ""agg"": ""mean""}",T4,1,3,1003,0.3116,0.5444,0.5444,118.3,False,
2026-10-06 00:37:44,A,A_efficientnet_b3_mlp,"{""grid"": {""alpha"": 1.0}, ""agg"": ""trimmed""}",T4,1,4,1004,0.3744,0.2861,0.2917,107.3,False,
2026-10-06 00:37:44,A,A_efficientnet_b3_mlp,"{""grid"": {""alpha"": 1.0}, ""agg"": ""learned""}",T4,2,0,2000,0.3884,0.391,0.4138,64.5,False,
2026-10-06 00:37:44,A,A_efficientnet_b3_mlp,"{""grid"": {""alpha"": 1.0}, ""agg"": ""median""}",T4,2,1,2001,0.3405,0.33,0.3337,66.3,False,
2026-10-06 00:37:44,A,A_efficientnet_b3_mlp,"{""grid"": {""alpha"": 1.0}, ""agg"": ""top8""}",T4,2,2,2002,0.3429,0.5101,0.5175,55.9,False,
2026-10-06 00:37:44,A,A_efficientnet_b3_mlp,"{""grid"": {""alpha"": 0.1}, ""agg"": ""median""}",T4,2,3,2003,0.3165,0.3472,0.3722,57.8,False,
2026-10-06 00:37:44,A,A_efficientnet_b3_mlp,"{""grid"": {""alpha"": 0.1}, ""agg"": ""logmean""}",T4,2,4,2004,0.3087,0.3595,0.3889,61.2,False,
2026-10-06 00:40:30,B,B_mil_attn_biomedclip,"{""hidden"": 128, ""dropout"": 0.25, ""slice_drop"": 0.3, ""wd"": 0.0001, ""epochs"": 19, ""T"": 0.965, ""train_patient_mF1"": 0.7225}",T3,1,2,1002,0.4967,0.4393,0.5032,172.8,False,16 configs x 3 inner folds
2026-10-06 00:40:43,C,C_ft_effb0_partial_ema_mixup,"{""arch"": ""efficientnet_b0"", ""image_size"": 224, ""batch_size"": 32, ""epochs"": 25, ""lr_head"": 0.0003, ""lr_blocks"": 0.0001, ""weight_decay"": 0.01, ""unfreeze_stages"": 2, ""ema"": 0.999, ""mixup"": 0.2, ""aug_strength"": 1.0, ""warmup_epochs"": 1, ""patience"": 6, ""dropout"": 0.3, ""train_patient_mF1"": 0.8067, ""best_epoch"": 9}",T3,0,2,2,0.5814,0.5778,0.5702,343.5,False,
2026-10-06 00:43:39,B,B_mil_attn_biomedclip,"{""hidden"": 128, ""dropout"": 0.5, ""slice_drop"": 0.3, ""wd"": 0.0001, ""epochs"": 22, ""T"": 0.858, ""train_patient_mF1"": 0.7384}",T3,1,3,1003,0.4934,0.4944,0.573,189.3,False,16 configs x 3 inner folds
2026-10-06 00:44:58,B,B_mil_attn_biomedclip,"{""hidden"": 128, ""dropout"": 0.25, ""slice_drop"": 0.3, ""wd"": 0.0001, ""epochs"": 18, ""T"": 0.858, ""train_patient_mF1"": 0.7193}",T3,1,4,1004,0.4942,0.521,0.5611,79.3,False,16 configs x 3 inner folds
2026-10-06 00:46:12,B,B_mil_attn_biomedclip,"{""hidden"": 64, ""dropout"": 0.5, ""slice_drop"": 0.3, ""wd"": 0.0001, ""epochs"": 29, ""T"": 0.965, ""train_patient_mF1"": 0.7536}",T3,2,0,2000,0.5313,0.3476,0.3659,73.5,False,16 configs x 3 inner folds
2026-10-06 00:46:37,A,A_convnext_tiny_logreg,"{""grid"": {""C"": 0.001}, ""agg"": ""logmean""}",T4,0,0,0,0.399,0.509,0.519,67.9,False,
2026-10-06 00:46:37,A,A_convnext_tiny_logreg,"{""grid"": {""C"": 0.001}, ""agg"": ""median""}",T4,0,1,1,0.4071,0.4165,0.423,74.5,False,
2026-10-06 00:46:37,A,A_convnext_tiny_logreg,"{""grid"": {""C"": 1.0}, ""agg"": ""median""}",T4,0,2,2,0.3876,0.4402,0.4414,82.7,False,
2026-10-06 00:46:37,A,A_convnext_tiny_logreg,"{""grid"": {""C"": 0.01}, ""agg"": ""top8""}",T4,0,3,3,0.4203,0.2917,0.3009,70.4,False,
2026-10-06 00:46:37,A,A_convnext_tiny_logreg,"{""grid"": {""C"": 0.01}, ""agg"": ""mean""}",T4,0,4,4,0.3578,0.47,0.5232,63.9,False,
2026-10-06 00:46:37,A,A_convnext_tiny_logreg,"{""grid"": {""C"": 0.001}, ""agg"": ""median""}",T4,1,0,1000,0.3856,0.4772,0.4778,67.5,False,
2026-10-06 00:46:37,A,A_convnext_tiny_logreg,"{""grid"": {""C"": 0.01}, ""agg"": ""trimmed""}",T4,1,1,1001,0.3862,0.3573,0.3712,61.5,False,
2026-10-06 00:46:37,A,A_convnext_tiny_logreg,"{""grid"": {""C"": 0.01}, ""agg"": ""logmean""}",T4,1,2,1002,0.4022,0.4122,0.423,71.8,False,
2026-10-06 00:46:37,A,A_convnext_tiny_logreg,"{""grid"": {""C"": 0.001}, ""agg"": ""top8""}",T4,1,3,1003,0.3871,0.5438,0.6135,68.3,False,
2026-10-06 00:46:37,A,A_convnext_tiny_logreg,"{""grid"": {""C"": 0.001}, ""agg"": ""learned""}",T4,1,4,1004,0.3903,0.4247,0.4542,63.4,False,
2026-10-06 00:46:37,A,A_convnext_tiny_logreg,"{""grid"": {""C"": 0.1}, ""agg"": ""mean""}",T4,2,0,2000,0.3917,0.3718,0.3853,48.8,False,
2026-10-06 00:46:37,A,A_convnext_tiny_logreg,"{""grid"": {""C"": 0.1}, ""agg"": ""top8""}",T4,2,1,2001,0.395,0.322,0.3452,43.9,False,
2026-10-06 00:46:37,A,A_convnext_tiny_logreg,"{""grid"": {""C"": 0.1}, ""agg"": ""learned""}",T4,2,2,2002,0.4286,0.344,0.4127,44.7,False,
2026-10-06 00:46:37,A,A_convnext_tiny_logreg,"{""grid"": {""C"": 0.001}, ""agg"": ""mean""}",T4,2,3,2003,0.3715,0.4441,0.4556,40.7,False,
2026-10-06 00:46:37,A,A_convnext_tiny_logreg,"{""grid"": {""C"": 0.001}, ""agg"": ""top8""}",T4,2,4,2004,0.3646,0.5154,0.5238,41.0,False,
2026-10-06 00:46:45,B,B_mil_attn_biomedclip,"{""hidden"": 64, ""dropout"": 0.5, ""slice_drop"": 0.3, ""wd"": 0.0001, ""epochs"": 31, ""T"": 0.809, ""train_patient_mF1"": 0.7521}",T3,2,1,2001,0.5338,0.6291,0.6517,33.5,False,16 configs x 3 inner folds
2026-10-06 00:46:46,A,A_convnext_tiny_linsvm,"{""grid"": {""C"": 0.0001}, ""agg"": ""logmean""}",T4,0,0,0,0.3993,0.4479,0.4563,73.9,False,
2026-10-06 00:46:46,A,A_convnext_tiny_linsvm,"{""grid"": {""C"": 0.001}, ""agg"": ""top8""}",T4,0,1,1,0.3811,0.477,0.4802,74.5,False,
2026-10-06 00:46:46,A,A_convnext_tiny_linsvm,"{""grid"": {""C"": 0.0001}, ""agg"": ""median""}",T4,0,2,2,0.3788,0.4924,0.4969,72.2,False,
2026-10-06 00:46:46,A,A_convnext_tiny_linsvm,"{""grid"": {""C"": 0.001}, ""agg"": ""top8""}",T4,0,3,3,0.4094,0.3278,0.3342,74.1,False,
2026-10-06 00:46:46,A,A_convnext_tiny_linsvm,"{""grid"": {""C"": 0.01}, ""agg"": ""median""}",T4,0,4,4,0.3715,0.5008,0.5482,78.4,False,
2026-10-06 00:46:46,A,A_convnext_tiny_linsvm,"{""grid"": {""C"": 0.0001}, ""agg"": ""top8""}",T4,1,0,1000,0.3891,0.4013,0.4063,75.3,False,
2026-10-06 00:46:46,A,A_convnext_tiny_linsvm,"{""grid"": {""C"": 0.0001}, ""agg"": ""median""}",T4,1,1,1001,0.3758,0.418,0.4288,70.9,False,
2026-10-06 00:46:46,A,A_convnext_tiny_linsvm,"{""grid"": {""C"": 0.001}, ""agg"": ""trimmed""}",T4,1,2,1002,0.4031,0.5,0.519,76.1,False,
2026-10-06 00:46:46,A,A_convnext_tiny_linsvm,"{""grid"": {""C"": 0.0001}, ""agg"": ""top8""}",T4,1,3,1003,0.3783,0.5127,0.5579,74.0,False,
2026-10-06 00:46:46,A,A_convnext_tiny_linsvm,"{""grid"": {""C"": 0.0001}, ""agg"": ""mean""}",T4,1,4,1004,0.3834,0.3709,0.3875,70.2,False,
2026-10-06 00:46:46,A,A_convnext_tiny_linsvm,"{""grid"": {""C"": 0.001}, ""agg"": ""logmean""}",T4,2,0,2000,0.3953,0.3373,0.3437,43.0,False,
2026-10-06 00:46:46,A,A_convnext_tiny_linsvm,"{""grid"": {""C"": 0.0001}, ""agg"": ""top8""}",T4,2,1,2001,0.3875,0.3501,0.3952,39.5,False,
2026-10-06 00:46:46,A,A_convnext_tiny_linsvm,"{""grid"": {""C"": 0.0001}, ""agg"": ""mean""}",T4,2,2,2002,0.3476,0.4819,0.477,39.2,False,
2026-10-06 00:46:46,A,A_convnext_tiny_linsvm,"{""grid"": {""C"": 0.0001}, ""agg"": ""top8""}",T4,2,3,2003,0.3962,0.5581,0.5778,39.6,False,
2026-10-06 00:46:46,A,A_convnext_tiny_linsvm,"{""grid"": {""C"": 0.001}, ""agg"": ""trimmed""}",T4,2,4,2004,0.3417,0.4972,0.5,41.2,False,
2026-10-06 00:46:55,A,A_convnext_tiny_ridge,"{""grid"": {""alpha"": 10.0}, ""agg"": ""median""}",T4,0,0,0,0.3919,0.4333,0.4397,30.9,False,
2026-10-06 00:46:55,A,A_convnext_tiny_ridge,"{""grid"": {""alpha"": 1000.0}, ""agg"": ""mean""}",T4,0,1,1,0.3788,0.4114,0.423,32.6,False,
2026-10-06 00:46:55,A,A_convnext_tiny_ridge,"{""grid"": {""alpha"": 1000.0}, ""agg"": ""median""}",T4,0,2,2,0.386,0.4651,0.4713,33.4,False,
2026-10-06 00:46:55,A,A_convnext_tiny_ridge,"{""grid"": {""alpha"": 1000.0}, ""agg"": ""logmean""}",T4,0,3,3,0.4052,0.2917,0.3009,30.7,False,
2026-10-06 00:46:55,A,A_convnext_tiny_ridge,"{""grid"": {""alpha"": 1000.0}, ""agg"": ""top8""}",T4,0,4,4,0.3508,0.4456,0.5,30.7,False,
2026-10-06 00:46:55,A,A_convnext_tiny_ridge,"{""grid"": {""alpha"": 10.0}, ""agg"": ""top8""}",T4,1,0,1000,0.4045,0.3964,0.4063,30.9,False,
2026-10-06 00:46:55,A,A_convnext_tiny_ridge,"{""grid"": {""alpha"": 1000.0}, ""agg"": ""median""}",T4,1,1,1001,0.387,0.4099,0.4404,29.9,False,
2026-10-06 00:46:55,A,A_convnext_tiny_ridge,"{""grid"": {""alpha"": 10.0}, ""agg"": ""logmean""}",T4,1,2,1002,0.3811,0.4453,0.4714,32.4,False,
2026-10-06 00:46:55,A,A_convnext_tiny_ridge,"{""grid"": {""alpha"": 10.0}, ""agg"": ""mean""}",T4,1,3,1003,0.3602,0.4944,0.5413,30.9,False,
2026-10-06 00:46:55,A,A_convnext_tiny_ridge,"{""grid"": {""alpha"": 1000.0}, ""agg"": ""trimmed""}",T4,1,4,1004,0.3822,0.3709,0.3875,30.9,False,
2026-10-06 00:46:55,A,A_convnext_tiny_ridge,"{""grid"": {""alpha"": 1000.0}, ""agg"": ""mean""}",T4,2,0,2000,0.3898,0.3598,0.396,20.2,False,
2026-10-06 00:46:55,A,A_convnext_tiny_ridge,"{""grid"": {""alpha"": 1000.0}, ""agg"": ""top8""}",T4,2,1,2001,0.3842,0.3374,0.3827,18.6,False,
2026-10-06 00:46:55,A,A_convnext_tiny_ridge,"{""grid"": {""alpha"": 10.0}, ""agg"": ""trimmed""}",T4,2,2,2002,0.3792,0.4194,0.4056,18.2,False,
2026-10-06 00:46:55,A,A_convnext_tiny_ridge,"{""grid"": {""alpha"": 10.0}, ""agg"": ""mean""}",T4,2,3,2003,0.3639,0.4772,0.5222,17.7,False,
2026-10-06 00:46:55,A,A_convnext_tiny_ridge,"{""grid"": {""alpha"": 1000.0}, ""agg"": ""mean""}",T4,2,4,2004,0.3314,0.5594,0.5714,17.7,False,
2026-10-06 00:47:03,A,A_convnext_tiny_lgbm,"{""grid"": {""num_leaves"": 7}, ""agg"": ""mean""}",T4,0,0,0,0.3646,0.5332,0.5278,173.2,False,
2026-10-06 00:47:03,A,A_convnext_tiny_lgbm,"{""grid"": {""num_leaves"": 7}, ""agg"": ""top8""}",T4,0,1,1,0.357,0.5242,0.504,182.3,False,
2026-10-06 00:47:03,A,A_convnext_tiny_lgbm,"{""grid"": {""num_leaves"": 7}, ""agg"": ""mean""}",T4,0,2,2,0.3847,0.5212,0.5226,172.8,False,
2026-10-06 00:47:03,A,A_convnext_tiny_lgbm,"{""grid"": {""num_leaves"": 7}, ""agg"": ""mean""}",T4,0,3,3,0.3861,0.3105,0.3175,176.7,False,
2026-10-06 00:47:03,A,A_convnext_tiny_lgbm,"{""grid"": {""num_leaves"": 7}, ""agg"": ""median""}",T4,0,4,4,0.3755,0.4586,0.4679,162.0,False,
2026-10-06 00:47:03,A,A_convnext_tiny_lgbm,"{""grid"": {""num_leaves"": 7}, ""agg"": ""top8""}",T4,1,0,1000,0.3386,0.4556,0.4556,187.9,False,
2026-10-06 00:47:03,A,A_convnext_tiny_lgbm,"{""grid"": {""num_leaves"": 7}, ""agg"": ""logmean""}",T4,1,1,1001,0.3422,0.4287,0.4288,162.5,False,
2026-10-06 00:47:03,A,A_convnext_tiny_lgbm,"{""grid"": {""num_leaves"": 7}, ""agg"": ""mean""}",T4,1,2,1002,0.4019,0.4111,0.4079,173.7,False,
2026-10-06 00:47:03,A,A_convnext_tiny_lgbm,"{""grid"": {""num_leaves"": 7}, ""agg"": ""trimmed""}",T4,1,3,1003,0.3802,0.415,0.423,187.6,False,
2026-10-06 00:47:03,A,A_convnext_tiny_lgbm,"{""grid"": {""num_leaves"": 7}, ""agg"": ""top8""}",T4,1,4,1004,0.3656,0.3071,0.3167,173.8,False,
2026-10-06 00:47:03,A,A_convnext_tiny_lgbm,"{""grid"": {""num_leaves"": 7}, ""agg"": ""logmean""}",T4,2,0,2000,0.3703,0.2747,0.2757,95.6,False,
2026-10-06 00:47:03,A,A_convnext_tiny_lgbm,"{""grid"": {""num_leaves"": 7}, ""agg"": ""median""}",T4,2,1,2001,0.3627,0.3383,0.3519,95.2,False,
2026-10-06 00:47:03,A,A_convnext_tiny_lgbm,"{""grid"": {""num_leaves"": 7}, ""agg"": ""learned""}",T4,2,2,2002,0.3307,0.3123,0.2698,104.2,False,
2026-10-06 00:47:03,A,A_convnext_tiny_lgbm,"{""grid"": {""num_leaves"": 7}, ""agg"": ""mean""}",T4,2,3,2003,0.3865,0.4563,0.4722,101.4,False,
2026-10-06 00:47:03,A,A_convnext_tiny_lgbm,"{""grid"": {""num_leaves"": 7}, ""agg"": ""learned""}",T4,2,4,2004,0.3714,0.3514,0.3413,101.8,False,
2026-10-06 00:47:10,B,B_mil_attn_biomedclip,"{""hidden"": 64, ""dropout"": 0.25, ""slice_drop"": 0.3, ""wd"": 0.0001, ""epochs"": 24, ""T"": 0.965, ""train_patient_mF1"": 0.7127}",T3,2,2,2002,0.413,0.6026,0.6365,24.2,False,16 configs x 3 inner folds
2026-10-06 00:47:13,A,A_convnext_tiny_mlp,"{""grid"": {""alpha"": 0.1}, ""agg"": ""median""}",T4,0,0,0,0.384,0.4635,0.4635,106.3,False,
2026-10-06 00:47:13,A,A_convnext_tiny_mlp,"{""grid"": {""alpha"": 1.0}, ""agg"": ""mean""}",T4,0,1,1,0.3389,0.4834,0.4722,109.3,False,
2026-10-06 00:47:13,A,A_convnext_tiny_mlp,"{""grid"": {""alpha"": 0.1}, ""agg"": ""logmean""}",T4,0,2,2,0.39,0.5092,0.5049,113.4,False,
2026-10-06 00:47:13,A,A_convnext_tiny_mlp,"{""grid"": {""alpha"": 0.1}, ""agg"": ""trimmed""}",T4,0,3,3,0.3948,0.3394,0.3474,113.5,False,
2026-10-06 00:47:13,A,A_convnext_tiny_mlp,"{""grid"": {""alpha"": 0.1}, ""agg"": ""median""}",T4,0,4,4,0.3386,0.468,0.4732,103.7,False,
2026-10-06 00:47:13,A,A_convnext_tiny_mlp,"{""grid"": {""alpha"": 1.0}, ""agg"": ""learned""}",T4,1,0,1000,0.4669,0.4495,0.5008,115.2,False,
2026-10-06 00:47:13,A,A_convnext_tiny_mlp,"{""grid"": {""alpha"": 1.0}, ""agg"": ""median""}",T4,1,1,1001,0.3494,0.3212,0.3154,100.2,False,
2026-10-06 00:47:13,A,A_convnext_tiny_mlp,"{""grid"": {""alpha"": 1.0}, ""agg"": ""median""}",T4,1,2,1002,0.382,0.3344,0.3619,108.6,False,
2026-10-06 00:47:13,A,A_convnext_tiny_mlp,"{""grid"": {""alpha"": 0.1}, ""agg"": ""learned""}",T4,1,3,1003,0.3915,0.4426,0.5183,111.7,False,
2026-10-06 00:47:13,A,A_convnext_tiny_mlp,"{""grid"": {""alpha"": 1.0}, ""agg"": ""learned""}",T4,1,4,1004,0.3487,0.3461,0.3333,114.7,False,
2026-10-06 00:47:13,A,A_convnext_tiny_mlp,"{""grid"": {""alpha"": 0.1}, ""agg"": ""top8""}",T4,2,0,2000,0.3811,0.2743,0.2794,62.8,False,
2026-10-06 00:47:13,A,A_convnext_tiny_mlp,"{""grid"": {""alpha"": 0.1}, ""agg"": ""learned""}",T4,2,1,2001,0.3555,0.3139,0.3327,53.9,False,
2026-10-06 00:47:13,A,A_convnext_tiny_mlp,"{""grid"": {""alpha"": 1.0}, ""agg"": ""learned""}",T4,2,2,2002,0.4384,0.3796,0.3976,53.9,False,
2026-10-06 00:47:13,A,A_convnext_tiny_mlp,"{""grid"": {""alpha"": 0.1}, ""agg"": ""logmean""}",T4,2,3,2003,0.3543,0.477,0.4889,49.0,False,
2026-10-06 00:47:13,A,A_convnext_tiny_mlp,"{""grid"": {""alpha"": 1.0}, ""agg"": ""learned""}",T4,2,4,2004,0.3577,0.3445,0.3413,52.2,False,
2026-10-06 00:47:18,C,C_ft_effb0_partial_ema_mixup,"{""arch"": ""efficientnet_b0"", ""image_size"": 224, ""batch_size"": 32, ""epochs"": 25, ""lr_head"": 0.0003, ""lr_blocks"": 0.0001, ""weight_decay"": 0.01, ""unfreeze_stages"": 2, ""ema"": 0.999, ""mixup"": 0.2, ""aug_strength"": 1.0, ""warmup_epochs"": 1, ""patience"": 6, ""dropout"": 0.3, ""train_patient_mF1"": 0.8087, ""best_epoch"": 12}",T3,0,3,3,0.4418,0.4158,0.5076,394.3,False,
2026-10-06 00:50:22,B,B_mil_attn_biomedclip,"{""hidden"": 128, ""dropout"": 0.5, ""slice_drop"": 0.0, ""wd"": 0.0001, ""epochs"": 21, ""T"": 1.024, ""train_patient_mF1"": 0.7264}",T3,2,3,2003,0.5248,0.5211,0.5611,192.6,False,16 configs x 3 inner folds
2026-10-06 00:52:54,B,B_mil_attn_biomedclip,"{""hidden"": 64, ""dropout"": 0.25, ""slice_drop"": 0.0, ""wd"": 0.0001, ""epochs"": 34, ""T"": 1.151, ""train_patient_mF1"": 0.8084}",T3,2,4,2004,0.4927,0.5706,0.6032,152.2,False,16 configs x 3 inner folds
2026-10-06 00:55:25,B,B_mil_mean_biomedclip,"{""hidden"": 128, ""dropout"": 0.5, ""slice_drop"": 0.0, ""wd"": 0.0001, ""epochs"": 21, ""T"": 1.024, ""train_patient_mF1"": 0.7494}",T3,0,0,0,0.4943,0.4827,0.5024,119.7,False,16 configs x 3 inner folds
2026-10-06 00:55:56,C,C_ft_effb0_partial_ema_mixup,"{""arch"": ""efficientnet_b0"", ""image_size"": 224, ""batch_size"": 32, ""epochs"": 25, ""lr_head"": 0.0003, ""lr_blocks"": 0.0001, ""weight_decay"": 0.01, ""unfreeze_stages"": 2, ""ema"": 0.999, ""mixup"": 0.2, ""aug_strength"": 1.0, ""warmup_epochs"": 1, ""patience"": 6, ""dropout"": 0.3, ""train_patient_mF1"": 0.6926, ""best_epoch"": 9}",T3,0,4,4,0.5073,0.4658,0.5397,518.2,False,
2026-10-06 00:57:16,B,B_mil_mean_biomedclip,"{""hidden"": 128, ""dropout"": 0.5, ""slice_drop"": 0.3, ""wd"": 0.0001, ""epochs"": 26, ""T"": 0.858, ""train_patient_mF1"": 0.7734}",T3,0,1,1,0.5228,0.4374,0.4373,111.5,False,16 configs x 3 inner folds
2026-10-06 00:58:17,B,B_mil_mean_biomedclip,"{""hidden"": 64, ""dropout"": 0.25, ""slice_drop"": 0.0, ""wd"": 0.0001, ""epochs"": 33, ""T"": 1.086, ""train_patient_mF1"": 0.7894}",T3,0,2,2,0.4977,0.4428,0.4414,60.6,False,16 configs x 3 inner folds
2026-10-06 00:58:28,A,A_dinov2_vits14_logreg,"{""grid"": {""C"": 0.01}, ""agg"": ""median""}",T4,0,0,0,0.3703,0.5392,0.55,47.8,False,
2026-10-06 00:58:28,A,A_dinov2_vits14_logreg,"{""grid"": {""C"": 0.001}, ""agg"": ""trimmed""}",T4,0,1,1,0.3737,0.4674,0.4706,44.3,False,
2026-10-06 00:58:28,A,A_dinov2_vits14_logreg,"{""grid"": {""C"": 0.001}, ""agg"": ""logmean""}",T4,0,2,2,0.39,0.4567,0.4615,44.2,False,
2026-10-06 00:58:28,A,A_dinov2_vits14_logreg,"{""grid"": {""C"": 1.0}, ""agg"": ""mean""}",T4,0,3,3,0.3944,0.4423,0.4974,49.9,False,
2026-10-06 00:58:28,A,A_dinov2_vits14_logreg,"{""grid"": {""C"": 0.01}, ""agg"": ""logmean""}",T4,0,4,4,0.3727,0.3874,0.4,49.5,False,
2026-10-06 00:58:28,A,A_dinov2_vits14_logreg,"{""grid"": {""C"": 0.01}, ""agg"": ""mean""}",T4,1,0,1000,0.4216,0.4823,0.4778,46.3,False,
2026-10-06 00:58:28,A,A_dinov2_vits14_logreg,"{""grid"": {""C"": 0.001}, ""agg"": ""logmean""}",T4,1,1,1001,0.4223,0.3634,0.4019,40.3,False,
2026-10-06 00:58:28,A,A_dinov2_vits14_logreg,"{""grid"": {""C"": 0.01}, ""agg"": ""learned""}",T4,1,2,1002,0.393,0.4611,0.496,50.8,False,
2026-10-06 00:58:28,A,A_dinov2_vits14_logreg,"{""grid"": {""C"": 0.01}, ""agg"": ""trimmed""}",T4,1,3,1003,0.3872,0.4977,0.5413,48.7,False,
2026-10-06 00:58:28,A,A_dinov2_vits14_logreg,"{""grid"": {""C"": 1.0}, ""agg"": ""top8""}",T4,1,4,1004,0.3799,0.4715,0.5125,50.8,False,
2026-10-06 00:58:28,A,A_dinov2_vits14_logreg,"{""grid"": {""C"": 0.001}, ""agg"": ""logmean""}",T4,2,0,2000,0.405,0.2985,0.3233,31.8,False,
2026-10-06 00:58:28,A,A_dinov2_vits14_logreg,"{""grid"": {""C"": 0.01}, ""agg"": ""trimmed""}",T4,2,1,2001,0.386,0.3554,0.3712,25.8,False,
2026-10-06 00:58:28,A,A_dinov2_vits14_logreg,"{""grid"": {""C"": 0.001}, ""agg"": ""logmean""}",T4,2,2,2002,0.3556,0.5216,0.5183,26.4,False,
2026-10-06 00:58:28,A,A_dinov2_vits14_logreg,"{""grid"": {""C"": 1.0}, ""agg"": ""median""}",T4,2,3,2003,0.3696,0.5674,0.5667,32.6,False,
2026-10-06 00:58:28,A,A_dinov2_vits14_logreg,"{""grid"": {""C"": 0.1}, ""agg"": ""median""}",T4,2,4,2004,0.3677,0.4116,0.4127,29.4,False,
2026-10-06 00:58:49,A,A_dinov2_vits14_linsvm,"{""grid"": {""C"": 0.0001}, ""agg"": ""median""}",T4,0,0,0,0.3548,0.5094,0.5095,66.8,False,
2026-10-06 00:58:49,A,A_dinov2_vits14_linsvm,"{""grid"": {""C"": 0.0001}, ""agg"": ""trimmed""}",T4,0,1,1,0.3835,0.4151,0.4151,65.5,False,
2026-10-06 00:58:49,A,A_dinov2_vits14_linsvm,"{""grid"": {""C"": 0.001}, ""agg"": ""top8""}",T4,0,2,2,0.3993,0.3945,0.3962,68.5,False,
2026-10-06 00:58:49,A,A_dinov2_vits14_linsvm,"{""grid"": {""C"": 0.0001}, ""agg"": ""logmean""}",T4,0,3,3,0.3852,0.3578,0.3711,62.6,False,
2026-10-06 00:58:49,A,A_dinov2_vits14_linsvm,"{""grid"": {""C"": 0.001}, ""agg"": ""trimmed""}",T4,0,4,4,0.3704,0.3471,0.3643,65.6,False,
2026-10-06 00:58:49,A,A_dinov2_vits14_linsvm,"{""grid"": {""C"": 0.01}, ""agg"": ""top8""}",T4,1,0,1000,0.4293,0.4706,0.4706,68.1,False,
2026-10-06 00:58:49,A,A_dinov2_vits14_linsvm,"{""grid"": {""C"": 0.0001}, ""agg"": ""mean""}",T4,1,1,1001,0.4034,0.3802,0.3962,63.3,False,
2026-10-06 00:58:49,A,A_dinov2_vits14_linsvm,"{""grid"": {""C"": 0.001}, ""agg"": ""trimmed""}",T4,1,2,1002,0.3819,0.5091,0.5111,67.6,False,
2026-10-06 00:58:49,A,A_dinov2_vits14_linsvm,"{""grid"": {""C"": 0.01}, ""agg"": ""trimmed""}",T4,1,3,1003,0.3571,0.4647,0.4857,67.8,False,
2026-10-06 00:58:49,A,A_dinov2_vits14_linsvm,"{""grid"": {""C"": 0.0001}, ""agg"": ""mean""}",T4,1,4,1004,0.36,0.3457,0.3667,62.8,False,
2026-10-06 00:58:49,A,A_dinov2_vits14_linsvm,"{""grid"": {""C"": 0.0001}, ""agg"": ""mean""}",T4,2,0,2000,0.4034,0.3059,0.3233,33.1,False,
2026-10-06 00:58:49,A,A_dinov2_vits14_linsvm,"{""grid"": {""C"": 0.0001}, ""agg"": ""logmean""}",T4,2,1,2001,0.3785,0.3373,0.3827,33.4,False,
2026-10-06 00:58:49,A,A_dinov2_vits14_linsvm,"{""grid"": {""C"": 0.0001}, ""agg"": ""trimmed""}",T4,2,2,2002,0.3615,0.5725,0.5659,37.0,False,
2026-10-06 00:58:49,A,A_dinov2_vits14_linsvm,"{""grid"": {""C"": 0.0001}, ""agg"": ""logmean""}",T4,2,3,2003,0.363,0.4933,0.5111,48.6,False,
2026-10-06 00:58:49,A,A_dinov2_vits14_linsvm,"{""grid"": {""C"": 0.001}, ""agg"": ""median""}",T4,2,4,2004,0.3685,0.4359,0.4444,49.5,False,
2026-10-06 00:58:56,B,B_mil_mean_biomedclip,"{""hidden"": 64, ""dropout"": 0.25, ""slice_drop"": 0.0, ""wd"": 0.0001, ""epochs"": 28, ""T"": 0.91, ""train_patient_mF1"": 0.7627}",T3,0,3,3,0.5083,0.537,0.6123,38.7,False,16 configs x 3 inner folds
2026-10-06 00:59:11,A,A_dinov2_vits14_ridge,"{""grid"": {""alpha"": 1000.0}, ""agg"": ""logmean""}",T4,0,0,0,0.3822,0.4597,0.4786,25.7,False,
2026-10-06 00:59:11,A,A_dinov2_vits14_ridge,"{""grid"": {""alpha"": 10.0}, ""agg"": ""median""}",T4,0,1,1,0.3695,0.4097,0.4381,26.0,False,
2026-10-06 00:59:11,A,A_dinov2_vits14_ridge,"{""grid"": {""alpha"": 100.0}, ""agg"": ""top8""}",T4,0,2,2,0.405,0.4194,0.42,25.2,False,
2026-10-06 00:59:11,A,A_dinov2_vits14_ridge,"{""grid"": {""alpha"": 1000.0}, ""agg"": ""learned""}",T4,0,3,3,0.3799,0.3164,0.4377,25.4,False,
2026-10-06 00:59:11,A,A_dinov2_vits14_ridge,"{""grid"": {""alpha"": 10.0}, ""agg"": ""mean""}",T4,0,4,4,0.3765,0.3894,0.4268,25.8,False,
2026-10-06 00:59:11,A,A_dinov2_vits14_ridge,"{""grid"": {""alpha"": 10.0}, ""agg"": ""mean""}",T4,1,0,1000,0.4017,0.4713,0.4929,25.1,False,
2026-10-06 00:59:12,A,A_dinov2_vits14_ridge,"{""grid"": {""alpha"": 1000.0}, ""agg"": ""top8""}",T4,1,1,1001,0.3963,0.4011,0.4337,24.2,False,
2026-10-06 00:59:12,A,A_dinov2_vits14_ridge,"{""grid"": {""alpha"": 10.0}, ""agg"": ""median""}",T4,1,2,1002,0.3557,0.4173,0.4151,26.2,False,
2026-10-06 00:59:12,A,A_dinov2_vits14_ridge,"{""grid"": {""alpha"": 100.0}, ""agg"": ""top8""}",T4,1,3,1003,0.3511,0.4959,0.5413,25.5,False,
2026-10-06 00:59:12,A,A_dinov2_vits14_ridge,"{""grid"": {""alpha"": 1000.0}, ""agg"": ""trimmed""}",T4,1,4,1004,0.3586,0.3489,0.4,25.2,False,
2026-10-06 00:59:12,A,A_dinov2_vits14_ridge,"{""grid"": {""alpha"": 1000.0}, ""agg"": ""mean""}",T4,2,0,2000,0.3916,0.2955,0.3233,14.6,False,
2026-10-06 00:59:12,A,A_dinov2_vits14_ridge,"{""grid"": {""alpha"": 1000.0}, ""agg"": ""trimmed""}",T4,2,1,2001,0.3802,0.3632,0.4327,14.1,False,
2026-10-06 00:59:12,A,A_dinov2_vits14_ridge,"{""grid"": {""alpha"": 10.0}, ""agg"": ""learned""}",T4,2,2,2002,0.3612,0.2862,0.2365,16.5,False,
2026-10-06 00:59:12,A,A_dinov2_vits14_ridge,"{""grid"": {""alpha"": 10.0}, ""agg"": ""trimmed""}",T4,2,3,2003,0.3633,0.5514,0.5611,18.3,False,
2026-10-06 00:59:12,A,A_dinov2_vits14_ridge,"{""grid"": {""alpha"": 100.0}, ""agg"": ""logmean""}",T4,2,4,2004,0.3595,0.3877,0.4127,17.8,False,
2026-10-06 00:59:26,A,A_dinov2_vits14_lgbm,"{""grid"": {""num_leaves"": 7}, ""agg"": ""median""}",T4,0,0,0,0.3804,0.5013,0.5016,173.3,False,
2026-10-06 00:59:26,A,A_dinov2_vits14_lgbm,"{""grid"": {""num_leaves"": 7}, ""agg"": ""mean""}",T4,0,1,1,0.3811,0.5056,0.4944,165.5,False,
2026-10-06 00:59:26,A,A_dinov2_vits14_lgbm,"{""grid"": {""num_leaves"": 7}, ""agg"": ""trimmed""}",T4,0,2,2,0.404,0.4092,0.406,172.2,False,
2026-10-06 00:59:26,A,A_dinov2_vits14_lgbm,"{""grid"": {""num_leaves"": 7}, ""agg"": ""trimmed""}",T4,0,3,3,0.3972,0.3373,0.3544,162.4,False,
2026-10-06 00:59:26,A,A_dinov2_vits14_lgbm,"{""grid"": {""num_leaves"": 7}, ""agg"": ""median""}",T4,0,4,4,0.3672,0.4313,0.4429,160.8,False,
2026-10-06 00:59:26,A,A_dinov2_vits14_lgbm,"{""grid"": {""num_leaves"": 7}, ""agg"": ""top8""}",T4,1,0,1000,0.3951,0.4772,0.4778,171.2,False,
2026-10-06 00:59:26,A,A_dinov2_vits14_lgbm,"{""grid"": {""num_leaves"": 15}, ""agg"": ""logmean""}",T4,1,1,1001,0.381,0.4147,0.4029,174.8,False,
2026-10-06 00:59:26,A,A_dinov2_vits14_lgbm,"{""grid"": {""num_leaves"": 7}, ""agg"": ""trimmed""}",T4,1,2,1002,0.3944,0.3297,0.3357,172.1,False,
2026-10-06 00:59:26,A,A_dinov2_vits14_lgbm,"{""grid"": {""num_leaves"": 7}, ""agg"": ""top8""}",T4,1,3,1003,0.3711,0.4686,0.4857,168.6,False,
2026-10-06 00:59:26,A,A_dinov2_vits14_lgbm,"{""grid"": {""num_leaves"": 7}, ""agg"": ""top8""}",T4,1,4,1004,0.3774,0.3444,0.3667,156.6,False,
2026-10-06 00:59:26,A,A_dinov2_vits14_lgbm,"{""grid"": {""num_leaves"": 7}, ""agg"": ""learned""}",T4,2,0,2000,0.4065,0.3039,0.3471,150.1,False,
2026-10-06 00:59:26,A,A_dinov2_vits14_lgbm,"{""grid"": {""num_leaves"": 7}, ""agg"": ""logmean""}",T4,2,1,2001,0.3944,0.4019,0.4163,161.3,False,
2026-10-06 00:59:26,A,A_dinov2_vits14_lgbm,"{""grid"": {""num_leaves"": 15}, ""agg"": ""learned""}",T4,2,2,2002,0.3552,0.2958,0.231,190.0,False,
2026-10-06 00:59:26,A,A_dinov2_vits14_lgbm,"{""grid"": {""num_leaves"": 15}, ""agg"": ""trimmed""}",T4,2,3,2003,0.3246,0.5917,0.5833,235.2,False,
2026-10-06 00:59:26,A,A_dinov2_vits14_lgbm,"{""grid"": {""num_leaves"": 15}, ""agg"": ""top8""}",T4,2,4,2004,0.3537,0.5365,0.5317,218.3,False,
2026-10-06 00:59:45,B,B_mil_mean_biomedclip,"{""hidden"": 64, ""dropout"": 0.25, ""slice_drop"": 0.0, ""wd"": 0.0001, ""epochs"": 31, ""T"": 1.086, ""train_patient_mF1"": 0.7728}",T3,0,4,4,0.4864,0.4835,0.5341,49.7,False,16 configs x 3 inner folds
2026-10-06 00:59:49,A,A_dinov2_vits14_mlp,"{""grid"": {""alpha"": 1.0}, ""agg"": ""trimmed""}",T4,0,0,0,0.3756,0.532,0.5254,100.8,False,
2026-10-06 00:59:49,A,A_dinov2_vits14_mlp,"{""grid"": {""alpha"": 0.1}, ""agg"": ""top8""}",T4,0,1,1,0.3535,0.4888,0.4889,96.0,False,
2026-10-06 00:59:50,A,A_dinov2_vits14_mlp,"{""grid"": {""alpha"": 1.0}, ""agg"": ""top8""}",T4,0,2,2,0.3542,0.3671,0.3822,101.4,False,
2026-10-06 00:59:50,A,A_dinov2_vits14_mlp,"{""grid"": {""alpha"": 0.1}, ""agg"": ""learned""}",T4,0,3,3,0.4174,0.3123,0.414,109.8,False,
2026-10-06 00:59:50,A,A_dinov2_vits14_mlp,"{""grid"": {""alpha"": 1.0}, ""agg"": ""logmean""}",T4,0,4,4,0.3374,0.3473,0.3518,101.8,False,
2026-10-06 00:59:50,A,A_dinov2_vits14_mlp,"{""grid"": {""alpha"": 0.1}, ""agg"": ""trimmed""}",T4,1,0,1000,0.4114,0.3816,0.3746,99.4,False,
2026-10-06 00:59:50,A,A_dinov2_vits14_mlp,"{""grid"": {""alpha"": 1.0}, ""agg"": ""top8""}",T4,1,1,1001,0.3735,0.3528,0.3577,105.4,False,
2026-10-06 00:59:50,A,A_dinov2_vits14_mlp,"{""grid"": {""alpha"": 1.0}, ""agg"": ""logmean""}",T4,1,2,1002,0.3686,0.432,0.4571,100.0,False,
2026-10-06 00:59:50,A,A_dinov2_vits14_mlp,"{""grid"": {""alpha"": 1.0}, ""agg"": ""median""}",T4,1,3,1003,0.3556,0.5514,0.5516,102.1,False,
2026-10-06 00:59:50,A,A_dinov2_vits14_mlp,"{""grid"": {""alpha"": 0.1}, ""agg"": ""mean""}",T4,1,4,1004,0.3654,0.3458,0.35,90.1,False,
2026-10-06 00:59:50,A,A_dinov2_vits14_mlp,"{""grid"": {""alpha"": 1.0}, ""agg"": ""learned""}",T4,2,0,2000,0.4094,0.5838,0.6638,113.9,False,
2026-10-06 00:59:50,A,A_dinov2_vits14_mlp,"{""grid"": {""alpha"": 1.0}, ""agg"": ""trimmed""}",T4,2,1,2001,0.3654,0.2959,0.3077,110.1,False,
2026-10-06 00:59:50,A,A_dinov2_vits14_mlp,"{""grid"": {""alpha"": 0.1}, ""agg"": ""median""}",T4,2,2,2002,0.3617,0.6161,0.6063,120.8,False,
2026-10-06 00:59:50,A,A_dinov2_vits14_mlp,"{""grid"": {""alpha"": 0.1}, ""agg"": ""learned""}",T4,2,3,2003,0.3375,0.4079,0.4167,114.8,False,
2026-10-06 00:59:50,A,A_dinov2_vits14_mlp,"{""grid"": {""alpha"": 0.1}, ""agg"": ""mean""}",T4,2,4,2004,0.3556,0.3546,0.373,120.9,False,
2026-10-06 01:02:53,B,B_mil_mean_biomedclip,"{""hidden"": 128, ""dropout"": 0.25, ""slice_drop"": 0.0, ""wd"": 0.0001, ""epochs"": 31, ""T"": 0.965, ""train_patient_mF1"": 0.8116}",T3,1,0,1000,0.558,0.3876,0.3968,187.6,False,16 configs x 3 inner folds
2026-10-06 01:06:21,B,B_mil_mean_biomedclip,"{""hidden"": 128, ""dropout"": 0.25, ""slice_drop"": 0.0, ""wd"": 0.0001, ""epochs"": 22, ""T"": 1.024, ""train_patient_mF1"": 0.7298}",T3,1,1,1001,0.4967,0.5764,0.5872,207.8,False,16 configs x 3 inner folds
2026-10-06 01:10:31,B,B_mil_mean_biomedclip,"{""hidden"": 128, ""dropout"": 0.5, ""slice_drop"": 0.0, ""wd"": 0.0001, ""epochs"": 27, ""T"": 1.086, ""train_patient_mF1"": 0.7889}",T3,1,2,1002,0.5245,0.4699,0.4952,250.0,False,16 configs x 3 inner folds
2026-10-06 01:12:57,B,B_mil_mean_biomedclip,"{""hidden"": 64, ""dropout"": 0.25, ""slice_drop"": 0.3, ""wd"": 0.0001, ""epochs"": 30, ""T"": 0.858, ""train_patient_mF1"": 0.7529}",T3,1,3,1003,0.5291,0.4947,0.573,145.8,False,16 configs x 3 inner folds
2026-10-06 01:14:11,C,C_ft_effb0_partial_ema_mixup,"{""arch"": ""efficientnet_b0"", ""image_size"": 224, ""batch_size"": 32, ""epochs"": 25, ""lr_head"": 0.0003, ""lr_blocks"": 0.0001, ""weight_decay"": 0.01, ""unfreeze_stages"": 2, ""ema"": 0.999, ""mixup"": 0.2, ""aug_strength"": 1.0, ""warmup_epochs"": 1, ""patience"": 6, ""dropout"": 0.3, ""train_patient_mF1"": 0.7816, ""best_epoch"": 11}",T3,1,0,1000,0.4193,0.4762,0.4952,1094.1,False,
2026-10-06 01:14:47,B,B_mil_mean_biomedclip,"{""hidden"": 128, ""dropout"": 0.25, ""slice_drop"": 0.0, ""wd"": 0.0001, ""epochs"": 19, ""T"": 0.91, ""train_patient_mF1"": 0.7257}",T3,1,4,1004,0.5076,0.5258,0.5944,109.7,False,16 configs x 3 inner folds
2026-10-06 01:15:45,E,E_autoselect_A,"{""picked"": ""A_resnet50_lgbm""}",T2,0,0,,0.7435,,,,False,selection by inner score
2026-10-06 01:15:45,E,E_autoselect_A,"{""picked"": ""A_resnet50_mlp""}",T2,0,1,,0.7995,,,,False,selection by inner score
2026-10-06 01:15:45,E,E_autoselect_A,"{""picked"": ""A_dinov2_vits14_mlp""}",T2,0,2,,0.7246,,,,False,selection by inner score
2026-10-06 01:15:45,E,E_autoselect_A,"{""picked"": ""A_resnet50_logreg""}",T2,0,3,,0.7687,,,,False,selection by inner score
2026-10-06 01:15:45,E,E_autoselect_A,"{""picked"": ""A_resnet50_logreg""}",T2,0,4,,0.7103,,,,False,selection by inner score
2026-10-06 01:15:45,E,E_autoselect_A,"{""picked"": ""A_dinov2_vits14_linsvm""}",T2,1,0,,0.7937,,,,False,selection by inner score
2026-10-06 01:15:45,E,E_autoselect_A,"{""picked"": ""A_efficientnet_b0_mlp""}",T2,1,1,,0.7635,,,,False,selection by inner score
2026-10-06 01:15:45,E,E_autoselect_A,"{""picked"": ""A_resnet50_lgbm""}",T2,1,2,,0.7496,,,,False,selection by inner score
2026-10-06 01:15:45,E,E_autoselect_A,"{""picked"": ""A_efficientnet_b0_mlp""}",T2,1,3,,0.7429,,,,False,selection by inner score
2026-10-06 01:15:45,E,E_autoselect_A,"{""picked"": ""A_resnet50_logreg""}",T2,1,4,,0.7479,,,,False,selection by inner score
2026-10-06 01:15:46,E,E_autoselect_A,"{""picked"": ""A_convnext_tiny_mlp""}",T2,2,0,,0.7872,,,,False,selection by inner score
2026-10-06 01:15:46,E,E_autoselect_A,"{""picked"": ""A_convnext_tiny_logreg""}",T2,2,1,,0.7323,,,,False,selection by inner score
2026-10-06 01:15:46,E,E_autoselect_A,"{""picked"": ""A_resnet50_lgbm""}",T2,2,2,,0.7496,,,,False,selection by inner score
2026-10-06 01:15:46,E,E_autoselect_A,"{""picked"": ""A_biomedclip_lgbm""}",T2,2,3,,0.7304,,,,False,selection by inner score
2026-10-06 01:15:46,E,E_autoselect_A,"{""picked"": ""A_resnet50_logreg""}",T2,2,4,,0.7482,,,,False,selection by inner score
2026-10-06 01:17:10,B,B_mil_mean_biomedclip,"{""hidden"": 64, ""dropout"": 0.5, ""slice_drop"": 0.0, ""wd"": 0.0001, ""epochs"": 29, ""T"": 0.91, ""train_patient_mF1"": 0.7382}",T3,2,0,2000,0.5464,0.3407,0.3659,143.8,False,16 configs x 3 inner folds
2026-10-06 01:19:37,B,B_mil_mean_biomedclip,"{""hidden"": 128, ""dropout"": 0.25, ""slice_drop"": 0.0, ""wd"": 0.0001, ""epochs"": 18, ""T"": 0.965, ""train_patient_mF1"": 0.7181}",T3,2,1,2001,0.4911,0.5807,0.6094,146.5,False,16 configs x 3 inner folds
2026-10-06 01:21:44,B,B_mil_mean_biomedclip,"{""hidden"": 64, ""dropout"": 0.5, ""slice_drop"": 0.0, ""wd"": 0.0001, ""epochs"": 25, ""T"": 0.965, ""train_patient_mF1"": 0.6987}",T3,2,2,2002,0.4625,0.6115,0.6683,126.4,False,16 configs x 3 inner folds
2026-10-06 01:22:24,A,A_dinov2_vitb14_logreg,"{""grid"": {""C"": 0.001}, ""agg"": ""top8""}",T4,0,0,0,0.3442,0.4228,0.4548,158.3,False,
2026-10-06 01:22:24,A,A_dinov2_vitb14_logreg,"{""grid"": {""C"": 0.001}, ""agg"": ""top8""}",T4,0,1,1,0.3518,0.3752,0.3825,160.4,False,
2026-10-06 01:22:24,A,A_dinov2_vitb14_logreg,"{""grid"": {""C"": 0.001}, ""agg"": ""median""}",T4,0,2,2,0.3755,0.3844,0.3803,164.5,False,
2026-10-06 01:22:24,A,A_dinov2_vitb14_logreg,"{""grid"": {""C"": 0.01}, ""agg"": ""learned""}",T4,0,3,3,0.3795,0.4044,0.5009,142.7,False,
2026-10-06 01:22:24,A,A_dinov2_vitb14_logreg,"{""grid"": {""C"": 0.1}, ""agg"": ""logmean""}",T4,0,4,4,0.3248,0.4045,0.4375,188.2,False,
2026-10-06 01:22:24,A,A_dinov2_vitb14_logreg,"{""grid"": {""C"": 0.1}, ""agg"": ""learned""}",T4,1,0,1000,0.393,0.5472,0.5722,189.8,False,
2026-10-06 01:22:24,A,A_dinov2_vitb14_logreg,"{""grid"": {""C"": 0.01}, ""agg"": ""trimmed""}",T4,1,1,1001,0.3628,0.3251,0.3452,126.3,False,
2026-10-06 01:22:24,A,A_dinov2_vitb14_logreg,"{""grid"": {""C"": 0.01}, ""agg"": ""logmean""}",T4,1,2,1002,0.3658,0.4003,0.4063,185.2,False,
2026-10-06 01:22:24,A,A_dinov2_vitb14_logreg,"{""grid"": {""C"": 0.01}, ""agg"": ""mean""}",T4,1,3,1003,0.3843,0.4607,0.4857,171.6,False,
2026-10-06 01:22:24,A,A_dinov2_vitb14_logreg,"{""grid"": {""C"": 1.0}, ""agg"": ""median""}",T4,1,4,1004,0.3721,0.3575,0.3708,183.2,False,
2026-10-06 01:22:24,A,A_dinov2_vitb14_logreg,"{""grid"": {""C"": 0.01}, ""agg"": ""learned""}",T4,2,0,2000,0.3959,0.4578,0.6566,133.3,False,
2026-10-06 01:22:24,A,A_dinov2_vitb14_logreg,"{""grid"": {""C"": 0.001}, ""agg"": ""learned""}",T4,2,1,2001,0.3976,0.3642,0.4327,109.8,False,
2026-10-06 01:22:24,A,A_dinov2_vitb14_logreg,"{""grid"": {""C"": 0.001}, ""agg"": ""learned""}",T4,2,2,2002,0.3499,0.3637,0.3492,119.8,False,
2026-10-06 01:22:24,A,A_dinov2_vitb14_logreg,"{""grid"": {""C"": 0.1}, ""agg"": ""mean""}",T4,2,3,2003,0.314,0.411,0.4111,131.1,False,
2026-10-06 01:22:24,A,A_dinov2_vitb14_logreg,"{""grid"": {""C"": 0.01}, ""agg"": ""learned""}",T4,2,4,2004,0.3993,0.5679,0.5635,146.9,False,
2026-10-06 01:22:50,A,A_dinov2_vitb14_linsvm,"{""grid"": {""C"": 0.0001}, ""agg"": ""mean""}",T4,0,0,0,0.3129,0.4153,0.4381,156.0,False,
2026-10-06 01:22:50,A,A_dinov2_vitb14_linsvm,"{""grid"": {""C"": 0.0001}, ""agg"": ""median""}",T4,0,1,1,0.3431,0.3993,0.3897,153.3,False,
2026-10-06 01:22:50,A,A_dinov2_vitb14_linsvm,"{""grid"": {""C"": 0.0001}, ""agg"": ""median""}",T4,0,2,2,0.363,0.3706,0.3645,137.1,False,
2026-10-06 01:22:50,A,A_dinov2_vitb14_linsvm,"{""grid"": {""C"": 0.01}, ""agg"": ""top8""}",T4,0,3,3,0.3696,0.292,0.3009,178.3,False,
2026-10-06 01:22:50,A,A_dinov2_vitb14_linsvm,"{""grid"": {""C"": 0.001}, ""agg"": ""trimmed""}",T4,0,4,4,0.3154,0.3981,0.4321,158.6,False,
2026-10-06 01:22:50,A,A_dinov2_vitb14_linsvm,"{""grid"": {""C"": 0.001}, ""agg"": ""learned""}",T4,1,0,1000,0.4209,0.557,0.5722,161.7,False,
2026-10-06 01:22:50,A,A_dinov2_vitb14_linsvm,"{""grid"": {""C"": 0.001}, ""agg"": ""learned""}",T4,1,1,1001,0.3657,0.282,0.3317,145.7,False,
2026-10-06 01:22:50,A,A_dinov2_vitb14_linsvm,"{""grid"": {""C"": 0.001}, ""agg"": ""logmean""}",T4,1,2,1002,0.3574,0.4847,0.4873,165.8,False,
2026-10-06 01:22:50,A,A_dinov2_vitb14_linsvm,"{""grid"": {""C"": 0.001}, ""agg"": ""learned""}",T4,1,3,1003,0.3722,0.4681,0.4714,162.1,False,
2026-10-06 01:22:50,A,A_dinov2_vitb14_linsvm,"{""grid"": {""C"": 0.001}, ""agg"": ""logmean""}",T4,1,4,1004,0.3658,0.3539,0.3708,160.8,False,
2026-10-06 01:22:50,A,A_dinov2_vitb14_linsvm,"{""grid"": {""C"": 0.01}, ""agg"": ""learned""}",T4,2,0,2000,0.3816,0.3555,0.4436,148.9,False,
2026-10-06 01:22:50,A,A_dinov2_vitb14_linsvm,"{""grid"": {""C"": 0.001}, ""agg"": ""learned""}",T4,2,1,2001,0.3615,0.3652,0.4327,151.8,False,
2026-10-06 01:22:50,A,A_dinov2_vitb14_linsvm,"{""grid"": {""C"": 0.0001}, ""agg"": ""learned""}",T4,2,2,2002,0.3261,0.4444,0.4286,147.8,False,
2026-10-06 01:22:50,A,A_dinov2_vitb14_linsvm,"{""grid"": {""C"": 0.0001}, ""agg"": ""learned""}",T4,2,3,2003,0.3218,0.4138,0.4278,146.9,False,
2026-10-06 01:22:50,A,A_dinov2_vitb14_linsvm,"{""grid"": {""C"": 0.001}, ""agg"": ""learned""}",T4,2,4,2004,0.3581,0.4575,0.4524,177.3,False,
2026-10-06 01:23:01,B,B_mil_mean_biomedclip,"{""hidden"": 64, ""dropout"": 0.25, ""slice_drop"": 0.0, ""wd"": 0.0001, ""epochs"": 39, ""T"": 1.086, ""train_patient_mF1"": 0.8023}",T3,2,3,2003,0.5413,0.5779,0.6333,77.1,False,16 configs x 3 inner folds
2026-10-06 01:23:09,A,A_dinov2_vitb14_ridge,"{""grid"": {""alpha"": 1000.0}, ""agg"": ""learned""}",T4,0,0,0,0.3107,0.4456,0.4159,67.2,False,
2026-10-06 01:23:09,A,A_dinov2_vitb14_ridge,"{""grid"": {""alpha"": 1000.0}, ""agg"": ""logmean""}",T4,0,1,1,0.3395,0.3852,0.3825,68.8,False,
2026-10-06 01:23:09,A,A_dinov2_vitb14_ridge,"{""grid"": {""alpha"": 1000.0}, ""agg"": ""median""}",T4,0,2,2,0.3333,0.3633,0.3547,68.0,False,
2026-10-06 01:23:09,A,A_dinov2_vitb14_ridge,"{""grid"": {""alpha"": 1000.0}, ""agg"": ""learned""}",T4,0,3,3,0.3685,0.3662,0.4711,70.3,False,
2026-10-06 01:23:09,A,A_dinov2_vitb14_ridge,"{""grid"": {""alpha"": 10.0}, ""agg"": ""learned""}",T4,0,4,4,0.34,0.3677,0.4482,74.8,False,
2026-10-06 01:23:09,A,A_dinov2_vitb14_ridge,"{""grid"": {""alpha"": 10.0}, ""agg"": ""learned""}",T4,1,0,1000,0.4088,0.4823,0.5563,71.5,False,
2026-10-06 01:23:09,A,A_dinov2_vitb14_ridge,"{""grid"": {""alpha"": 100.0}, ""agg"": ""median""}",T4,1,1,1001,0.3528,0.3009,0.326,63.4,False,
2026-10-06 01:23:09,A,A_dinov2_vitb14_ridge,"{""grid"": {""alpha"": 1000.0}, ""agg"": ""logmean""}",T4,1,2,1002,0.3585,0.4476,0.4714,75.6,False,
2026-10-06 01:23:09,A,A_dinov2_vitb14_ridge,"{""grid"": {""alpha"": 1000.0}, ""agg"": ""mean""}",T4,1,3,1003,0.3711,0.4334,0.4619,70.5,False,
2026-10-06 01:23:09,A,A_dinov2_vitb14_ridge,"{""grid"": {""alpha"": 100.0}, ""agg"": ""median""}",T4,1,4,1004,0.3476,0.3496,0.3708,70.5,False,
2026-10-06 01:23:09,A,A_dinov2_vitb14_ridge,"{""grid"": {""alpha"": 1000.0}, ""agg"": ""learned""}",T4,2,0,2000,0.3582,0.3292,0.4305,60.3,False,
2026-10-06 01:23:09,A,A_dinov2_vitb14_ridge,"{""grid"": {""alpha"": 10.0}, ""agg"": ""mean""}",T4,2,1,2001,0.3525,0.2822,0.3135,61.2,False,
2026-10-06 01:23:09,A,A_dinov2_vitb14_ridge,"{""grid"": {""alpha"": 1000.0}, ""agg"": ""top8""}",T4,2,2,2002,0.315,0.4215,0.4278,61.1,False,
2026-10-06 01:23:09,A,A_dinov2_vitb14_ridge,"{""grid"": {""alpha"": 1000.0}, ""agg"": ""learned""}",T4,2,3,2003,0.3159,0.3627,0.3611,61.8,False,
2026-10-06 01:23:09,A,A_dinov2_vitb14_ridge,"{""grid"": {""alpha"": 10.0}, ""agg"": ""top8""}",T4,2,4,2004,0.3606,0.4908,0.5397,70.7,False,
2026-10-06 01:23:22,A,A_dinov2_vitb14_lgbm,"{""grid"": {""num_leaves"": 7}, ""agg"": ""learned""}",T4,0,0,0,0.3291,0.5029,0.5103,352.6,False,
2026-10-06 01:23:22,A,A_dinov2_vitb14_lgbm,"{""grid"": {""num_leaves"": 7}, ""agg"": ""learned""}",T4,0,1,1,0.35,0.392,0.381,331.5,False,
2026-10-06 01:23:22,A,A_dinov2_vitb14_lgbm,"{""grid"": {""num_leaves"": 7}, ""agg"": ""top8""}",T4,0,2,2,0.3668,0.3687,0.3645,332.9,False,
2026-10-06 01:23:22,A,A_dinov2_vitb14_lgbm,"{""grid"": {""num_leaves"": 7}, ""agg"": ""trimmed""}",T4,0,3,3,0.364,0.3173,0.3211,341.6,False,
2026-10-06 01:23:22,A,A_dinov2_vitb14_lgbm,"{""grid"": {""num_leaves"": 7}, ""agg"": ""trimmed""}",T4,0,4,4,0.3597,0.3721,0.3875,362.8,False,
2026-10-06 01:23:22,A,A_dinov2_vitb14_lgbm,"{""grid"": {""num_leaves"": 7}, ""agg"": ""median""}",T4,1,0,1000,0.3319,0.4697,0.4754,393.1,False,
2026-10-06 01:23:22,A,A_dinov2_vitb14_lgbm,"{""grid"": {""num_leaves"": 7}, ""agg"": ""mean""}",T4,1,1,1001,0.3609,0.4583,0.4721,335.0,False,
2026-10-06 01:23:22,A,A_dinov2_vitb14_lgbm,"{""grid"": {""num_leaves"": 7}, ""agg"": ""median""}",T4,1,2,1002,0.3854,0.4458,0.446,356.8,False,
2026-10-06 01:23:22,A,A_dinov2_vitb14_lgbm,"{""grid"": {""num_leaves"": 7}, ""agg"": ""mean""}",T4,1,3,1003,0.3493,0.4229,0.4302,386.9,False,
2026-10-06 01:23:22,A,A_dinov2_vitb14_lgbm,"{""grid"": {""num_leaves"": 7}, ""agg"": ""median""}",T4,1,4,1004,0.384,0.3659,0.375,308.0,False,
2026-10-06 01:23:22,A,A_dinov2_vitb14_lgbm,"{""grid"": {""num_leaves"": 7}, ""agg"": ""learned""}",T4,2,0,2000,0.3692,0.3957,0.584,283.0,False,
2026-10-06 01:23:22,A,A_dinov2_vitb14_lgbm,"{""grid"": {""num_leaves"": 7}, ""agg"": ""median""}",T4,2,1,2001,0.3646,0.2624,0.2702,310.1,False,
2026-10-06 01:23:22,A,A_dinov2_vitb14_lgbm,"{""grid"": {""num_leaves"": 7}, ""agg"": ""learned""}",T4,2,2,2002,0.3727,0.4885,0.5786,298.1,False,
2026-10-06 01:23:22,A,A_dinov2_vitb14_lgbm,"{""grid"": {""num_leaves"": 7}, ""agg"": ""learned""}",T4,2,3,2003,0.3261,0.4133,0.3722,300.5,False,
2026-10-06 01:23:22,A,A_dinov2_vitb14_lgbm,"{""grid"": {""num_leaves"": 7}, ""agg"": ""logmean""}",T4,2,4,2004,0.3571,0.5272,0.5238,302.9,False,
2026-10-06 01:23:38,A,A_dinov2_vitb14_mlp,"{""grid"": {""alpha"": 0.1}, ""agg"": ""learned""}",T4,0,0,0,0.3278,0.3611,0.3516,244.4,False,
2026-10-06 01:23:38,A,A_dinov2_vitb14_mlp,"{""grid"": {""alpha"": 1.0}, ""agg"": ""trimmed""}",T4,0,1,1,0.3353,0.4159,0.4151,225.6,False,
2026-10-06 01:23:38,A,A_dinov2_vitb14_mlp,"{""grid"": {""alpha"": 0.1}, ""agg"": ""mean""}",T4,0,2,2,0.3422,0.2974,0.315,271.0,False,
2026-10-06 01:23:38,A,A_dinov2_vitb14_mlp,"{""grid"": {""alpha"": 0.1}, ""agg"": ""mean""}",T4,0,3,3,0.3679,0.3013,0.314,241.7,False,
2026-10-06 01:23:38,A,A_dinov2_vitb14_mlp,"{""grid"": {""alpha"": 0.1}, ""agg"": ""learned""}",T4,0,4,4,0.3017,0.2286,0.2875,268.6,False,
2026-10-06 01:23:38,A,A_dinov2_vitb14_mlp,"{""grid"": {""alpha"": 1.0}, ""agg"": ""learned""}",T4,1,0,1000,0.3777,0.5133,0.5167,234.0,False,
2026-10-06 01:23:38,A,A_dinov2_vitb14_mlp,"{""grid"": {""alpha"": 1.0}, ""agg"": ""median""}",T4,1,1,1001,0.3506,0.3839,0.3712,247.2,False,
2026-10-06 01:23:38,A,A_dinov2_vitb14_mlp,"{""grid"": {""alpha"": 0.1}, ""agg"": ""logmean""}",T4,1,2,1002,0.3814,0.355,0.3762,225.6,False,
2026-10-06 01:23:38,A,A_dinov2_vitb14_mlp,"{""grid"": {""alpha"": 0.1}, ""agg"": ""learned""}",T4,1,3,1003,0.4379,0.3812,0.3437,241.0,False,
2026-10-06 01:23:39,A,A_dinov2_vitb14_mlp,"{""grid"": {""alpha"": 1.0}, ""agg"": ""mean""}",T4,1,4,1004,0.3457,0.3137,0.3208,204.6,False,
2026-10-06 01:23:39,A,A_dinov2_vitb14_mlp,"{""grid"": {""alpha"": 1.0}, ""agg"": ""top8""}",T4,2,0,2000,0.3684,0.2499,0.2531,164.4,False,
2026-10-06 01:23:39,A,A_dinov2_vitb14_mlp,"{""grid"": {""alpha"": 1.0}, ""agg"": ""top8""}",T4,2,1,2001,0.3611,0.3224,0.3452,163.5,False,
2026-10-06 01:23:39,A,A_dinov2_vitb14_mlp,"{""grid"": {""alpha"": 1.0}, ""agg"": ""learned""}",T4,2,2,2002,0.3673,0.4556,0.5643,152.3,False,
2026-10-06 01:23:39,A,A_dinov2_vitb14_mlp,"{""grid"": {""alpha"": 1.0}, ""agg"": ""learned""}",T4,2,3,2003,0.3534,0.5575,0.5778,161.2,False,
2026-10-06 01:23:39,A,A_dinov2_vitb14_mlp,"{""grid"": {""alpha"": 1.0}, ""agg"": ""learned""}",T4,2,4,2004,0.4008,0.5481,0.5556,162.1,False,
2026-10-06 01:24:21,B,B_mil_mean_biomedclip,"{""hidden"": 128, ""dropout"": 0.5, ""slice_drop"": 0.0, ""wd"": 0.0001, ""epochs"": 25, ""T"": 1.151, ""train_patient_mF1"": 0.7719}",T3,2,4,2004,0.5156,0.6327,0.6825,80.1,False,16 configs x 3 inner folds
2026-10-06 01:27:14,C,C_ft_effb0_partial_ema_mixup,"{""arch"": ""efficientnet_b0"", ""image_size"": 224, ""batch_size"": 32, ""epochs"": 25, ""lr_head"": 0.0003, ""lr_blocks"": 0.0001, ""weight_decay"": 0.01, ""unfreeze_stages"": 2, ""ema"": 0.999, ""mixup"": 0.2, ""aug_strength"": 1.0, ""warmup_epochs"": 1, ""patience"": 6, ""dropout"": 0.3, ""train_patient_mF1"": 0.675, ""best_epoch"": 7}",T3,1,1,1001,0.4973,0.4338,0.4756,780.6,False,
2026-10-06 01:39:25,B,B_mil_max_biomedclip,"{""hidden"": 128, ""dropout"": 0.5, ""slice_drop"": 0.3, ""wd"": 0.0001, ""epochs"": 16, ""T"": 0.809, ""train_patient_mF1"": 0.8442}",T3,0,0,0,0.5052,0.4976,0.519,560.0,False,16 configs x 3 inner folds
2026-10-06 01:42:44,B,B_mil_max_biomedclip,"{""hidden"": 64, ""dropout"": 0.25, ""slice_drop"": 0.3, ""wd"": 0.0001, ""epochs"": 26, ""T"": 0.858, ""train_patient_mF1"": 0.9049}",T3,0,1,1,0.5019,0.489,0.4778,199.3,False,16 configs x 3 inner folds
2026-10-06 01:44:01,A,A_biomedclip_logreg,"{""grid"": {""C"": 0.001}, ""agg"": ""mean""}",T4,0,0,0,0.3877,0.5104,0.5262,156.1,False,
2026-10-06 01:44:01,A,A_biomedclip_logreg,"{""grid"": {""C"": 1.0}, ""agg"": ""logmean""}",T4,0,1,1,0.4023,0.3802,0.3841,193.1,False,
2026-10-06 01:44:01,A,A_biomedclip_logreg,"{""grid"": {""C"": 0.1}, ""agg"": ""median""}",T4,0,2,2,0.408,0.4644,0.4884,204.6,False,
2026-10-06 01:44:01,A,A_biomedclip_logreg,"{""grid"": {""C"": 0.1}, ""agg"": ""top8""}",T4,0,3,3,0.4136,0.3566,0.4675,141.6,False,
2026-10-06 01:44:01,A,A_biomedclip_logreg,"{""grid"": {""C"": 0.01}, ""agg"": ""learned""}",T4,0,4,4,0.3848,0.3048,0.3804,156.4,False,
2026-10-06 01:44:01,A,A_biomedclip_logreg,"{""grid"": {""C"": 1.0}, ""agg"": ""logmean""}",T4,1,0,1000,0.4454,0.4169,0.4286,186.4,False,
2026-10-06 01:44:01,A,A_biomedclip_logreg,"{""grid"": {""C"": 0.01}, ""agg"": ""mean""}",T4,1,1,1001,0.3876,0.4021,0.4154,142.4,False,
2026-10-06 01:44:01,A,A_biomedclip_logreg,"{""grid"": {""C"": 1.0}, ""agg"": ""median""}",T4,1,2,1002,0.4028,0.5021,0.519,196.1,False,
2026-10-06 01:44:01,A,A_biomedclip_logreg,"{""grid"": {""C"": 0.001}, ""agg"": ""median""}",T4,1,3,1003,0.3879,0.5341,0.5968,189.9,False,
2026-10-06 01:44:01,A,A_biomedclip_logreg,"{""grid"": {""C"": 1.0}, ""agg"": ""logmean""}",T4,1,4,1004,0.4145,0.411,0.4167,230.8,False,
2026-10-06 01:44:01,A,A_biomedclip_logreg,"{""grid"": {""C"": 1.0}, ""agg"": ""logmean""}",T4,2,0,2000,0.4076,0.3316,0.3412,150.4,False,
2026-10-06 01:44:01,A,A_biomedclip_logreg,"{""grid"": {""C"": 0.001}, ""agg"": ""trimmed""}",T4,2,1,2001,0.3812,0.3445,0.3587,114.5,False,
2026-10-06 01:44:01,A,A_biomedclip_logreg,"{""grid"": {""C"": 0.01}, ""agg"": ""mean""}",T4,2,2,2002,0.3943,0.5034,0.5016,126.1,False,
2026-10-06 01:44:02,A,A_biomedclip_logreg,"{""grid"": {""C"": 0.001}, ""agg"": ""trimmed""}",T4,2,3,2003,0.3984,0.5611,0.6278,123.3,False,
2026-10-06 01:44:02,A,A_biomedclip_logreg,"{""grid"": {""C"": 0.01}, ""agg"": ""learned""}",T4,2,4,2004,0.4099,0.596,0.5952,126.1,False,
2026-10-06 01:44:20,A,A_biomedclip_linsvm,"{""grid"": {""C"": 0.01}, ""agg"": ""logmean""}",T4,0,0,0,0.3619,0.5839,0.5762,173.8,False,
2026-10-06 01:44:20,A,A_biomedclip_linsvm,"{""grid"": {""C"": 0.0001}, ""agg"": ""top8""}",T4,0,1,1,0.4779,0.3858,0.3897,153.1,False,
2026-10-06 01:44:20,A,A_biomedclip_linsvm,"{""grid"": {""C"": 0.001}, ""agg"": ""median""}",T4,0,2,2,0.3852,0.446,0.4414,181.5,False,
2026-10-06 01:44:20,A,A_biomedclip_linsvm,"{""grid"": {""C"": 0.001}, ""agg"": ""top8""}",T4,0,3,3,0.4065,0.3288,0.3509,149.8,False,
2026-10-06 01:44:20,A,A_biomedclip_linsvm,"{""grid"": {""C"": 0.01}, ""agg"": ""top8""}",T4,0,4,4,0.3974,0.4305,0.4571,198.3,False,
2026-10-06 01:44:20,A,A_biomedclip_linsvm,"{""grid"": {""C"": 0.01}, ""agg"": ""top8""}",T4,1,0,1000,0.448,0.3484,0.3738,167.2,False,
2026-10-06 01:44:20,A,A_biomedclip_linsvm,"{""grid"": {""C"": 0.0001}, ""agg"": ""logmean""}",T4,1,1,1001,0.3835,0.3926,0.4087,139.9,False,
2026-10-06 01:44:20,A,A_biomedclip_linsvm,"{""grid"": {""C"": 0.0001}, ""agg"": ""mean""}",T4,1,2,1002,0.4362,0.413,0.4794,153.5,False,
2026-10-06 01:44:20,A,A_biomedclip_linsvm,"{""grid"": {""C"": 0.0001}, ""agg"": ""logmean""}",T4,1,3,1003,0.451,0.551,0.6135,155.0,False,
2026-10-06 01:44:20,A,A_biomedclip_linsvm,"{""grid"": {""C"": 0.01}, ""agg"": ""logmean""}",T4,1,4,1004,0.3999,0.3327,0.35,244.0,False,
2026-10-06 01:44:20,A,A_biomedclip_linsvm,"{""grid"": {""C"": 0.01}, ""agg"": ""top8""}",T4,2,0,2000,0.4067,0.3047,0.3067,143.4,False,
2026-10-06 01:44:20,A,A_biomedclip_linsvm,"{""grid"": {""C"": 0.0001}, ""agg"": ""mean""}",T4,2,1,2001,0.3835,0.3511,0.3894,116.1,False,
2026-10-06 01:44:20,A,A_biomedclip_linsvm,"{""grid"": {""C"": 0.001}, ""agg"": ""mean""}",T4,2,2,2002,0.3758,0.5618,0.5587,122.9,False,
2026-10-06 01:44:20,A,A_biomedclip_linsvm,"{""grid"": {""C"": 0.0001}, ""agg"": ""median""}",T4,2,3,2003,0.4523,0.487,0.5667,109.4,False,
2026-10-06 01:44:20,A,A_biomedclip_linsvm,"{""grid"": {""C"": 0.001}, ""agg"": ""logmean""}",T4,2,4,2004,0.3818,0.6294,0.6349,99.1,False,
2026-10-06 01:44:48,A,A_biomedclip_ridge,"{""grid"": {""alpha"": 100.0}, ""agg"": ""trimmed""}",T4,0,0,0,0.3801,0.5509,0.5746,70.8,False,
2026-10-06 01:44:48,A,A_biomedclip_ridge,"{""grid"": {""alpha"": 1000.0}, ""agg"": ""mean""}",T4,0,1,1,0.3665,0.4339,0.4619,73.8,False,
2026-10-06 01:44:48,A,A_biomedclip_ridge,"{""grid"": {""alpha"": 1000.0}, ""agg"": ""top8""}",T4,0,2,2,0.397,0.4987,0.5012,86.0,False,
2026-10-06 01:44:48,A,A_biomedclip_ridge,"{""grid"": {""alpha"": 100.0}, ""agg"": ""mean""}",T4,0,3,3,0.4094,0.3558,0.4009,68.0,False,
2026-10-06 01:44:48,A,A_biomedclip_ridge,"{""grid"": {""alpha"": 1000.0}, ""agg"": ""median""}",T4,0,4,4,0.3849,0.3781,0.4411,82.5,False,
2026-10-06 01:44:48,A,A_biomedclip_ridge,"{""grid"": {""alpha"": 10.0}, ""agg"": ""mean""}",T4,1,0,1000,0.4147,0.4001,0.4214,71.8,False,
2026-10-06 01:44:48,A,A_biomedclip_ridge,"{""grid"": {""alpha"": 100.0}, ""agg"": ""mean""}",T4,1,1,1001,0.3777,0.4261,0.4587,60.5,False,
2026-10-06 01:44:48,A,A_biomedclip_ridge,"{""grid"": {""alpha"": 1000.0}, ""agg"": ""top8""}",T4,1,2,1002,0.3984,0.4469,0.5738,73.4,False,
2026-10-06 01:44:48,A,A_biomedclip_ridge,"{""grid"": {""alpha"": 10.0}, ""agg"": ""top8""}",T4,1,3,1003,0.3814,0.4882,0.5341,75.2,False,
2026-10-06 01:44:49,A,A_biomedclip_ridge,"{""grid"": {""alpha"": 100.0}, ""agg"": ""trimmed""}",T4,1,4,1004,0.387,0.3444,0.3833,101.5,False,
2026-10-06 01:44:49,A,A_biomedclip_ridge,"{""grid"": {""alpha"": 10.0}, ""agg"": ""top8""}",T4,2,0,2000,0.4113,0.3193,0.3412,62.8,False,
2026-10-06 01:44:49,A,A_biomedclip_ridge,"{""grid"": {""alpha"": 100.0}, ""agg"": ""mean""}",T4,2,1,2001,0.4018,0.3374,0.3827,50.4,False,
2026-10-06 01:44:49,A,A_biomedclip_ridge,"{""grid"": {""alpha"": 10.0}, ""agg"": ""mean""}",T4,2,2,2002,0.349,0.5091,0.5016,53.4,False,
2026-10-06 01:44:49,A,A_biomedclip_ridge,"{""grid"": {""alpha"": 100.0}, ""agg"": ""trimmed""}",T4,2,3,2003,0.4032,0.6028,0.6556,48.7,False,
2026-10-06 01:44:49,A,A_biomedclip_ridge,"{""grid"": {""alpha"": 100.0}, ""agg"": ""logmean""}",T4,2,4,2004,0.3573,0.6585,0.6825,45.5,False,
2026-10-06 01:45:02,C,C_ft_effb0_partial_ema_mixup,"{""arch"": ""efficientnet_b0"", ""image_size"": 224, ""batch_size"": 32, ""epochs"": 25, ""lr_head"": 0.0003, ""lr_blocks"": 0.0001, ""weight_decay"": 0.01, ""unfreeze_stages"": 2, ""ema"": 0.999, ""mixup"": 0.2, ""aug_strength"": 1.0, ""warmup_epochs"": 1, ""patience"": 6, ""dropout"": 0.3, ""train_patient_mF1"": 0.7826, ""best_epoch"": 9}",T3,1,2,1002,0.5571,0.5057,0.5825,1067.3,False,
2026-10-06 01:45:09,A,A_biomedclip_lgbm,"{""grid"": {""num_leaves"": 7}, ""agg"": ""mean""}",T4,0,0,0,0.3252,0.5619,0.5492,330.7,False,
2026-10-06 01:45:09,A,A_biomedclip_lgbm,"{""grid"": {""num_leaves"": 15}, ""agg"": ""mean""}",T4,0,1,1,0.3429,0.3105,0.3357,346.6,False,
2026-10-06 01:45:09,A,A_biomedclip_lgbm,"{""grid"": {""num_leaves"": 7}, ""agg"": ""top8""}",T4,0,2,2,0.3538,0.464,0.467,412.4,False,
2026-10-06 01:45:09,A,A_biomedclip_lgbm,"{""grid"": {""num_leaves"": 7}, ""agg"": ""logmean""}",T4,0,3,3,0.3665,0.3156,0.3211,283.6,False,
2026-10-06 01:45:09,A,A_biomedclip_lgbm,"{""grid"": {""num_leaves"": 7}, ""agg"": ""median""}",T4,0,4,4,0.3561,0.3622,0.375,399.1,False,
2026-10-06 01:45:09,A,A_biomedclip_lgbm,"{""grid"": {""num_leaves"": 7}, ""agg"": ""top8""}",T4,1,0,1000,0.4251,0.5146,0.5159,325.9,False,
2026-10-06 01:45:09,A,A_biomedclip_lgbm,"{""grid"": {""num_leaves"": 7}, ""agg"": ""top8""}",T4,1,1,1001,0.3648,0.3938,0.4029,301.3,False,
2026-10-06 01:45:09,A,A_biomedclip_lgbm,"{""grid"": {""num_leaves"": 7}, ""agg"": ""trimmed""}",T4,1,2,1002,0.3141,0.4884,0.4873,310.9,False,
2026-10-06 01:45:09,A,A_biomedclip_lgbm,"{""grid"": {""num_leaves"": 7}, ""agg"": ""median""}",T4,1,3,1003,0.3998,0.5165,0.5333,426.5,False,
2026-10-06 01:45:09,A,A_biomedclip_lgbm,"{""grid"": {""num_leaves"": 7}, ""agg"": ""median""}",T4,1,4,1004,0.3244,0.323,0.3375,413.6,False,
2026-10-06 01:45:09,A,A_biomedclip_lgbm,"{""grid"": {""num_leaves"": 7}, ""agg"": ""mean""}",T4,2,0,2000,0.4259,0.2796,0.2804,215.6,False,
2026-10-06 01:45:09,A,A_biomedclip_lgbm,"{""grid"": {""num_leaves"": 7}, ""agg"": ""mean""}",T4,2,1,2001,0.3602,0.3346,0.3519,209.3,False,
2026-10-06 01:45:09,A,A_biomedclip_lgbm,"{""grid"": {""num_leaves"": 7}, ""agg"": ""median""}",T4,2,2,2002,0.3763,0.4869,0.4865,230.8,False,
2026-10-06 01:45:09,A,A_biomedclip_lgbm,"{""grid"": {""num_leaves"": 7}, ""agg"": ""logmean""}",T4,2,3,2003,0.3553,0.6113,0.6556,229.9,False,
2026-10-06 01:45:10,A,A_biomedclip_lgbm,"{""grid"": {""num_leaves"": 7}, ""agg"": ""learned""}",T4,2,4,2004,0.3477,0.5204,0.6349,230.9,False,
2026-10-06 01:45:34,E,E_autoselect_A,"{""picked"": ""A_convnext_tiny_linsvm""}",T4,0,0,,0.3993,,,,False,selection by inner score
2026-10-06 01:45:34,E,E_autoselect_A,"{""picked"": ""A_biomedclip_linsvm""}",T4,0,1,,0.4779,,,,False,selection by inner score
2026-10-06 01:45:34,E,E_autoselect_A,"{""picked"": ""A_efficientnet_b3_linsvm""}",T4,0,2,,0.4103,,,,False,selection by inner score
2026-10-06 01:45:34,E,E_autoselect_A,"{""picked"": ""A_resnet50_linsvm""}",T4,0,3,,0.4403,,,,False,selection by inner score
2026-10-06 01:45:34,E,E_autoselect_A,"{""picked"": ""A_biomedclip_linsvm""}",T4,0,4,,0.3974,,,,False,selection by inner score
2026-10-06 01:45:34,E,E_autoselect_A,"{""picked"": ""A_convnext_tiny_mlp""}",T4,1,0,,0.4669,,,,False,selection by inner score
2026-10-06 01:45:34,E,E_autoselect_A,"{""picked"": ""A_dinov2_vits14_logreg""}",T4,1,1,,0.4223,,,,False,selection by inner score
2026-10-06 01:45:34,E,E_autoselect_A,"{""picked"": ""A_resnet50_ridge""}",T4,1,2,,0.56,,,,False,selection by inner score
2026-10-06 01:45:34,E,E_autoselect_A,"{""picked"": ""A_biomedclip_linsvm""}",T4,1,3,,0.451,,,,False,selection by inner score
2026-10-06 01:45:34,E,E_autoselect_A,"{""picked"": ""A_efficientnet_b0_mlp""}",T4,1,4,,0.4166,,,,False,selection by inner score
2026-10-06 01:45:34,E,E_autoselect_A,"{""picked"": ""A_biomedclip_lgbm""}",T4,2,0,,0.4259,,,,False,selection by inner score
2026-10-06 01:45:34,E,E_autoselect_A,"{""picked"": ""A_efficientnet_b0_logreg""}",T4,2,1,,0.4026,,,,False,selection by inner score
2026-10-06 01:45:34,E,E_autoselect_A,"{""picked"": ""A_efficientnet_b0_lgbm""}",T4,2,2,,0.4452,,,,False,selection by inner score
2026-10-06 01:45:34,E,E_autoselect_A,"{""picked"": ""A_biomedclip_linsvm""}",T4,2,3,,0.4523,,,,False,selection by inner score
2026-10-06 01:45:34,E,E_autoselect_A,"{""picked"": ""A_biomedclip_logreg""}",T4,2,4,,0.4099,,,,False,selection by inner score
2026-10-06 01:45:40,A,A_biomedclip_mlp,"{""grid"": {""alpha"": 0.1}, ""agg"": ""top8""}",T4,0,0,0,0.3261,0.5917,0.5754,213.7,False,
2026-10-06 01:45:40,A,A_biomedclip_mlp,"{""grid"": {""alpha"": 0.1}, ""agg"": ""top8""}",T4,0,1,1,0.3802,0.2835,0.3048,215.1,False,
2026-10-06 01:45:40,A,A_biomedclip_mlp,"{""grid"": {""alpha"": 0.1}, ""agg"": ""mean""}",T4,0,2,2,0.3643,0.4719,0.5006,267.0,False,
2026-10-06 01:45:40,A,A_biomedclip_mlp,"{""grid"": {""alpha"": 1.0}, ""agg"": ""top8""}",T4,0,3,3,0.3598,0.3023,0.3439,200.7,False,
2026-10-06 01:45:40,A,A_biomedclip_mlp,"{""grid"": {""alpha"": 0.1}, ""agg"": ""median""}",T4,0,4,4,0.3561,0.2998,0.3179,271.1,False,
2026-10-06 01:45:40,A,A_biomedclip_mlp,"{""grid"": {""alpha"": 1.0}, ""agg"": ""median""}",T4,1,0,1000,0.4438,0.3768,0.3675,206.0,False,
2026-10-06 01:45:40,A,A_biomedclip_mlp,"{""grid"": {""alpha"": 1.0}, ""agg"": ""logmean""}",T4,1,1,1001,0.3494,0.3704,0.3721,206.1,False,
2026-10-06 01:45:41,A,A_biomedclip_mlp,"{""grid"": {""alpha"": 0.1}, ""agg"": ""median""}",T4,1,2,1002,0.3743,0.4958,0.4889,212.7,False,
2026-10-06 01:45:41,A,A_biomedclip_mlp,"{""grid"": {""alpha"": 1.0}, ""agg"": ""median""}",T4,1,3,1003,0.385,0.5667,0.5667,258.6,False,
2026-10-06 01:45:41,A,A_biomedclip_mlp,"{""grid"": {""alpha"": 0.1}, ""agg"": ""top8""}",T4,1,4,1004,0.3494,0.3587,0.3625,240.9,False,
2026-10-06 01:45:41,A,A_biomedclip_mlp,"{""grid"": {""alpha"": 1.0}, ""agg"": ""learned""}",T4,2,0,2000,0.3718,0.3333,0.328,167.1,False,
2026-10-06 01:45:41,A,A_biomedclip_mlp,"{""grid"": {""alpha"": 1.0}, ""agg"": ""top8""}",T4,2,1,2001,0.3414,0.4173,0.4163,146.5,False,
2026-10-06 01:45:41,A,A_biomedclip_mlp,"{""grid"": {""alpha"": 0.1}, ""agg"": ""learned""}",T4,2,2,2002,0.3688,0.5364,0.5262,140.4,False,
2026-10-06 01:45:41,A,A_biomedclip_mlp,"{""grid"": {""alpha"": 1.0}, ""agg"": ""trimmed""}",T4,2,3,2003,0.3607,0.5152,0.5167,135.0,False,
2026-10-06 01:45:41,A,A_biomedclip_mlp,"{""grid"": {""alpha"": 0.1}, ""agg"": ""mean""}",T4,2,4,2004,0.326,0.4428,0.4683,114.7,False,
2026-10-06 01:46:17,B,B_mil_max_biomedclip,"{""hidden"": 64, ""dropout"": 0.25, ""slice_drop"": 0.3, ""wd"": 0.0001, ""epochs"": 18, ""T"": 1.024, ""train_patient_mF1"": 0.8708}",T3,0,2,2,0.4838,0.4009,0.431,212.8,False,16 configs x 3 inner folds
2026-10-06 01:49:03,B,B_mil_max_biomedclip,"{""hidden"": 128, ""dropout"": 0.25, ""slice_drop"": 0.0, ""wd"": 0.0001, ""epochs"": 15, ""T"": 1.024, ""train_patient_mF1"": 0.8757}",T3,0,3,3,0.5293,0.474,0.4883,166.0,False,16 configs x 3 inner folds
2026-10-06 01:50:36,B,B_mil_max_biomedclip,"{""hidden"": 64, ""dropout"": 0.5, ""slice_drop"": 0.3, ""wd"": 0.0001, ""epochs"": 28, ""T"": 0.858, ""train_patient_mF1"": 0.9365}",T3,0,4,4,0.5048,0.4333,0.4397,92.2,False,16 configs x 3 inner folds
2026-10-06 01:51:30,B,B_mil_max_biomedclip,"{""hidden"": 64, ""dropout"": 0.25, ""slice_drop"": 0.3, ""wd"": 0.01, ""epochs"": 50, ""T"": 0.858, ""train_patient_mF1"": 1.0}",T3,1,0,1000,0.6036,0.4664,0.454,54.3,False,16 configs x 3 inner folds
2026-10-06 01:52:20,B,B_mil_max_biomedclip,"{""hidden"": 64, ""dropout"": 0.25, ""slice_drop"": 0.0, ""wd"": 0.0001, ""epochs"": 29, ""T"": 0.91, ""train_patient_mF1"": 0.9448}",T3,1,1,1001,0.5537,0.6398,0.6295,50.2,False,16 configs x 3 inner folds
2026-10-06 01:52:59,B,B_mil_max_biomedclip,"{""hidden"": 64, ""dropout"": 0.5, ""slice_drop"": 0.0, ""wd"": 0.0001, ""epochs"": 22, ""T"": 0.72, ""train_patient_mF1"": 0.9163}",T3,1,2,1002,0.554,0.4779,0.4778,38.6,False,16 configs x 3 inner folds
2026-10-06 01:53:18,B,B_mil_max_biomedclip,"{""hidden"": 64, ""dropout"": 0.25, ""slice_drop"": 0.0, ""wd"": 0.0001, ""epochs"": 23, ""T"": 0.763, ""train_patient_mF1"": 0.9079}",T3,1,3,1003,0.548,0.3873,0.3817,19.6,False,16 configs x 3 inner folds
2026-10-06 01:53:37,B,B_mil_max_biomedclip,"{""hidden"": 128, ""dropout"": 0.5, ""slice_drop"": 0.0, ""wd"": 0.0001, ""epochs"": 27, ""T"": 0.91, ""train_patient_mF1"": 1.0}",T3,1,4,1004,0.5222,0.5424,0.5333,19.2,False,16 configs x 3 inner folds
2026-10-06 01:53:54,B,B_mil_max_biomedclip,"{""hidden"": 64, ""dropout"": 0.25, ""slice_drop"": 0.0, ""wd"": 0.0001, ""epochs"": 15, ""T"": 0.72, ""train_patient_mF1"": 0.8083}",T3,2,0,2000,0.5334,0.3738,0.3659,16.8,False,16 configs x 3 inner folds
2026-10-06 01:54:10,B,B_mil_max_biomedclip,"{""hidden"": 64, ""dropout"": 0.5, ""slice_drop"": 0.0, ""wd"": 0.0001, ""epochs"": 18, ""T"": 0.679, ""train_patient_mF1"": 0.8623}",T3,2,1,2001,0.4932,0.5325,0.5449,16.1,False,16 configs x 3 inner folds
2026-10-06 01:54:24,C,C_ft_effb0_partial_ema_mixup,"{""arch"": ""efficientnet_b0"", ""image_size"": 224, ""batch_size"": 32, ""epochs"": 25, ""lr_head"": 0.0003, ""lr_blocks"": 0.0001, ""weight_decay"": 0.01, ""unfreeze_stages"": 2, ""ema"": 0.999, ""mixup"": 0.2, ""aug_strength"": 1.0, ""warmup_epochs"": 1, ""patience"": 6, ""dropout"": 0.3, ""train_patient_mF1"": 0.8248, ""best_epoch"": 17}",T3,1,3,1003,0.5381,0.4758,0.5563,561.2,False,
2026-10-06 01:54:25,B,B_mil_max_biomedclip,"{""hidden"": 64, ""dropout"": 0.25, ""slice_drop"": 0.3, ""wd"": 0.0001, ""epochs"": 24, ""T"": 1.024, ""train_patient_mF1"": 0.8763}",T3,2,2,2002,0.5138,0.6036,0.6222,14.9,False,16 configs x 3 inner folds
2026-10-06 01:54:44,B,B_mil_max_biomedclip,"{""hidden"": 128, ""dropout"": 0.25, ""slice_drop"": 0.3, ""wd"": 0.0001, ""epochs"": 17, ""T"": 0.858, ""train_patient_mF1"": 0.8716}",T3,2,3,2003,0.5575,0.5852,0.6389,18.5,False,16 configs x 3 inner folds
2026-10-06 01:55:04,B,B_mil_max_biomedclip,"{""hidden"": 64, ""dropout"": 0.5, ""slice_drop"": 0.3, ""wd"": 0.0001, ""epochs"": 36, ""T"": 0.809, ""train_patient_mF1"": 0.961}",T3,2,4,2004,0.5368,0.5341,0.5317,20.4,False,16 configs x 3 inner folds
2026-10-06 01:55:58,B,B_mil_mean_resnet50_coral,"{""hidden"": 128, ""dropout"": 0.25, ""slice_drop"": 0.3, ""wd"": 0.0001, ""epochs"": 20, ""T"": 0.91, ""train_patient_mF1"": 0.8588}",T3,0,0,0,0.5112,0.5149,0.5183,32.9,False,16 configs x 3 inner folds
2026-10-06 01:56:38,B,B_mil_mean_resnet50_coral,"{""hidden"": 64, ""dropout"": 0.25, ""slice_drop"": 0.3, ""wd"": 0.0001, ""epochs"": 50, ""T"": 0.965, ""train_patient_mF1"": 0.9199}",T3,0,1,1,0.5212,0.404,0.3992,40.5,False,16 configs x 3 inner folds
2026-10-06 01:57:07,B,B_mil_mean_resnet50_coral,"{""hidden"": 128, ""dropout"": 0.25, ""slice_drop"": 0.0, ""wd"": 0.0001, ""epochs"": 17, ""T"": 1.086, ""train_patient_mF1"": 0.8278}",T3,0,2,2,0.4857,0.5434,0.5586,28.8,False,16 configs x 3 inner folds
2026-10-06 01:57:33,C,C_ft_effb0_partial_ema_mixup,"{""arch"": ""efficientnet_b0"", ""image_size"": 224, ""batch_size"": 32, ""epochs"": 25, ""lr_head"": 0.0003, ""lr_blocks"": 0.0001, ""weight_decay"": 0.01, ""unfreeze_stages"": 2, ""ema"": 0.999, ""mixup"": 0.2, ""aug_strength"": 1.0, ""warmup_epochs"": 1, ""patience"": 6, ""dropout"": 0.3, ""train_patient_mF1"": 0.6481, ""best_epoch"": 9}",T3,1,4,1004,0.4944,0.4554,0.5333,189.2,False,
2026-10-06 01:57:38,B,B_mil_mean_resnet50_coral,"{""hidden"": 128, ""dropout"": 0.25, ""slice_drop"": 0.3, ""wd"": 0.0001, ""epochs"": 29, ""T"": 0.91, ""train_patient_mF1"": 0.8697}",T3,0,3,3,0.5578,0.4239,0.4485,30.6,False,16 configs x 3 inner folds
2026-10-06 01:58:06,B,B_mil_mean_resnet50_coral,"{""hidden"": 128, ""dropout"": 0.25, ""slice_drop"": 0.0, ""wd"": 0.0001, ""epochs"": 29, ""T"": 0.965, ""train_patient_mF1"": 0.8898}",T3,0,4,4,0.4618,0.5314,0.5349,28.8,False,16 configs x 3 inner folds
2026-10-06 01:58:32,B,B_mil_mean_resnet50_coral,"{""hidden"": 64, ""dropout"": 0.5, ""slice_drop"": 0.3, ""wd"": 0.0001, ""epochs"": 38, ""T"": 0.91, ""train_patient_mF1"": 0.9011}",T3,1,0,1000,0.5613,0.422,0.4452,26.0,False,16 configs x 3 inner folds
2026-10-06 01:59:02,B,B_mil_mean_resnet50_coral,"{""hidden"": 64, ""dropout"": 0.25, ""slice_drop"": 0.3, ""wd"": 0.0001, ""epochs"": 26, ""T"": 0.965, ""train_patient_mF1"": 0.8635}",T3,1,1,1001,0.5179,0.5599,0.5705,29.3,False,16 configs x 3 inner folds
2026-10-06 01:59:42,B,B_mil_mean_resnet50_coral,"{""hidden"": 128, ""dropout"": 0.25, ""slice_drop"": 0.3, ""wd"": 0.0001, ""epochs"": 31, ""T"": 0.91, ""train_patient_mF1"": 0.9261}",T3,1,2,1002,0.539,0.4641,0.4683,40.3,False,16 configs x 3 inner folds
2026-10-06 02:00:21,B,B_mil_mean_resnet50_coral,"{""hidden"": 128, ""dropout"": 0.5, ""slice_drop"": 0.0, ""wd"": 0.0001, ""epochs"": 26, ""T"": 1.024, ""train_patient_mF1"": 0.891}",T3,1,3,1003,0.5154,0.5463,0.6135,38.5,False,16 configs x 3 inner folds
2026-10-06 02:00:56,B,B_mil_mean_resnet50_coral,"{""hidden"": 128, ""dropout"": 0.25, ""slice_drop"": 0.0, ""wd"": 0.0001, ""epochs"": 35, ""T"": 1.086, ""train_patient_mF1"": 0.9225}",T3,1,4,1004,0.5211,0.502,0.5278,35.8,False,16 configs x 3 inner folds
2026-10-06 02:01:25,C,C_ft_effb0_partial_ema_mixup,"{""arch"": ""efficientnet_b0"", ""image_size"": 224, ""batch_size"": 32, ""epochs"": 25, ""lr_head"": 0.0003, ""lr_blocks"": 0.0001, ""weight_decay"": 0.01, ""unfreeze_stages"": 2, ""ema"": 0.999, ""mixup"": 0.2, ""aug_strength"": 1.0, ""warmup_epochs"": 1, ""patience"": 6, ""dropout"": 0.3, ""train_patient_mF1"": 0.7655, ""best_epoch"": 11}",T3,2,0,2000,0.5576,0.3854,0.3835,232.1,False,
2026-10-06 02:01:30,B,B_mil_mean_resnet50_coral,"{""hidden"": 64, ""dropout"": 0.5, ""slice_drop"": 0.0, ""wd"": 0.0001, ""epochs"": 32, ""T"": 0.858, ""train_patient_mF1"": 0.8413}",T3,2,0,2000,0.5378,0.4816,0.4787,33.7,False,16 configs x 3 inner folds
2026-10-06 02:02:14,B,B_mil_mean_resnet50_coral,"{""hidden"": 128, ""dropout"": 0.5, ""slice_drop"": 0.3, ""wd"": 0.0001, ""epochs"": 25, ""T"": 0.965, ""train_patient_mF1"": 0.8494}",T3,2,1,2001,0.5014,0.5609,0.5927,44.1,False,16 configs x 3 inner folds
2026-10-06 02:03:14,B,B_mil_mean_resnet50_coral,"{""hidden"": 128, ""dropout"": 0.5, ""slice_drop"": 0.3, ""wd"": 0.01, ""epochs"": 25, ""T"": 0.91, ""train_patient_mF1"": 0.8595}",T3,2,2,2002,0.4281,0.4729,0.477,60.0,False,16 configs x 3 inner folds
2026-10-06 02:04:01,B,B_mil_mean_resnet50_coral,"{""hidden"": 64, ""dropout"": 0.5, ""slice_drop"": 0.0, ""wd"": 0.0001, ""epochs"": 46, ""T"": 1.024, ""train_patient_mF1"": 0.909}",T3,2,3,2003,0.5347,0.5284,0.5389,47.1,False,16 configs x 3 inner folds
2026-10-06 02:04:35,B,B_mil_mean_resnet50_coral,"{""hidden"": 128, ""dropout"": 0.25, ""slice_drop"": 0.0, ""wd"": 0.0001, ""epochs"": 21, ""T"": 0.965, ""train_patient_mF1"": 0.8853}",T3,2,4,2004,0.4895,0.5653,0.5556,33.4,False,16 configs x 3 inner folds
2026-10-06 02:05:08,C,C_ft_effb0_partial_ema_mixup,"{""arch"": ""efficientnet_b0"", ""image_size"": 224, ""batch_size"": 32, ""epochs"": 25, ""lr_head"": 0.0003, ""lr_blocks"": 0.0001, ""weight_decay"": 0.01, ""unfreeze_stages"": 2, ""ema"": 0.999, ""mixup"": 0.2, ""aug_strength"": 1.0, ""warmup_epochs"": 1, ""patience"": 6, ""dropout"": 0.3, ""train_patient_mF1"": 0.706, ""best_epoch"": 8}",T3,2,1,2001,0.4896,0.4786,0.5325,222.9,False,
2026-10-06 02:05:21,E,E_autoselect_AB,"{""picked"": ""A_resnet50_25d_logreg""}",T3,0,0,,0.5594,,,,False,selection by inner score
2026-10-06 02:05:22,E,E_autoselect_AB,"{""picked"": ""A_resnet50_25d_logreg""}",T3,0,1,,0.6028,,,,False,selection by inner score
2026-10-06 02:05:22,E,E_autoselect_AB,"{""picked"": ""B_mil_attn_biomedclip""}",T3,0,2,,0.5619,,,,False,selection by inner score
2026-10-06 02:05:22,E,E_autoselect_AB,"{""picked"": ""A_resnet50_linsvm""}",T3,0,3,,0.5726,,,,False,selection by inner score
2026-10-06 02:05:22,E,E_autoselect_AB,"{""picked"": ""A_dinov2_vits14_25d_logreg""}",T3,0,4,,0.5403,,,,False,selection by inner score
2026-10-06 02:05:22,E,E_autoselect_AB,"{""picked"": ""B_mil_max_biomedclip""}",T3,1,0,,0.6036,,,,False,selection by inner score
2026-10-06 02:05:22,E,E_autoselect_AB,"{""picked"": ""B_mil_max_biomedclip""}",T3,1,1,,0.5537,,,,False,selection by inner score
2026-10-06 02:05:22,E,E_autoselect_AB,"{""picked"": ""A_resnet50_25d_logreg""}",T3,1,2,,0.5926,,,,False,selection by inner score
2026-10-06 02:05:22,E,E_autoselect_AB,"{""picked"": ""A_resnet50_mlp""}",T3,1,3,,0.558,,,,False,selection by inner score
2026-10-06 02:05:22,E,E_autoselect_AB,"{""picked"": ""A_resnet50_linsvm""}",T3,1,4,,0.5732,,,,False,selection by inner score
2026-10-06 02:05:22,E,E_autoselect_AB,"{""picked"": ""A_resnet50_linsvm""}",T3,2,0,,0.5844,,,,False,selection by inner score
2026-10-06 02:05:22,E,E_autoselect_AB,"{""picked"": ""A_resnet50_25d_logreg""}",T3,2,1,,0.5605,,,,False,selection by inner score
2026-10-06 02:05:22,E,E_autoselect_AB,"{""picked"": ""A_efficientnet_b0_mlp""}",T3,2,2,,0.5618,,,,False,selection by inner score
2026-10-06 02:05:22,E,E_autoselect_AB,"{""picked"": ""A_efficientnet_b0_25d_logreg""}",T3,2,3,,0.601,,,,False,selection by inner score
2026-10-06 02:05:22,E,E_autoselect_AB,"{""picked"": ""A_resnet50_lgbm""}",T3,2,4,,0.5447,,,,False,selection by inner score
2026-10-06 02:08:46,sens,A_resnet50_25d_logreg_strict,"{""grid"": {""C"": 0.001}, ""agg"": ""trimmed""}",T3,0,0,0,0.5281,0.5777,0.5984,65.4,False,
2026-10-06 02:08:46,sens,A_resnet50_25d_logreg_strict,"{""grid"": {""C"": 0.001}, ""agg"": ""top8""}",T3,0,1,1,0.5361,0.5737,0.6056,63.9,False,
2026-10-06 02:08:46,sens,A_resnet50_25d_logreg_strict,"{""grid"": {""C"": 0.01}, ""agg"": ""mean""}",T3,0,2,2,0.5062,0.5201,0.5357,69.6,False,
2026-10-06 02:08:46,sens,A_resnet50_25d_logreg_strict,"{""grid"": {""C"": 0.001}, ""agg"": ""mean""}",T3,0,3,3,0.6133,0.4846,0.5317,62.7,False,
2026-10-06 02:08:46,sens,A_resnet50_25d_logreg_strict,"{""grid"": {""C"": 0.1}, ""agg"": ""trimmed""}",T3,0,4,4,0.5551,0.5786,0.5852,65.6,False,
2026-10-06 02:08:46,sens,A_resnet50_25d_logreg_strict,"{""grid"": {""C"": 0.01}, ""agg"": ""mean""}",T3,1,0,1000,0.499,0.5161,0.5452,63.3,False,
2026-10-06 02:08:46,sens,A_resnet50_25d_logreg_strict,"{""grid"": {""C"": 0.01}, ""agg"": ""learned""}",T3,1,1,1001,0.4882,0.4222,0.5124,65.1,False,
2026-10-06 02:08:46,sens,A_resnet50_25d_logreg_strict,"{""grid"": {""C"": 0.1}, ""agg"": ""mean""}",T3,1,2,1002,0.589,0.469,0.4722,65.0,False,
2026-10-06 02:08:46,sens,A_resnet50_25d_logreg_strict,"{""grid"": {""C"": 0.001}, ""agg"": ""top8""}",T3,1,3,1003,0.5636,0.5065,0.5262,51.6,False,
2026-10-06 02:08:46,sens,A_resnet50_25d_logreg_strict,"{""grid"": {""C"": 0.001}, ""agg"": ""median""}",T3,1,4,1004,0.5855,0.4008,0.4106,52.6,False,
2026-10-06 02:08:46,sens,A_resnet50_25d_logreg_strict,"{""grid"": {""C"": 0.001}, ""agg"": ""top8""}",T3,2,0,2000,0.5555,0.5274,0.5452,53.9,False,
2026-10-06 02:08:46,sens,A_resnet50_25d_logreg_strict,"{""grid"": {""C"": 0.001}, ""agg"": ""mean""}",T3,2,1,2001,0.5359,0.4935,0.5095,54.1,False,
2026-10-06 02:08:46,sens,A_resnet50_25d_logreg_strict,"{""grid"": {""C"": 0.01}, ""agg"": ""learned""}",T3,2,2,2002,0.5812,0.5819,0.6439,56.5,False,
2026-10-06 02:08:46,sens,A_resnet50_25d_logreg_strict,"{""grid"": {""C"": 0.01}, ""agg"": ""median""}",T3,2,3,2003,0.4894,0.5881,0.5976,54.7,False,
2026-10-06 02:08:46,sens,A_resnet50_25d_logreg_strict,"{""grid"": {""C"": 0.1}, ""agg"": ""trimmed""}",T3,2,4,2004,0.5331,0.6206,0.665,54.8,False,
2026-10-06 02:10:47,C,C_ft_effb0_partial_ema_mixup,"{""arch"": ""efficientnet_b0"", ""image_size"": 224, ""batch_size"": 32, ""epochs"": 25, ""lr_head"": 0.0003, ""lr_blocks"": 0.0001, ""weight_decay"": 0.01, ""unfreeze_stages"": 2, ""ema"": 0.999, ""mixup"": 0.2, ""aug_strength"": 1.0, ""warmup_epochs"": 1, ""patience"": 6, ""dropout"": 0.3, ""train_patient_mF1"": 0.8101, ""best_epoch"": 12}",T3,2,2,2002,0.4629,0.5484,0.5714,338.7,False,
2026-10-06 02:13:29,C,C_ft_effb0_partial_ema_mixup,"{""arch"": ""efficientnet_b0"", ""image_size"": 224, ""batch_size"": 32, ""epochs"": 25, ""lr_head"": 0.0003, ""lr_blocks"": 0.0001, ""weight_decay"": 0.01, ""unfreeze_stages"": 2, ""ema"": 0.999, ""mixup"": 0.2, ""aug_strength"": 1.0, ""warmup_epochs"": 1, ""patience"": 6, ""dropout"": 0.3, ""train_patient_mF1"": 0.7, ""best_epoch"": 8}",T3,2,3,2003,0.5059,0.5046,0.6,162.1,False,
2026-10-06 02:16:03,C,C_ft_effb0_partial_ema_mixup,"{""arch"": ""efficientnet_b0"", ""image_size"": 224, ""batch_size"": 32, ""epochs"": 25, ""lr_head"": 0.0003, ""lr_blocks"": 0.0001, ""weight_decay"": 0.01, ""unfreeze_stages"": 2, ""ema"": 0.999, ""mixup"": 0.2, ""aug_strength"": 1.0, ""warmup_epochs"": 1, ""patience"": 6, ""dropout"": 0.3, ""train_patient_mF1"": 0.8223, ""best_epoch"": 11}",T3,2,4,2004,0.4594,0.6985,0.6905,153.6,False,
2026-10-06 02:18:10,baseline,B_ft_resnet18_strict,"{""image_size"": 224, ""batch_size"": 64, ""epochs"": 25, ""lr"": 0.0003, ""backbone_lr_mult"": 0.1, ""weight_decay"": 0.0001, ""dropout"": 0.2, ""freeze_epochs"": 3, ""warmup_epochs"": 1, ""aug_strength"": 1.0, ""patience"": 6, ""arch"": ""resnet18"", ""train_patient_mF1"": 0.5728, ""innerval_patient_mF1"": 0.3088, ""best_epoch"": 3}",T3,0,0,0,0.3088,0.7032,0.7667,97.4,False,
2026-10-06 02:19:18,baseline,B_ft_resnet18_strict,"{""image_size"": 224, ""batch_size"": 64, ""epochs"": 25, ""lr"": 0.0003, ""backbone_lr_mult"": 0.1, ""weight_decay"": 0.0001, ""dropout"": 0.2, ""freeze_epochs"": 3, ""warmup_epochs"": 1, ""aug_strength"": 1.0, ""patience"": 6, ""arch"": ""resnet18"", ""train_patient_mF1"": 0.3497, ""innerval_patient_mF1"": 0.2199, ""best_epoch"": 1}",T3,0,1,1,0.2199,0.3939,0.5444,67.6,False,
2026-10-06 02:21:02,baseline,B_ft_resnet18_strict,"{""image_size"": 224, ""batch_size"": 64, ""epochs"": 25, ""lr"": 0.0003, ""backbone_lr_mult"": 0.1, ""weight_decay"": 0.0001, ""dropout"": 0.2, ""freeze_epochs"": 3, ""warmup_epochs"": 1, ""aug_strength"": 1.0, ""patience"": 6, ""arch"": ""resnet18"", ""train_patient_mF1"": 0.7846, ""innerval_patient_mF1"": 0.6152, ""best_epoch"": 4}",T3,0,2,2,0.6152,0.3444,0.3698,104.3,False,
2026-10-06 02:22:58,baseline,B_ft_resnet18_strict,"{""image_size"": 224, ""batch_size"": 64, ""epochs"": 25, ""lr"": 0.0003, ""backbone_lr_mult"": 0.1, ""weight_decay"": 0.0001, ""dropout"": 0.2, ""freeze_epochs"": 3, ""warmup_epochs"": 1, ""aug_strength"": 1.0, ""patience"": 6, ""arch"": ""resnet18"", ""train_patient_mF1"": 0.7762, ""innerval_patient_mF1"": 0.564, ""best_epoch"": 5}",T3,0,3,3,0.564,0.5078,0.531,115.5,False,
2026-10-06 02:24:42,baseline,B_ft_resnet18_strict,"{""image_size"": 224, ""batch_size"": 64, ""epochs"": 25, ""lr"": 0.0003, ""backbone_lr_mult"": 0.1, ""weight_decay"": 0.0001, ""dropout"": 0.2, ""freeze_epochs"": 3, ""warmup_epochs"": 1, ""aug_strength"": 1.0, ""patience"": 6, ""arch"": ""resnet18"", ""train_patient_mF1"": 0.7359, ""innerval_patient_mF1"": 0.4982, ""best_epoch"": 4}",T3,0,4,4,0.4982,0.4548,0.4695,104.2,False,
2026-10-06 02:26:02,baseline,B_ft_resnet18_strict,"{""image_size"": 224, ""batch_size"": 64, ""epochs"": 25, ""lr"": 0.0003, ""backbone_lr_mult"": 0.1, ""weight_decay"": 0.0001, ""dropout"": 0.2, ""freeze_epochs"": 3, ""warmup_epochs"": 1, ""aug_strength"": 1.0, ""patience"": 6, ""arch"": ""resnet18"", ""train_patient_mF1"": 0.509, ""innerval_patient_mF1"": 0.4013, ""best_epoch"": 2}",T3,1,0,1000,0.4013,0.5585,0.5603,80.1,False,
2026-10-06 02:27:34,baseline,B_ft_resnet18_strict,"{""image_size"": 224, ""batch_size"": 64, ""epochs"": 25, ""lr"": 0.0003, ""backbone_lr_mult"": 0.1, ""weight_decay"": 0.0001, ""dropout"": 0.2, ""freeze_epochs"": 3, ""warmup_epochs"": 1, ""aug_strength"": 1.0, ""patience"": 6, ""arch"": ""resnet18"", ""train_patient_mF1"": 0.5349, ""innerval_patient_mF1"": 0.4446, ""best_epoch"": 3}",T3,1,1,1001,0.4446,0.5012,0.5017,91.7,False,
2026-10-06 02:29:17,baseline,B_ft_resnet18_strict,"{""image_size"": 224, ""batch_size"": 64, ""epochs"": 25, ""lr"": 0.0003, ""backbone_lr_mult"": 0.1, ""weight_decay"": 0.0001, ""dropout"": 0.2, ""freeze_epochs"": 3, ""warmup_epochs"": 1, ""aug_strength"": 1.0, ""patience"": 6, ""arch"": ""resnet18"", ""train_patient_mF1"": 0.5768, ""innerval_patient_mF1"": 0.5464, ""best_epoch"": 4}",T3,1,2,1002,0.5464,0.4864,0.5778,103.2,False,
2026-10-06 02:31:02,baseline,B_ft_resnet18_strict,"{""image_size"": 224, ""batch_size"": 64, ""epochs"": 25, ""lr"": 0.0003, ""backbone_lr_mult"": 0.1, ""weight_decay"": 0.0001, ""dropout"": 0.2, ""freeze_epochs"": 3, ""warmup_epochs"": 1, ""aug_strength"": 1.0, ""patience"": 6, ""arch"": ""resnet18"", ""train_patient_mF1"": 0.7514, ""innerval_patient_mF1"": 0.5245, ""best_epoch"": 4}",T3,1,3,1003,0.5245,0.5,0.5032,104.6,False,
2026-10-06 02:32:34,baseline,B_ft_resnet18_strict,"{""image_size"": 224, ""batch_size"": 64, ""epochs"": 25, ""lr"": 0.0003, ""backbone_lr_mult"": 0.1, ""weight_decay"": 0.0001, ""dropout"": 0.2, ""freeze_epochs"": 3, ""warmup_epochs"": 1, ""aug_strength"": 1.0, ""patience"": 6, ""arch"": ""resnet18"", ""train_patient_mF1"": 0.4843, ""innerval_patient_mF1"": 0.4608, ""best_epoch"": 3}",T3,1,4,1004,0.4608,0.4611,0.5217,91.6,False,
2026-10-06 02:33:55,baseline,B_ft_resnet18_strict,"{""image_size"": 224, ""batch_size"": 64, ""epochs"": 25, ""lr"": 0.0003, ""backbone_lr_mult"": 0.1, ""weight_decay"": 0.0001, ""dropout"": 0.2, ""freeze_epochs"": 3, ""warmup_epochs"": 1, ""aug_strength"": 1.0, ""patience"": 6, ""arch"": ""resnet18"", ""train_patient_mF1"": 0.5731, ""innerval_patient_mF1"": 0.4751, ""best_epoch"": 2}",T3,2,0,2000,0.4751,0.3887,0.4571,80.7,False,
2026-10-06 02:35:52,baseline,B_ft_resnet18_strict,"{""image_size"": 224, ""batch_size"": 64, ""epochs"": 25, ""lr"": 0.0003, ""backbone_lr_mult"": 0.1, ""weight_decay"": 0.0001, ""dropout"": 0.2, ""freeze_epochs"": 3, ""warmup_epochs"": 1, ""aug_strength"": 1.0, ""patience"": 6, ""arch"": ""resnet18"", ""train_patient_mF1"": 0.7835, ""innerval_patient_mF1"": 0.4897, ""best_epoch"": 5}",T3,2,1,2001,0.4897,0.5195,0.5302,117.4,False,
2026-10-06 02:37:14,baseline,B_ft_resnet18_strict,"{""image_size"": 224, ""batch_size"": 64, ""epochs"": 25, ""lr"": 0.0003, ""backbone_lr_mult"": 0.1, ""weight_decay"": 0.0001, ""dropout"": 0.2, ""freeze_epochs"": 3, ""warmup_epochs"": 1, ""aug_strength"": 1.0, ""patience"": 6, ""arch"": ""resnet18"", ""train_patient_mF1"": 0.5695, ""innerval_patient_mF1"": 0.4214, ""best_epoch"": 2}",T3,2,2,2002,0.4214,0.5072,0.4947,81.6,False,
2026-10-06 02:39:12,baseline,B_ft_resnet18_strict,"{""image_size"": 224, ""batch_size"": 64, ""epochs"": 25, ""lr"": 0.0003, ""backbone_lr_mult"": 0.1, ""weight_decay"": 0.0001, ""dropout"": 0.2, ""freeze_epochs"": 3, ""warmup_epochs"": 1, ""aug_strength"": 1.0, ""patience"": 6, ""arch"": ""resnet18"", ""train_patient_mF1"": 0.8319, ""innerval_patient_mF1"": 0.5426, ""best_epoch"": 5}",T3,2,3,2003,0.5426,0.6026,0.6063,118.3,False,
2026-10-06 02:41:12,baseline,B_ft_resnet18_strict,"{""image_size"": 224, ""batch_size"": 64, ""epochs"": 25, ""lr"": 0.0003, ""backbone_lr_mult"": 0.1, ""weight_decay"": 0.0001, ""dropout"": 0.2, ""freeze_epochs"": 3, ""warmup_epochs"": 1, ""aug_strength"": 1.0, ""patience"": 6, ""arch"": ""resnet18"", ""train_patient_mF1"": 0.8434, ""innerval_patient_mF1"": 0.7172, ""best_epoch"": 5}",T3,2,4,2004,0.7172,0.5897,0.5962,119.7,False,
